{
"type": "FeatureCollection",
"name": "Rzecin_corrected",
"bbox": [ 16.3002022, 52.7580284, 0.0000000, 16.3222054, 52.7676958, 0.0000000 ],                                                  
"features": [
{ "type": "Feature", "properties": { "OID_": 0, "Name": "Rzecin", "FolderPath": "Rzecin_corrected.kml", "SymbolID": 0, "AltMode": 0, "Base": 0.0, "Clamped": -1, "Extruded": 0, "Snippet": null, "PopupInfo": null, "Shape_Leng": 0.066845521697599997, "Shape_Area": 0.90000338944799996 }, "bbox": [ 16.3002022, 52.7580284, 0.0, 16.3222054, 52.7676958, 0.0 ], "geometry": { "type": "Polygon", "coordinates": [ [ [ 16.3206714, 52.7580927, 0.0 ], [ 16.3207049, 52.7581036, 0.0 ], [ 16.3207249, 52.758117, 0.0 ], [ 16.3207388, 52.7581298, 0.0 ], [ 16.3207514, 52.7581463, 0.0 ], [ 16.3207578, 52.7581622, 0.0 ], [ 16.3207643, 52.7581782, 0.0 ], [ 16.320768, 52.7582016, 0.0 ], [ 16.3207745, 52.7582177, 0.0 ], [ 16.320781, 52.7582339, 0.0 ], [ 16.3207876, 52.7582501, 0.0 ], [ 16.3208004, 52.758267, 0.0 ], [ 16.3208008, 52.7582827, 0.0 ], [ 16.3208136, 52.7582997, 0.0 ], [ 16.3208279, 52.7583129, 0.0 ], [ 16.3208375, 52.7583217, 0.0 ], [ 16.3208552, 52.7583433, 0.0 ], [ 16.3208696, 52.7583566, 0.0 ], [ 16.320875, 52.7583771, 0.0 ], [ 16.3208866, 52.7583982, 0.0 ], [ 16.320892, 52.758419, 0.0 ], [ 16.3208939, 52.7584313, 0.0 ], [ 16.3209041, 52.7584568, 0.0 ], [ 16.3209018, 52.758481, 0.0 ], [ 16.3209009, 52.7585014, 0.0 ], [ 16.3209015, 52.758518, 0.0 ], [ 16.3209006, 52.7585385, 0.0 ], [ 16.3209012, 52.7585552, 0.0 ], [ 16.3209017, 52.7585719, 0.0 ], [ 16.3209023, 52.7585887, 0.0 ], [ 16.3209043, 52.7586015, 0.0 ], [ 16.3209098, 52.7586231, 0.0 ], [ 16.320904, 52.7586393, 0.0 ], [ 16.3209045, 52.7586563, 0.0 ], [ 16.3209101, 52.7586782, 0.0 ], [ 16.3209092, 52.7586994, 0.0 ], [ 16.3209162, 52.7587173, 0.0 ], [ 16.3209232, 52.7587353, 0.0 ], [ 16.3209224, 52.7587567, 0.0 ], [ 16.3209294, 52.7587748, 0.0 ], [ 16.3209315, 52.7587881, 0.0 ], [ 16.3209386, 52.7588063, 0.0 ], [ 16.3209443, 52.7588288, 0.0 ], [ 16.320945, 52.7588464, 0.0 ], [ 16.3209521, 52.7588649, 0.0 ], [ 16.3209513, 52.7588869, 0.0 ], [ 16.320952, 52.7589048, 0.0 ], [ 16.3209643, 52.7589284, 0.0 ], [ 16.3209716, 52.7589471, 0.0 ], [ 16.3209789, 52.7589659, 0.0 ], [ 16.3209913, 52.7589898, 0.0 ], [ 16.3209987, 52.7590087, 0.0 ], [ 16.3210061, 52.7590277, 0.0 ], [ 16.3210187, 52.7590519, 0.0 ], [ 16.3210328, 52.7590717, 0.0 ], [ 16.3210403, 52.7590909, 0.0 ], [ 16.3210478, 52.7591102, 0.0 ], [ 16.3210553, 52.7591296, 0.0 ], [ 16.3210696, 52.7591497, 0.0 ], [ 16.3210772, 52.7591692, 0.0 ], [ 16.3210887, 52.7591986, 0.0 ], [ 16.3210949, 52.7592228, 0.0 ], [ 16.321108, 52.7592479, 0.0 ], [ 16.3211211, 52.7592731, 0.0 ], [ 16.3211289, 52.759293, 0.0 ], [ 16.3211367, 52.759313, 0.0 ], [ 16.3211445, 52.7593331, 0.0 ], [ 16.3211729, 52.7593555, 0.0 ], [ 16.3211809, 52.7593758, 0.0 ], [ 16.3211957, 52.7593968, 0.0 ], [ 16.321212, 52.7594132, 0.0 ], [ 16.321227, 52.7594344, 0.0 ], [ 16.3212434, 52.7594509, 0.0 ], [ 16.3212599, 52.7594675, 0.0 ], [ 16.3212695, 52.7594834, 0.0 ], [ 16.3212916, 52.7595056, 0.0 ], [ 16.3213082, 52.7595223, 0.0 ], [ 16.3213304, 52.7595446, 0.0 ], [ 16.3213485, 52.7595566, 0.0 ], [ 16.3213779, 52.7595799, 0.0 ], [ 16.3213877, 52.759596, 0.0 ], [ 16.3214116, 52.7596138, 0.0 ], [ 16.3214229, 52.7596251, 0.0 ], [ 16.3214399, 52.7596422, 0.0 ], [ 16.3214639, 52.75966, 0.0 ], [ 16.3214797, 52.7596822, 0.0 ], [ 16.3215096, 52.7597059, 0.0 ], [ 16.3215326, 52.759729, 0.0 ], [ 16.3215543, 52.7597572, 0.0 ], [ 16.3215704, 52.7597796, 0.0 ], [ 16.321582, 52.7597911, 0.0 ], [ 16.3215911, 52.7598128, 0.0 ], [ 16.3216061, 52.7598404, 0.0 ], [ 16.3216224, 52.7598629, 0.0 ], [ 16.3216316, 52.7598849, 0.0 ], [ 16.3216408, 52.759907, 0.0 ], [ 16.3216501, 52.7599291, 0.0 ], [ 16.3216594, 52.7599513, 0.0 ], [ 16.3216615, 52.759973, 0.0 ], [ 16.321659, 52.7599835, 0.0 ], [ 16.3216624, 52.76, 0.0 ], [ 16.3216494, 52.7600531, 0.0 ], [ 16.3216309, 52.7600678, 0.0 ], [ 16.3216064, 52.7600765, 0.0 ], [ 16.3215671, 52.7600838, 0.0 ], [ 16.3215365, 52.7600863, 0.0 ], [ 16.3214885, 52.760098, 0.0 ], [ 16.321455, 52.7601112, 0.0 ], [ 16.3214229, 52.760119, 0.0 ], [ 16.3213965, 52.760133, 0.0 ], [ 16.3213642, 52.7601409, 0.0 ], [ 16.3213378, 52.760155, 0.0 ], [ 16.3213112, 52.7601691, 0.0 ], [ 16.3212698, 52.7601818, 0.0 ], [ 16.3212504, 52.7601971, 0.0 ], [ 16.3212161, 52.760211, 0.0 ], [ 16.3211891, 52.7602257, 0.0 ], [ 16.3211545, 52.7602397, 0.0 ], [ 16.3211076, 52.7602699, 0.0 ], [ 16.3210818, 52.7602792, 0.0 ], [ 16.3210528, 52.7602997, 0.0 ], [ 16.3210311, 52.760321, 0.0 ], [ 16.3210228, 52.7603495, 0.0 ], [ 16.3210144, 52.7603782, 0.0 ], [ 16.3210076, 52.7604012, 0.0 ], [ 16.3210253, 52.7604206, 0.0 ], [ 16.3210506, 52.7604408, 0.0 ], [ 16.321076, 52.760461, 0.0 ], [ 16.3211016, 52.7604811, 0.0 ], [ 16.3211272, 52.7605013, 0.0 ], [ 16.3211392, 52.7605143, 0.0 ], [ 16.3211726, 52.7605352, 0.0 ], [ 16.321194, 52.7605431, 0.0 ], [ 16.3212275, 52.7605641, 0.0 ], [ 16.3212458, 52.7605838, 0.0 ], [ 16.3212657, 52.7605977, 0.0 ], [ 16.3212918, 52.7606182, 0.0 ], [ 16.321318, 52.7606387, 0.0 ], [ 16.3213442, 52.7606593, 0.0 ], [ 16.3213705, 52.76068, 0.0 ], [ 16.3213969, 52.7607007, 0.0 ], [ 16.3214249, 52.7607155, 0.0 ], [ 16.3214436, 52.7607356, 0.0 ], [ 16.321461, 52.7607618, 0.0 ], [ 16.3214799, 52.7607821, 0.0 ], [ 16.3214911, 52.7608017, 0.0 ], [ 16.3215086, 52.7608282, 0.0 ], [ 16.3215184, 52.7608541, 0.0 ], [ 16.3215361, 52.7608809, 0.0 ], [ 16.3215474, 52.7609008, 0.0 ], [ 16.3215573, 52.760927, 0.0 ], [ 16.3215752, 52.760954, 0.0 ], [ 16.3215931, 52.7609812, 0.0 ], [ 16.3216046, 52.7610014, 0.0 ], [ 16.3216241, 52.7610224, 0.0 ], [ 16.3216342, 52.7610491, 0.0 ], [ 16.3216444, 52.761076, 0.0 ], [ 16.3216627, 52.7611036, 0.0 ], [ 16.3216744, 52.7611242, 0.0 ], [ 16.3216928, 52.7611521, 0.0 ], [ 16.3217032, 52.7611793, 0.0 ], [ 16.3217231, 52.7612009, 0.0 ], [ 16.321743, 52.7612225, 0.0 ], [ 16.3217644, 52.7612377, 0.0 ], [ 16.3217817, 52.7612726, 0.0 ], [ 16.3218086, 52.7613018, 0.0 ], [ 16.3218289, 52.7613237, 0.0 ], [ 16.321841, 52.7613451, 0.0 ], [ 16.3218601, 52.7613738, 0.0 ], [ 16.321871, 52.761402, 0.0 ], [ 16.321882, 52.7614303, 0.0 ], [ 16.321893, 52.7614587, 0.0 ], [ 16.3219054, 52.7614804, 0.0 ], [ 16.3219166, 52.7615091, 0.0 ], [ 16.321936, 52.7615385, 0.0 ], [ 16.3219555, 52.7615681, 0.0 ], [ 16.3219764, 52.761591, 0.0 ], [ 16.321996, 52.7616208, 0.0 ], [ 16.32201, 52.7616361, 0.0 ], [ 16.3220477, 52.7616606, 0.0 ], [ 16.3220771, 52.7616845, 0.0 ], [ 16.3221091, 52.7616944, 0.0 ], [ 16.3221507, 52.761698, 0.0 ], [ 16.3221816, 52.7617149, 0.0 ], [ 16.3222018, 52.7617452, 0.0 ], [ 16.3222054, 52.7617742, 0.0 ], [ 16.322184, 52.7618012, 0.0 ], [ 16.3221397, 52.7618118, 0.0 ], [ 16.3221108, 52.761831, 0.0 ], [ 16.3220974, 52.761859, 0.0 ], [ 16.3220924, 52.7618878, 0.0 ], [ 16.3220789, 52.761916, 0.0 ], [ 16.3220751, 52.7619378, 0.0 ], [ 16.3220773, 52.761975, 0.0 ], [ 16.3220977, 52.7620065, 0.0 ], [ 16.322117, 52.7620456, 0.0 ], [ 16.3221291, 52.7620767, 0.0 ], [ 16.3221572, 52.762117, 0.0 ], [ 16.3221694, 52.7621484, 0.0 ], [ 16.3221731, 52.7621792, 0.0 ], [ 16.3221681, 52.7622095, 0.0 ], [ 16.3221607, 52.7622551, 0.0 ], [ 16.3221544, 52.7622934, 0.0 ], [ 16.3221581, 52.7623249, 0.0 ], [ 16.3221518, 52.7623636, 0.0 ], [ 16.3221455, 52.7624025, 0.0 ], [ 16.3221416, 52.7624259, 0.0 ], [ 16.3221163, 52.7624716, 0.0 ], [ 16.3220997, 52.7625183, 0.0 ], [ 16.3220754, 52.7625566, 0.0 ], [ 16.3220522, 52.7625872, 0.0 ], [ 16.3220379, 52.7626186, 0.0 ], [ 16.3220235, 52.7626502, 0.0 ], [ 16.3219884, 52.7626967, 0.0 ], [ 16.3219828, 52.7627294, 0.0 ], [ 16.3219681, 52.7627615, 0.0 ], [ 16.3219534, 52.7627938, 0.0 ], [ 16.3219463, 52.7628353, 0.0 ], [ 16.3219314, 52.7628679, 0.0 ], [ 16.321915, 52.7629092, 0.0 ], [ 16.3218909, 52.7629414, 0.0 ], [ 16.3218666, 52.7629738, 0.0 ], [ 16.3218422, 52.7630063, 0.0 ], [ 16.3218177, 52.7630391, 0.0 ], [ 16.3217854, 52.7630626, 0.0 ], [ 16.321753, 52.7630861, 0.0 ], [ 16.3217204, 52.7631098, 0.0 ], [ 16.3216784, 52.7631328, 0.0 ], [ 16.3216379, 52.7631471, 0.0 ], [ 16.3215973, 52.7631615, 0.0 ], [ 16.3215532, 52.7631935, 0.0 ], [ 16.3213434, 52.76347, 0.0 ], [ 16.3213094, 52.7635282, 0.0 ], [ 16.3212444, 52.763609, 0.0 ], [ 16.3212223, 52.763627, 0.0 ], [ 16.3212125, 52.7636475, 0.0 ], [ 16.3212003, 52.7636733, 0.0 ], [ 16.3211904, 52.763694, 0.0 ], [ 16.3211806, 52.7637149, 0.0 ], [ 16.3211706, 52.7637358, 0.0 ], [ 16.3211669, 52.7637582, 0.0 ], [ 16.3211569, 52.7637793, 0.0 ], [ 16.3211443, 52.7638059, 0.0 ], [ 16.3211278, 52.7638261, 0.0 ], [ 16.3211112, 52.7638463, 0.0 ], [ 16.3210881, 52.7638654, 0.0 ], [ 16.3210713, 52.7638859, 0.0 ], [ 16.3210545, 52.7639064, 0.0 ], [ 16.3210311, 52.7639255, 0.0 ], [ 16.3210077, 52.7639448, 0.0 ], [ 16.3209907, 52.7639654, 0.0 ], [ 16.320967, 52.7639848, 0.0 ], [ 16.3209498, 52.7640057, 0.0 ], [ 16.3209259, 52.7640253, 0.0 ], [ 16.3209084, 52.7640463, 0.0 ], [ 16.3208909, 52.7640675, 0.0 ], [ 16.3208667, 52.7640874, 0.0 ], [ 16.320849, 52.7641088, 0.0 ], [ 16.320834, 52.7641245, 0.0 ], [ 16.3208132, 52.7641518, 0.0 ], [ 16.3208019, 52.7641748, 0.0 ], [ 16.3207771, 52.7641953, 0.0 ], [ 16.3207628, 52.7642243, 0.0 ], [ 16.3207445, 52.7642464, 0.0 ], [ 16.3207299, 52.7642758, 0.0 ], [ 16.3207182, 52.7642994, 0.0 ], [ 16.3206996, 52.7643218, 0.0 ], [ 16.3206878, 52.7643457, 0.0 ], [ 16.320672, 52.7643624, 0.0 ], [ 16.32065, 52.7643916, 0.0 ], [ 16.3206308, 52.7644151, 0.0 ], [ 16.3206215, 52.7644338, 0.0 ], [ 16.3206028, 52.7644714, 0.0 ], [ 16.3205833, 52.7644953, 0.0 ], [ 16.3205706, 52.7645207, 0.0 ], [ 16.3205439, 52.7645437, 0.0 ], [ 16.320524, 52.764568, 0.0 ], [ 16.320497, 52.7645913, 0.0 ], [ 16.3204699, 52.7646146, 0.0 ], [ 16.3204426, 52.7646381, 0.0 ], [ 16.3204151, 52.7646617, 0.0 ], [ 16.3203909, 52.7646789, 0.0 ], [ 16.3203526, 52.7647081, 0.0 ], [ 16.3203174, 52.7647309, 0.0 ], [ 16.3202784, 52.7647457, 0.0 ], [ 16.3202536, 52.7647633, 0.0 ], [ 16.3202142, 52.7647783, 0.0 ], [ 16.320182, 52.7647944, 0.0 ], [ 16.320143, 52.7648084, 0.0 ], [ 16.3201109, 52.7648239, 0.0 ], [ 16.320075, 52.7648463, 0.0 ], [ 16.3200391, 52.7648536, 0.0 ], [ 16.3200066, 52.7648693, 0.0 ], [ 16.319974, 52.7648851, 0.0 ], [ 16.319934, 52.7648994, 0.0 ], [ 16.3199011, 52.7649153, 0.0 ], [ 16.319868, 52.7649313, 0.0 ], [ 16.3198385, 52.7649407, 0.0 ], [ 16.3198014, 52.7649491, 0.0 ], [ 16.3197642, 52.7649574, 0.0 ], [ 16.3197268, 52.7649657, 0.0 ], [ 16.3196853, 52.7649813, 0.0 ], [ 16.319651, 52.7649984, 0.0 ], [ 16.3196165, 52.7650155, 0.0 ], [ 16.3195744, 52.7650313, 0.0 ], [ 16.3195396, 52.7650486, 0.0 ], [ 16.3194972, 52.7650645, 0.0 ], [ 16.3194652, 52.7650908, 0.0 ], [ 16.3194342, 52.765101, 0.0 ], [ 16.3193987, 52.7651187, 0.0 ], [ 16.319344, 52.7651404, 0.0 ], [ 16.3193087, 52.7651573, 0.0 ], [ 16.3192614, 52.76518, 0.0 ], [ 16.3192107, 52.7651939, 0.0 ], [ 16.3191794, 52.7652037, 0.0 ], [ 16.3191359, 52.7652193, 0.0 ], [ 16.3191013, 52.7652202, 0.0 ], [ 16.3190637, 52.7652121, 0.0 ], [ 16.3190428, 52.7651908, 0.0 ], [ 16.3190173, 52.7651769, 0.0 ], [ 16.3189919, 52.7651631, 0.0 ], [ 16.3189545, 52.765155, 0.0 ], [ 16.3189292, 52.7651412, 0.0 ], [ 16.3188871, 52.7651404, 0.0 ], [ 16.3188477, 52.7651485, 0.0 ], [ 16.3188158, 52.7651583, 0.0 ], [ 16.3187709, 52.7651746, 0.0 ], [ 16.3187307, 52.7651835, 0.0 ], [ 16.318698, 52.7651939, 0.0 ], [ 16.3186576, 52.7652028, 0.0 ], [ 16.318612, 52.7652193, 0.0 ], [ 16.3185713, 52.7652283, 0.0 ], [ 16.3185254, 52.7652449, 0.0 ], [ 16.3184818, 52.765296, 0.0 ], [ 16.318404, 52.7653616, 0.0 ], [ 16.3183779, 52.7653761, 0.0 ], [ 16.3183464, 52.7653891, 0.0 ], [ 16.31832, 52.7654039, 0.0 ], [ 16.3182893, 52.7654232, 0.0 ], [ 16.3182718, 52.7654352, 0.0 ], [ 16.3182408, 52.7654548, 0.0 ], [ 16.3182242, 52.7654732, 0.0 ], [ 16.3182023, 52.7654901, 0.0 ], [ 16.3181844, 52.7655024, 0.0 ], [ 16.3181612, 52.765513, 0.0 ], [ 16.3181251, 52.7655379, 0.0 ], [ 16.318097, 52.7655538, 0.0 ], [ 16.3180633, 52.7655682, 0.0 ], [ 16.3180402, 52.7655859, 0.0 ], [ 16.3180062, 52.7656004, 0.0 ], [ 16.3179684, 52.7656265, 0.0 ], [ 16.3179393, 52.7656429, 0.0 ], [ 16.3178954, 52.7656678, 0.0 ], [ 16.3178512, 52.7656927, 0.0 ], [ 16.3178221, 52.7657089, 0.0 ], [ 16.3177881, 52.7657301, 0.0 ], [ 16.3177484, 52.7657498, 0.0 ], [ 16.3177085, 52.7657696, 0.0 ], [ 16.3176785, 52.7657863, 0.0 ], [ 16.3176483, 52.7658031, 0.0 ], [ 16.317618, 52.7658199, 0.0 ], [ 16.3175819, 52.7658351, 0.0 ], [ 16.3175456, 52.7658504, 0.0 ], [ 16.317514, 52.7658606, 0.0 ], [ 16.3174773, 52.765876, 0.0 ], [ 16.3174453, 52.7658863, 0.0 ], [ 16.3174172, 52.7658847, 0.0 ], [ 16.3173885, 52.7658762, 0.0 ], [ 16.3173808, 52.7658535, 0.0 ], [ 16.3173629, 52.7658415, 0.0 ], [ 16.3173451, 52.7658294, 0.0 ], [ 16.3173272, 52.7658174, 0.0 ], [ 16.3173083, 52.7657915, 0.0 ], [ 16.3172905, 52.7657796, 0.0 ], [ 16.3172728, 52.7657676, 0.0 ], [ 16.3172546, 52.7657488, 0.0 ], [ 16.3172369, 52.7657369, 0.0 ], [ 16.3172136, 52.7657233, 0.0 ], [ 16.3171903, 52.7657097, 0.0 ], [ 16.3171666, 52.7656893, 0.0 ], [ 16.3171384, 52.7656806, 0.0 ], [ 16.3171046, 52.7656701, 0.0 ], [ 16.3170775, 52.7656748, 0.0 ], [ 16.3170399, 52.7656894, 0.0 ], [ 16.3170073, 52.7656991, 0.0 ], [ 16.3169807, 52.7657174, 0.0 ], [ 16.3169593, 52.7657307, 0.0 ], [ 16.3169214, 52.7657525, 0.0 ], [ 16.3168886, 52.7657693, 0.0 ], [ 16.3168613, 52.765788, 0.0 ], [ 16.3168339, 52.7658068, 0.0 ], [ 16.3168064, 52.7658257, 0.0 ], [ 16.3167845, 52.7658465, 0.0 ], [ 16.3167566, 52.7658656, 0.0 ], [ 16.3167293, 52.7658916, 0.0 ], [ 16.3167016, 52.7659179, 0.0 ], [ 16.3167019, 52.7659324, 0.0 ], [ 16.3167198, 52.7659598, 0.0 ], [ 16.316726, 52.7659762, 0.0 ], [ 16.316738, 52.7659946, 0.0 ], [ 16.3167444, 52.7660185, 0.0 ], [ 16.3167563, 52.7660296, 0.0 ], [ 16.3167568, 52.7660518, 0.0 ], [ 16.3167692, 52.7660779, 0.0 ], [ 16.3167757, 52.7661022, 0.0 ], [ 16.3167467, 52.7661229, 0.0 ], [ 16.3167291, 52.7661324, 0.0 ], [ 16.3166819, 52.7661477, 0.0 ], [ 16.3166522, 52.7661534, 0.0 ], [ 16.3166105, 52.7661631, 0.0 ], [ 16.3165746, 52.7661747, 0.0 ], [ 16.3165324, 52.7661845, 0.0 ], [ 16.3165022, 52.7661981, 0.0 ], [ 16.3164597, 52.7662157, 0.0 ], [ 16.316423, 52.7662275, 0.0 ], [ 16.3163862, 52.7662394, 0.0 ], [ 16.3163491, 52.7662592, 0.0 ], [ 16.3163395, 52.7663114, 0.0 ], [ 16.3163447, 52.7663258, 0.0 ], [ 16.3163498, 52.7663403, 0.0 ], [ 16.3163409, 52.7663536, 0.0 ], [ 16.3163241, 52.7663596, 0.0 ], [ 16.3163036, 52.7663642, 0.0 ], [ 16.3162793, 52.7663674, 0.0 ], [ 16.3162549, 52.7663706, 0.0 ], [ 16.3162304, 52.7663739, 0.0 ], [ 16.3162062, 52.7663816, 0.0 ], [ 16.3161885, 52.7663832, 0.0 ], [ 16.3161675, 52.766388, 0.0 ], [ 16.3161393, 52.7663943, 0.0 ], [ 16.3161143, 52.7663976, 0.0 ], [ 16.3160858, 52.766404, 0.0 ], [ 16.3160606, 52.7664073, 0.0 ], [ 16.3160425, 52.7664091, 0.0 ], [ 16.3160174, 52.766417, 0.0 ], [ 16.3159956, 52.7664219, 0.0 ], [ 16.3159773, 52.7664236, 0.0 ], [ 16.3159519, 52.7664317, 0.0 ], [ 16.3159225, 52.7664382, 0.0 ], [ 16.3159004, 52.7664432, 0.0 ], [ 16.3158708, 52.7664498, 0.0 ], [ 16.3158409, 52.7664565, 0.0 ], [ 16.3158185, 52.7664615, 0.0 ], [ 16.3157959, 52.7664666, 0.0 ], [ 16.3157731, 52.766467, 0.0 ], [ 16.3157542, 52.7664735, 0.0 ], [ 16.3157276, 52.7664771, 0.0 ], [ 16.3157008, 52.7664807, 0.0 ], [ 16.3156777, 52.7664859, 0.0 ], [ 16.3156584, 52.7664878, 0.0 ], [ 16.3156313, 52.7664915, 0.0 ], [ 16.3155963, 52.7664969, 0.0 ], [ 16.315569, 52.7665005, 0.0 ], [ 16.3155375, 52.7665075, 0.0 ], [ 16.3155139, 52.766508, 0.0 ], [ 16.3154862, 52.7665117, 0.0 ], [ 16.3154662, 52.7665185, 0.0 ], [ 16.3154383, 52.7665223, 0.0 ], [ 16.3154143, 52.7665228, 0.0 ], [ 16.3153902, 52.7665281, 0.0 ], [ 16.3153619, 52.7665319, 0.0 ], [ 16.3153377, 52.7665324, 0.0 ], [ 16.315305, 52.7665396, 0.0 ], [ 16.3152764, 52.7665435, 0.0 ], [ 16.3152436, 52.7665458, 0.0 ], [ 16.3152147, 52.7665497, 0.0 ], [ 16.3151817, 52.766552, 0.0 ], [ 16.3151569, 52.7665525, 0.0 ], [ 16.3151236, 52.7665549, 0.0 ], [ 16.3151027, 52.766557, 0.0 ], [ 16.3150691, 52.7665594, 0.0 ], [ 16.315048, 52.7665615, 0.0 ], [ 16.3150183, 52.7665655, 0.0 ], [ 16.3149971, 52.7665676, 0.0 ], [ 16.3149631, 52.76657, 0.0 ], [ 16.3149376, 52.7665706, 0.0 ], [ 16.314912, 52.7665711, 0.0 ], [ 16.3148864, 52.7665717, 0.0 ], [ 16.3148519, 52.7665741, 0.0 ], [ 16.314826, 52.7665746, 0.0 ], [ 16.3148001, 52.7665752, 0.0 ], [ 16.31477, 52.7665741, 0.0 ], [ 16.3147475, 52.7665815, 0.0 ], [ 16.3147283, 52.7665956, 0.0 ], [ 16.3147091, 52.7666099, 0.0 ], [ 16.3147071, 52.7666255, 0.0 ], [ 16.3147093, 52.7666428, 0.0 ], [ 16.3147122, 52.766655, 0.0 ], [ 16.3147186, 52.7666741, 0.0 ], [ 16.3147167, 52.7666901, 0.0 ], [ 16.3147189, 52.7667077, 0.0 ], [ 16.3147169, 52.7667238, 0.0 ], [ 16.3147058, 52.766742, 0.0 ], [ 16.3146946, 52.7667603, 0.0 ], [ 16.3146833, 52.7667788, 0.0 ], [ 16.3146676, 52.7667956, 0.0 ], [ 16.3146476, 52.7668109, 0.0 ], [ 16.3146224, 52.7668302, 0.0 ], [ 16.3145977, 52.766844, 0.0 ], [ 16.3145642, 52.7668546, 0.0 ], [ 16.3145357, 52.7668612, 0.0 ], [ 16.3145114, 52.7668696, 0.0 ], [ 16.31448, 52.7668934, 0.0 ], [ 16.3144536, 52.7669133, 0.0 ], [ 16.314427, 52.7669335, 0.0 ], [ 16.3144056, 52.7669497, 0.0 ], [ 16.314384, 52.766966, 0.0 ], [ 16.3143534, 52.766979, 0.0 ], [ 16.3143225, 52.766992, 0.0 ], [ 16.3142925, 52.7669992, 0.0 ], [ 16.3142568, 52.7670106, 0.0 ], [ 16.3142208, 52.7670221, 0.0 ], [ 16.3141926, 52.7670432, 0.0 ], [ 16.3141846, 52.7670595, 0.0 ], [ 16.31418, 52.7670837, 0.0 ], [ 16.3141868, 52.7670995, 0.0 ], [ 16.314188, 52.7671196, 0.0 ], [ 16.3141845, 52.7671381, 0.0 ], [ 16.3141902, 52.7671603, 0.0 ], [ 16.3141856, 52.7671851, 0.0 ], [ 16.3141879, 52.7671995, 0.0 ], [ 16.3142006, 52.7672112, 0.0 ], [ 16.3142133, 52.7672229, 0.0 ], [ 16.3142215, 52.7672328, 0.0 ], [ 16.3142378, 52.7672527, 0.0 ], [ 16.3142448, 52.7672691, 0.0 ], [ 16.3142508, 52.7672919, 0.0 ], [ 16.3142626, 52.7673102, 0.0 ], [ 16.3142697, 52.7673267, 0.0 ], [ 16.3142771, 52.7673431, 0.0 ], [ 16.3142741, 52.7673623, 0.0 ], [ 16.3142759, 52.7673834, 0.0 ], [ 16.3142778, 52.7674046, 0.0 ], [ 16.3142605, 52.7674186, 0.0 ], [ 16.3142257, 52.7674468, 0.0 ], [ 16.3142033, 52.7674592, 0.0 ], [ 16.3141605, 52.7674709, 0.0 ], [ 16.3141341, 52.7674749, 0.0 ], [ 16.3140968, 52.7674819, 0.0 ], [ 16.3140556, 52.7674804, 0.0 ], [ 16.314018, 52.7674874, 0.0 ], [ 16.3139862, 52.7674896, 0.0 ], [ 16.3139544, 52.7674919, 0.0 ], [ 16.3139224, 52.7674941, 0.0 ], [ 16.3138855, 52.7674945, 0.0 ], [ 16.3138582, 52.7674986, 0.0 ], [ 16.3138322, 52.767496, 0.0 ], [ 16.3138076, 52.7674866, 0.0 ], [ 16.3137943, 52.7674742, 0.0 ], [ 16.3138, 52.7674473, 0.0 ], [ 16.3137916, 52.7674369, 0.0 ], [ 16.3137909, 52.767415, 0.0 ], [ 16.313784, 52.767398, 0.0 ], [ 16.3137897, 52.7673717, 0.0 ], [ 16.3137876, 52.7673567, 0.0 ], [ 16.3137885, 52.7673286, 0.0 ], [ 16.3137947, 52.7673023, 0.0 ], [ 16.3137993, 52.7672827, 0.0 ], [ 16.3137929, 52.767266, 0.0 ], [ 16.3137943, 52.7672382, 0.0 ], [ 16.3138004, 52.7672125, 0.0 ], [ 16.3138049, 52.7671934, 0.0 ], [ 16.3138048, 52.7671724, 0.0 ], [ 16.3138046, 52.7671516, 0.0 ], [ 16.3138106, 52.7671265, 0.0 ], [ 16.3138136, 52.767114, 0.0 ], [ 16.3138148, 52.7670873, 0.0 ], [ 16.3138146, 52.7670669, 0.0 ], [ 16.3138145, 52.7670467, 0.0 ], [ 16.3138021, 52.7670351, 0.0 ], [ 16.3137851, 52.7670218, 0.0 ], [ 16.3137589, 52.7670049, 0.0 ], [ 16.3137358, 52.7669959, 0.0 ], [ 16.3137035, 52.7669832, 0.0 ], [ 16.3136711, 52.7669906, 0.0 ], [ 16.3136494, 52.7669956, 0.0 ], [ 16.313615, 52.7670091, 0.0 ], [ 16.3135851, 52.7670246, 0.0 ], [ 16.3135532, 52.7670464, 0.0 ], [ 16.3135386, 52.7670614, 0.0 ], [ 16.3135111, 52.7670854, 0.0 ], [ 16.3134927, 52.7671132, 0.0 ], [ 16.3134761, 52.767135, 0.0 ], [ 16.3134641, 52.7671587, 0.0 ], [ 16.3134519, 52.7671826, 0.0 ], [ 16.3134398, 52.7672067, 0.0 ], [ 16.313436, 52.7672197, 0.0 ], [ 16.313417, 52.7672487, 0.0 ], [ 16.3134113, 52.7672685, 0.0 ], [ 16.313394, 52.7672912, 0.0 ], [ 16.3133931, 52.7673132, 0.0 ], [ 16.3133738, 52.7673429, 0.0 ], [ 16.3133703, 52.7673562, 0.0 ], [ 16.3133563, 52.7673878, 0.0 ], [ 16.313344, 52.767413, 0.0 ], [ 16.3133348, 52.767447, 0.0 ], [ 16.3133224, 52.7674725, 0.0 ], [ 16.313317, 52.7674931, 0.0 ], [ 16.3133182, 52.7675089, 0.0 ], [ 16.3133245, 52.7675268, 0.0 ], [ 16.3133239, 52.7675497, 0.0 ], [ 16.3133184, 52.7675707, 0.0 ], [ 16.3133178, 52.7675938, 0.0 ], [ 16.3133311, 52.7676069, 0.0 ], [ 16.3133254, 52.7676282, 0.0 ], [ 16.3132879, 52.7676446, 0.0 ], [ 16.3132452, 52.767659, 0.0 ], [ 16.313192, 52.7676694, 0.0 ], [ 16.31318, 52.7676725, 0.0 ], [ 16.3131091, 52.7676841, 0.0 ], [ 16.3130377, 52.7676958, 0.0 ], [ 16.3130101, 52.7676927, 0.0 ], [ 16.3129897, 52.7676844, 0.0 ], [ 16.3129646, 52.7676739, 0.0 ], [ 16.3129496, 52.7676675, 0.0 ], [ 16.3129385, 52.7676469, 0.0 ], [ 16.3129325, 52.7676285, 0.0 ], [ 16.3129268, 52.7676099, 0.0 ], [ 16.3129285, 52.7675863, 0.0 ], [ 16.3129178, 52.7675659, 0.0 ], [ 16.3129194, 52.7675425, 0.0 ], [ 16.3129088, 52.7675222, 0.0 ], [ 16.3129032, 52.767504, 0.0 ], [ 16.3129027, 52.767488, 0.0 ], [ 16.3128971, 52.7674699, 0.0 ], [ 16.3128916, 52.7674519, 0.0 ], [ 16.3128861, 52.767434, 0.0 ], [ 16.3128784, 52.7674231, 0.0 ], [ 16.3128585, 52.767415, 0.0 ], [ 16.3128409, 52.7674, 0.0 ], [ 16.3128161, 52.7673899, 0.0 ], [ 16.3127913, 52.7673799, 0.0 ], [ 16.3127665, 52.7673698, 0.0 ], [ 16.3127294, 52.7673625, 0.0 ], [ 16.3127023, 52.7673593, 0.0 ], [ 16.3126676, 52.7673609, 0.0 ], [ 16.3126409, 52.7673574, 0.0 ], [ 16.3126053, 52.7673593, 0.0 ], [ 16.3125771, 52.7673565, 0.0 ], [ 16.3125539, 52.7673556, 0.0 ], [ 16.3125127, 52.7673558, 0.0 ], [ 16.3124842, 52.767353, 0.0 ], [ 16.3124557, 52.7673501, 0.0 ], [ 16.3124348, 52.7673424, 0.0 ], [ 16.3124244, 52.7673385, 0.0 ], [ 16.3123906, 52.7673337, 0.0 ], [ 16.3123516, 52.7673269, 0.0 ], [ 16.3123258, 52.767317, 0.0 ], [ 16.3123, 52.7673072, 0.0 ], [ 16.3122741, 52.7672973, 0.0 ], [ 16.3122563, 52.7672825, 0.0 ], [ 16.3122437, 52.7672697, 0.0 ], [ 16.3122392, 52.7672521, 0.0 ], [ 16.3122346, 52.7672345, 0.0 ], [ 16.3122301, 52.7672169, 0.0 ], [ 16.3122256, 52.7671995, 0.0 ], [ 16.3122211, 52.767182, 0.0 ], [ 16.3122138, 52.7671714, 0.0 ], [ 16.3122042, 52.7671521, 0.0 ], [ 16.3122078, 52.7671302, 0.0 ], [ 16.3122005, 52.7671196, 0.0 ], [ 16.312199, 52.7670959, 0.0 ], [ 16.3121946, 52.7670788, 0.0 ], [ 16.3121902, 52.7670618, 0.0 ], [ 16.3121938, 52.7670403, 0.0 ], [ 16.3121944, 52.7670253, 0.0 ], [ 16.312203, 52.7670059, 0.0 ], [ 16.3122065, 52.7669846, 0.0 ], [ 16.3122021, 52.766968, 0.0 ], [ 16.3122056, 52.7669469, 0.0 ], [ 16.3122091, 52.766926, 0.0 ], [ 16.3122125, 52.7669051, 0.0 ], [ 16.3122209, 52.7668863, 0.0 ], [ 16.3122292, 52.7668676, 0.0 ], [ 16.3122271, 52.7668594, 0.0 ], [ 16.3122466, 52.7668204, 0.0 ], [ 16.3122243, 52.7668079, 0.0 ], [ 16.3122148, 52.7667961, 0.0 ], [ 16.3122144, 52.766783, 0.0 ], [ 16.3122065, 52.7667657, 0.0 ], [ 16.3122167, 52.7667459, 0.0 ], [ 16.3122216, 52.7667295, 0.0 ], [ 16.3122301, 52.7667153, 0.0 ], [ 16.3122313, 52.766697, 0.0 ], [ 16.3122361, 52.7666809, 0.0 ], [ 16.3122409, 52.7666648, 0.0 ], [ 16.3122331, 52.766648, 0.0 ], [ 16.3122345, 52.7666298, 0.0 ], [ 16.3122307, 52.766615, 0.0 ], [ 16.3122322, 52.766597, 0.0 ], [ 16.3122283, 52.7665822, 0.0 ], [ 16.3122245, 52.7665676, 0.0 ], [ 16.3122208, 52.7665529, 0.0 ], [ 16.3122081, 52.7665395, 0.0 ], [ 16.3121991, 52.7665281, 0.0 ], [ 16.3121918, 52.7665115, 0.0 ], [ 16.31219, 52.7665042, 0.0 ], [ 16.312181, 52.7664929, 0.0 ], [ 16.3121702, 52.7664744, 0.0 ], [ 16.3121577, 52.7664611, 0.0 ], [ 16.312154, 52.7664467, 0.0 ], [ 16.3121433, 52.7664283, 0.0 ], [ 16.3121396, 52.766414, 0.0 ], [ 16.3121325, 52.7663978, 0.0 ], [ 16.3121289, 52.7663836, 0.0 ], [ 16.3121253, 52.7663694, 0.0 ], [ 16.3121217, 52.7663553, 0.0 ], [ 16.3121129, 52.7663443, 0.0 ], [ 16.3121146, 52.7663272, 0.0 ], [ 16.3121058, 52.7663162, 0.0 ], [ 16.3121022, 52.7663023, 0.0 ], [ 16.3120987, 52.7662883, 0.0 ], [ 16.3120952, 52.7662745, 0.0 ], [ 16.3120917, 52.7662606, 0.0 ], [ 16.3120882, 52.7662468, 0.0 ], [ 16.3120778, 52.7662408, 0.0 ], [ 16.312076, 52.7662222, 0.0 ], [ 16.3120674, 52.7662114, 0.0 ], [ 16.3120639, 52.7661977, 0.0 ], [ 16.3120501, 52.7661898, 0.0 ], [ 16.3120467, 52.7661762, 0.0 ], [ 16.3120328, 52.7661682, 0.0 ], [ 16.3120294, 52.7661547, 0.0 ], [ 16.3120208, 52.7661439, 0.0 ], [ 16.3120036, 52.766134, 0.0 ], [ 16.3119916, 52.7661213, 0.0 ], [ 16.3119796, 52.7661087, 0.0 ], [ 16.3119711, 52.766098, 0.0 ], [ 16.3119573, 52.7660901, 0.0 ], [ 16.3119488, 52.7660794, 0.0 ], [ 16.3119281, 52.7660676, 0.0 ], [ 16.3119231, 52.7660589, 0.0 ], [ 16.3119112, 52.7660463, 0.0 ], [ 16.3118906, 52.7660345, 0.0 ], [ 16.3118803, 52.7660286, 0.0 ], [ 16.3118597, 52.7660168, 0.0 ], [ 16.3118425, 52.7660069, 0.0 ], [ 16.3118322, 52.766001, 0.0 ], [ 16.3118238, 52.7659904, 0.0 ], [ 16.3118032, 52.7659786, 0.0 ], [ 16.3117826, 52.7659668, 0.0 ], [ 16.3117688, 52.7659589, 0.0 ], [ 16.3117517, 52.765949, 0.0 ], [ 16.3117345, 52.7659392, 0.0 ], [ 16.3117174, 52.7659293, 0.0 ], [ 16.3117002, 52.7659195, 0.0 ], [ 16.3116865, 52.7659116, 0.0 ], [ 16.3116639, 52.7659044, 0.0 ], [ 16.3116501, 52.7658965, 0.0 ], [ 16.3116206, 52.7658853, 0.0 ], [ 16.3116014, 52.76588, 0.0 ], [ 16.3115766, 52.7658773, 0.0 ], [ 16.3115572, 52.765872, 0.0 ], [ 16.3115379, 52.7658666, 0.0 ], [ 16.3115095, 52.7658619, 0.0 ], [ 16.3114957, 52.765854, 0.0 ], [ 16.3114762, 52.7658487, 0.0 ], [ 16.3114533, 52.7658413, 0.0 ], [ 16.3114338, 52.765836, 0.0 ], [ 16.3114178, 52.7658326, 0.0 ], [ 16.3114039, 52.7658246, 0.0 ], [ 16.3113844, 52.7658193, 0.0 ], [ 16.311367, 52.7658093, 0.0 ], [ 16.3113474, 52.7658039, 0.0 ], [ 16.3113221, 52.7658011, 0.0 ], [ 16.3113024, 52.7657957, 0.0 ], [ 16.3112792, 52.7657883, 0.0 ], [ 16.311263, 52.7657848, 0.0 ], [ 16.3112339, 52.76578, 0.0 ], [ 16.3112141, 52.7657745, 0.0 ], [ 16.3111919, 52.7657736, 0.0 ], [ 16.3111626, 52.7657687, 0.0 ], [ 16.3111403, 52.7657678, 0.0 ], [ 16.3111143, 52.7657649, 0.0 ], [ 16.3110918, 52.765764, 0.0 ], [ 16.3110632, 52.7657657, 0.0 ], [ 16.3110249, 52.7657679, 0.0 ], [ 16.3109925, 52.7657676, 0.0 ], [ 16.3109635, 52.7657693, 0.0 ], [ 16.3109308, 52.765769, 0.0 ], [ 16.3108953, 52.7657733, 0.0 ], [ 16.3108721, 52.7657724, 0.0 ], [ 16.3108426, 52.7657741, 0.0 ], [ 16.3108129, 52.7657758, 0.0 ], [ 16.3107796, 52.7657755, 0.0 ], [ 16.3107596, 52.7657767, 0.0 ], [ 16.310726, 52.7657763, 0.0 ], [ 16.3106922, 52.765776, 0.0 ], [ 16.3106619, 52.7657778, 0.0 ], [ 16.3106249, 52.7657822, 0.0 ], [ 16.3105906, 52.7657819, 0.0 ], [ 16.3105568, 52.7657885, 0.0 ], [ 16.3105295, 52.7657924, 0.0 ], [ 16.310496, 52.765806, 0.0 ], [ 16.3104623, 52.7658196, 0.0 ], [ 16.3104493, 52.7658322, 0.0 ], [ 16.31044, 52.7658469, 0.0 ], [ 16.3104412, 52.765861, 0.0 ], [ 16.310453, 52.7658744, 0.0 ], [ 16.310461, 52.7658858, 0.0 ], [ 16.3104554, 52.7659028, 0.0 ], [ 16.3104629, 52.7659071, 0.0 ], [ 16.3104706, 52.7659371, 0.0 ], [ 16.3104785, 52.7659456, 0.0 ], [ 16.3104794, 52.7659582, 0.0 ], [ 16.3104802, 52.7659708, 0.0 ], [ 16.3104745, 52.7659839, 0.0 ], [ 16.3104753, 52.7659966, 0.0 ], [ 16.3104667, 52.7660081, 0.0 ], [ 16.3104603, 52.7660251, 0.0 ], [ 16.3104581, 52.7660364, 0.0 ], [ 16.3104552, 52.7660514, 0.0 ], [ 16.3104494, 52.7660649, 0.0 ], [ 16.3104443, 52.7660746, 0.0 ], [ 16.3104384, 52.7660882, 0.0 ], [ 16.3104325, 52.7661018, 0.0 ], [ 16.3104266, 52.7661155, 0.0 ], [ 16.3104229, 52.7661177, 0.0 ], [ 16.31043, 52.7661506, 0.0 ], [ 16.3104295, 52.7661551, 0.0 ], [ 16.3104331, 52.7661744, 0.0 ], [ 16.3104365, 52.7661789, 0.0 ], [ 16.3104394, 52.7662054, 0.0 ], [ 16.3104385, 52.7662324, 0.0 ], [ 16.3104338, 52.7662398, 0.0 ], [ 16.3104335, 52.7662422, 0.0 ], [ 16.3104404, 52.7662692, 0.0 ], [ 16.3104393, 52.7662994, 0.0 ], [ 16.3104406, 52.7663054, 0.0 ], [ 16.3104314, 52.7663368, 0.0 ], [ 16.3104261, 52.7663683, 0.0 ], [ 16.3104272, 52.766377, 0.0 ], [ 16.3104248, 52.7663999, 0.0 ], [ 16.3104218, 52.7664091, 0.0 ], [ 16.3104158, 52.7664276, 0.0 ], [ 16.3104155, 52.7664302, 0.0 ], [ 16.3104141, 52.7664627, 0.0 ], [ 16.3104157, 52.7664861, 0.0 ], [ 16.3103969, 52.7664893, 0.0 ], [ 16.3103841, 52.7664932, 0.0 ], [ 16.3103737, 52.7664929, 0.0 ], [ 16.310355, 52.7664934, 0.0 ], [ 16.3103423, 52.7664947, 0.0 ], [ 16.3103257, 52.7664937, 0.0 ], [ 16.310292, 52.7664943, 0.0 ], [ 16.3102795, 52.7664929, 0.0 ], [ 16.3102689, 52.7664926, 0.0 ], [ 16.310252, 52.7664916, 0.0 ], [ 16.3102351, 52.7664906, 0.0 ], [ 16.3102205, 52.7664879, 0.0 ], [ 16.3102082, 52.7664838, 0.0 ], [ 16.310194, 52.7664784, 0.0 ], [ 16.3101773, 52.7664747, 0.0 ], [ 16.3101694, 52.76647, 0.0 ], [ 16.3101635, 52.7664666, 0.0 ], [ 16.3101584, 52.7664577, 0.0 ], [ 16.3101554, 52.76645, 0.0 ], [ 16.3101503, 52.7664412, 0.0 ], [ 16.3101477, 52.7664308, 0.0 ], [ 16.3101466, 52.7664243, 0.0 ], [ 16.3101436, 52.7664167, 0.0 ], [ 16.310143, 52.7664076, 0.0 ], [ 16.310138, 52.7663989, 0.0 ], [ 16.3101421, 52.7663868, 0.0 ], [ 16.3101411, 52.7663804, 0.0 ], [ 16.3101404, 52.7663714, 0.0 ], [ 16.3101398, 52.7663624, 0.0 ], [ 16.3101431, 52.7663558, 0.0 ], [ 16.3101468, 52.7663465, 0.0 ], [ 16.3101438, 52.7663391, 0.0 ], [ 16.310138, 52.7663357, 0.0 ], [ 16.3101283, 52.7663301, 0.0 ], [ 16.3101167, 52.7663234, 0.0 ], [ 16.3101051, 52.7663166, 0.0 ], [ 16.3100974, 52.7663121, 0.0 ], [ 16.3100849, 52.7663105, 0.0 ], [ 16.3100709, 52.7663052, 0.0 ], [ 16.3100593, 52.7662984, 0.0 ], [ 16.3100496, 52.7662928, 0.0 ], [ 16.3100404, 52.7662846, 0.0 ], [ 16.3100356, 52.7662762, 0.0 ], [ 16.3100352, 52.7662674, 0.0 ], [ 16.3100391, 52.7662584, 0.0 ], [ 16.3100387, 52.7662498, 0.0 ], [ 16.310031, 52.7662453, 0.0 ], [ 16.310019, 52.7662411, 0.0 ], [ 16.3100035, 52.7662433, 0.0 ], [ 16.3099923, 52.7662453, 0.0 ], [ 16.3099811, 52.7662472, 0.0 ], [ 16.3099579, 52.7662537, 0.0 ], [ 16.3099397, 52.7662574, 0.0 ], [ 16.3099193, 52.7662599, 0.0 ], [ 16.3098989, 52.7662625, 0.0 ], [ 16.309886, 52.7662608, 0.0 ], [ 16.309875, 52.7662603, 0.0 ], [ 16.3098601, 52.7662574, 0.0 ], [ 16.3098522, 52.7662529, 0.0 ], [ 16.3098424, 52.7662471, 0.0 ], [ 16.3098326, 52.7662414, 0.0 ], [ 16.3098196, 52.7662397, 0.0 ], [ 16.3098091, 52.7662366, 0.0 ], [ 16.3097961, 52.7662348, 0.0 ], [ 16.3097803, 52.7662345, 0.0 ], [ 16.3097665, 52.7662353, 0.0 ], [ 16.309752, 52.7662388, 0.0 ], [ 16.3097394, 52.7662433, 0.0 ], [ 16.309724, 52.7662494, 0.0 ], [ 16.3097078, 52.7662581, 0.0 ], [ 16.309697, 52.7662639, 0.0 ], [ 16.3096834, 52.7662712, 0.0 ], [ 16.3096697, 52.7662786, 0.0 ], [ 16.3096607, 52.7662857, 0.0 ], [ 16.3096496, 52.7662917, 0.0 ], [ 16.3096385, 52.7662977, 0.0 ], [ 16.3096217, 52.7663067, 0.0 ], [ 16.3095971, 52.7663177, 0.0 ], [ 16.3095817, 52.7663214, 0.0 ], [ 16.3095702, 52.7663275, 0.0 ], [ 16.309559, 52.7663336, 0.0 ], [ 16.3095457, 52.7663385, 0.0 ], [ 16.3095267, 52.7663464, 0.0 ], [ 16.3095153, 52.7663526, 0.0 ], [ 16.3095018, 52.7663575, 0.0 ], [ 16.3094853, 52.7663641, 0.0 ], [ 16.3094795, 52.7663672, 0.0 ], [ 16.3094571, 52.7663769, 0.0 ], [ 16.3094404, 52.7663836, 0.0 ], [ 16.3094244, 52.7663874, 0.0 ], [ 16.3094096, 52.7663954, 0.0 ], [ 16.3093956, 52.7664005, 0.0 ], [ 16.3093806, 52.7664085, 0.0 ], [ 16.3093685, 52.766415, 0.0 ], [ 16.3093534, 52.7664231, 0.0 ], [ 16.3093382, 52.7664313, 0.0 ], [ 16.3093096, 52.766449, 0.0 ], [ 16.3093065, 52.7664507, 0.0 ], [ 16.3092869, 52.7664636, 0.0 ], [ 16.3092744, 52.7664703, 0.0 ], [ 16.3092618, 52.7664771, 0.0 ], [ 16.309246, 52.7664856, 0.0 ], [ 16.3092365, 52.7664907, 0.0 ], [ 16.3092151, 52.7664997, 0.0 ], [ 16.3091967, 52.7665071, 0.0 ], [ 16.3091758, 52.7665133, 0.0 ], [ 16.3091647, 52.7665143, 0.0 ], [ 16.3091458, 52.7665145, 0.0 ], [ 16.3091246, 52.7665134, 0.0 ], [ 16.3091089, 52.7665118, 0.0 ], [ 16.3090932, 52.7665102, 0.0 ], [ 16.3090762, 52.7665117, 0.0 ], [ 16.3090594, 52.7665131, 0.0 ], [ 16.3090405, 52.7665131, 0.0 ], [ 16.3090237, 52.7665144, 0.0 ], [ 16.3090013, 52.7665162, 0.0 ], [ 16.3089911, 52.7665215, 0.0 ], [ 16.3089866, 52.7665338, 0.0 ], [ 16.308991, 52.7665439, 0.0 ], [ 16.308991, 52.7665515, 0.0 ], [ 16.3089921, 52.7665634, 0.0 ], [ 16.3089955, 52.7665692, 0.0 ], [ 16.3089965, 52.7665813, 0.0 ], [ 16.3089931, 52.7665907, 0.0 ], [ 16.3089907, 52.7666047, 0.0 ], [ 16.3089872, 52.7666142, 0.0 ], [ 16.3089791, 52.7666288, 0.0 ], [ 16.3089756, 52.7666384, 0.0 ], [ 16.3089744, 52.7666494, 0.0 ], [ 16.3089679, 52.7666608, 0.0 ], [ 16.3089589, 52.7666709, 0.0 ], [ 16.308938, 52.7666744, 0.0 ], [ 16.3089205, 52.7666761, 0.0 ], [ 16.3089088, 52.7666772, 0.0 ], [ 16.3088853, 52.7666794, 0.0 ], [ 16.3088641, 52.766683, 0.0 ], [ 16.3088463, 52.7666847, 0.0 ], [ 16.308826, 52.766685, 0.0 ], [ 16.3088057, 52.7666854, 0.0 ], [ 16.3087889, 52.7666838, 0.0 ], [ 16.3087769, 52.766685, 0.0 ], [ 16.30876, 52.7666834, 0.0 ], [ 16.308743, 52.7666818, 0.0 ], [ 16.3087236, 52.7666789, 0.0 ], [ 16.3087115, 52.7666721, 0.0 ], [ 16.3087019, 52.7666667, 0.0 ], [ 16.3086885, 52.7666632, 0.0 ], [ 16.3086714, 52.7666616, 0.0 ], [ 16.3086641, 52.7666575, 0.0 ], [ 16.3086446, 52.7666546, 0.0 ], [ 16.3086261, 52.7666562, 0.0 ], [ 16.30861, 52.7666593, 0.0 ], [ 16.30859, 52.7666642, 0.0 ], [ 16.30857, 52.7666692, 0.0 ], [ 16.3085435, 52.7666748, 0.0 ], [ 16.3085226, 52.7666801, 0.0 ], [ 16.308502, 52.7666853, 0.0 ], [ 16.3084814, 52.7666905, 0.0 ], [ 16.3084592, 52.766699, 0.0 ], [ 16.3084319, 52.7667049, 0.0 ], [ 16.3084109, 52.7667101, 0.0 ], [ 16.3083954, 52.7667099, 0.0 ], [ 16.3083896, 52.7667022, 0.0 ], [ 16.3083918, 52.7666906, 0.0 ], [ 16.3083949, 52.7666837, 0.0 ], [ 16.3084011, 52.7666702, 0.0 ], [ 16.3084033, 52.7666586, 0.0 ], [ 16.3084055, 52.7666471, 0.0 ], [ 16.3084116, 52.7666337, 0.0 ], [ 16.3084122, 52.7666256, 0.0 ], [ 16.3084104, 52.7666162, 0.0 ], [ 16.3084126, 52.7666048, 0.0 ], [ 16.3084147, 52.7665935, 0.0 ], [ 16.3084193, 52.7665837, 0.0 ], [ 16.3084214, 52.7665724, 0.0 ], [ 16.3084259, 52.7665626, 0.0 ], [ 16.3084281, 52.7665515, 0.0 ], [ 16.3084322, 52.766537, 0.0 ], [ 16.3084346, 52.7665258, 0.0 ], [ 16.308437, 52.7665147, 0.0 ], [ 16.3084377, 52.7665069, 0.0 ], [ 16.3084361, 52.7664978, 0.0 ], [ 16.3084369, 52.76649, 0.0 ], [ 16.3084328, 52.7664795, 0.0 ], [ 16.3084312, 52.7664704, 0.0 ], [ 16.3084232, 52.7664618, 0.0 ], [ 16.3084136, 52.7664564, 0.0 ], [ 16.3084056, 52.7664479, 0.0 ], [ 16.3083936, 52.7664411, 0.0 ], [ 16.3083816, 52.7664344, 0.0 ], [ 16.3083672, 52.7664263, 0.0 ], [ 16.3083528, 52.7664182, 0.0 ], [ 16.3083432, 52.7664128, 0.0 ], [ 16.3083312, 52.766406, 0.0 ], [ 16.3083168, 52.7663979, 0.0 ], [ 16.3083047, 52.7663912, 0.0 ], [ 16.3082927, 52.7663844, 0.0 ], [ 16.3082807, 52.7663777, 0.0 ], [ 16.3082687, 52.7663709, 0.0 ], [ 16.3082591, 52.7663655, 0.0 ], [ 16.3082471, 52.7663588, 0.0 ], [ 16.3082375, 52.7663534, 0.0 ], [ 16.3082254, 52.7663466, 0.0 ], [ 16.3082176, 52.7663381, 0.0 ], [ 16.3082145, 52.7663323, 0.0 ], [ 16.3082049, 52.7663269, 0.0 ], [ 16.3081929, 52.7663202, 0.0 ], [ 16.3081874, 52.7663131, 0.0 ], [ 16.3081778, 52.7663077, 0.0 ], [ 16.3081724, 52.7663005, 0.0 ], [ 16.3081629, 52.7662951, 0.0 ], [ 16.3081574, 52.766288, 0.0 ], [ 16.3081519, 52.766281, 0.0 ], [ 16.3081424, 52.7662755, 0.0 ], [ 16.308137, 52.7662685, 0.0 ], [ 16.3081315, 52.7662614, 0.0 ], [ 16.3081261, 52.7662543, 0.0 ], [ 16.3081208, 52.7662473, 0.0 ], [ 16.3081154, 52.7662402, 0.0 ], [ 16.30811, 52.7662332, 0.0 ], [ 16.3080981, 52.7662265, 0.0 ], [ 16.3080969, 52.7662178, 0.0 ], [ 16.3080892, 52.7662095, 0.0 ], [ 16.3080814, 52.7662011, 0.0 ], [ 16.3080803, 52.7661925, 0.0 ], [ 16.3080749, 52.7661855, 0.0 ], [ 16.3080654, 52.7661802, 0.0 ], [ 16.3080601, 52.7661732, 0.0 ], [ 16.3080566, 52.7661633, 0.0 ], [ 16.3080495, 52.7661593, 0.0 ], [ 16.3080498, 52.7661358, 0.0 ], [ 16.3080467, 52.7661285, 0.0 ], [ 16.3080435, 52.7661212, 0.0 ], [ 16.3080381, 52.7661153, 0.0 ], [ 16.3080142, 52.7660908, 0.0 ], [ 16.3080107, 52.7660861, 0.0 ], [ 16.3079994, 52.7660769, 0.0 ], [ 16.3079897, 52.7660714, 0.0 ], [ 16.3079858, 52.7660692, 0.0 ], [ 16.3079761, 52.7660637, 0.0 ], [ 16.3079683, 52.7660593, 0.0 ], [ 16.3079546, 52.7660515, 0.0 ], [ 16.3079448, 52.766046, 0.0 ], [ 16.307937, 52.7660416, 0.0 ], [ 16.3079288, 52.7660397, 0.0 ], [ 16.3079166, 52.7660355, 0.0 ], [ 16.3079064, 52.7660325, 0.0 ], [ 16.3078982, 52.7660305, 0.0 ], [ 16.3078837, 52.7660277, 0.0 ], [ 16.3078735, 52.7660246, 0.0 ], [ 16.3078677, 52.7660212, 0.0 ], [ 16.3078555, 52.766017, 0.0 ], [ 16.3078453, 52.7660139, 0.0 ], [ 16.3078293, 52.7660074, 0.0 ], [ 16.3078195, 52.7660019, 0.0 ], [ 16.3078034, 52.7659954, 0.0 ], [ 16.3077932, 52.7659923, 0.0 ], [ 16.3077854, 52.7659878, 0.0 ], [ 16.3077712, 52.7659824, 0.0 ], [ 16.3077673, 52.7659802, 0.0 ], [ 16.3077556, 52.7659735, 0.0 ], [ 16.3077419, 52.7659657, 0.0 ], [ 16.3077316, 52.7659625, 0.0 ], [ 16.3077277, 52.7659603, 0.0 ], [ 16.307714, 52.7659524, 0.0 ], [ 16.3077042, 52.7659468, 0.0 ], [ 16.3076919, 52.7659426, 0.0 ], [ 16.3076816, 52.7659394, 0.0 ], [ 16.3076738, 52.7659349, 0.0 ], [ 16.3076517, 52.765925, 0.0 ], [ 16.3076458, 52.7659217, 0.0 ], [ 16.3076251, 52.7659153, 0.0 ], [ 16.3076108, 52.7659099, 0.0 ], [ 16.3076023, 52.7659078, 0.0 ], [ 16.3075939, 52.7659058, 0.0 ], [ 16.3075744, 52.765903, 0.0 ], [ 16.307562, 52.7658986, 0.0 ], [ 16.3075515, 52.7658954, 0.0 ], [ 16.3075365, 52.7658924, 0.0 ], [ 16.3075215, 52.7658894, 0.0 ], [ 16.3075083, 52.7658875, 0.0 ], [ 16.3074912, 52.7658833, 0.0 ], [ 16.3074734, 52.7658815, 0.0 ], [ 16.3074629, 52.7658783, 0.0 ], [ 16.3074496, 52.7658764, 0.0 ], [ 16.3074317, 52.7658746, 0.0 ], [ 16.3074184, 52.7658727, 0.0 ], [ 16.3073984, 52.7658698, 0.0 ], [ 16.3073877, 52.7658665, 0.0 ], [ 16.3073696, 52.7658647, 0.0 ], [ 16.3073542, 52.7658616, 0.0 ], [ 16.3073434, 52.7658584, 0.0 ], [ 16.3073212, 52.7658543, 0.0 ], [ 16.3072968, 52.765849, 0.0 ], [ 16.3072765, 52.765846, 0.0 ], [ 16.3072593, 52.7658478, 0.0 ], [ 16.307244, 52.7658507, 0.0 ], [ 16.3072307, 52.7658549, 0.0 ], [ 16.3072161, 52.7658553, 0.0 ], [ 16.3071869, 52.7658416, 0.0 ], [ 16.3071739, 52.7658371, 0.0 ], [ 16.3071499, 52.7658293, 0.0 ], [ 16.3071296, 52.7658238, 0.0 ], [ 16.3071183, 52.7658205, 0.0 ], [ 16.307102, 52.7658174, 0.0 ], [ 16.3070857, 52.7658142, 0.0 ], [ 16.3070714, 52.7658122, 0.0 ], [ 16.3070571, 52.7658102, 0.0 ], [ 16.3070427, 52.7658082, 0.0 ], [ 16.3070325, 52.7658086, 0.0 ], [ 16.3070108, 52.7658055, 0.0 ], [ 16.3069911, 52.7658037, 0.0 ], [ 16.3069787, 52.7658028, 0.0 ], [ 16.3069568, 52.7657998, 0.0 ], [ 16.306937, 52.7657979, 0.0 ], [ 16.3069192, 52.7657972, 0.0 ], [ 16.3068971, 52.7657941, 0.0 ], [ 16.3068823, 52.7657921, 0.0 ], [ 16.3068696, 52.7657912, 0.0 ], [ 16.3068569, 52.7657903, 0.0 ], [ 16.3068346, 52.7657872, 0.0 ], [ 16.3068186, 52.7657877, 0.0 ], [ 16.3068111, 52.7657867, 0.0 ], [ 16.3067917, 52.7657884, 0.0 ], [ 16.3067734, 52.7657877, 0.0 ], [ 16.3067431, 52.7657898, 0.0 ], [ 16.3067289, 52.7657915, 0.0 ], [ 16.3067092, 52.7657933, 0.0 ], [ 16.3066915, 52.7657964, 0.0 ], [ 16.3066738, 52.7657994, 0.0 ], [ 16.3066582, 52.7658037, 0.0 ], [ 16.3066369, 52.7658081, 0.0 ], [ 16.3066211, 52.7658125, 0.0 ], [ 16.3066018, 52.7658182, 0.0 ], [ 16.3065915, 52.7658224, 0.0 ], [ 16.3065707, 52.7658308, 0.0 ], [ 16.3065533, 52.7658379, 0.0 ], [ 16.3065393, 52.7658436, 0.0 ], [ 16.3065217, 52.7658507, 0.0 ], [ 16.306504, 52.7658579, 0.0 ], [ 16.3064898, 52.7658637, 0.0 ], [ 16.3064755, 52.7658695, 0.0 ], [ 16.3064504, 52.7658797, 0.0 ], [ 16.3064362, 52.7658855, 0.0 ], [ 16.306422, 52.7658914, 0.0 ], [ 16.3064005, 52.7659002, 0.0 ], [ 16.3063783, 52.7659092, 0.0 ], [ 16.306361, 52.765914, 0.0 ], [ 16.306336, 52.7659219, 0.0 ], [ 16.3063208, 52.765928, 0.0 ], [ 16.3062994, 52.7659345, 0.0 ], [ 16.3062794, 52.7659381, 0.0 ], [ 16.306264, 52.7659443, 0.0 ], [ 16.3062461, 52.7659493, 0.0 ], [ 16.3062304, 52.7659556, 0.0 ], [ 16.3062047, 52.7659637, 0.0 ], [ 16.3061891, 52.76597, 0.0 ], [ 16.3061711, 52.7659751, 0.0 ], [ 16.3061475, 52.7659846, 0.0 ], [ 16.3061198, 52.7659959, 0.0 ], [ 16.3060894, 52.7660059, 0.0 ], [ 16.3060692, 52.7660141, 0.0 ], [ 16.3060546, 52.7660177, 0.0 ], [ 16.3060277, 52.7660262, 0.0 ], [ 16.3060031, 52.7660362, 0.0 ], [ 16.3059799, 52.7660432, 0.0 ], [ 16.3059566, 52.7660503, 0.0 ], [ 16.3059398, 52.766057, 0.0 ], [ 16.3059205, 52.7660625, 0.0 ], [ 16.305901, 52.766068, 0.0 ], [ 16.305884, 52.7660748, 0.0 ], [ 16.3058716, 52.7660799, 0.0 ], [ 16.3058484, 52.766087, 0.0 ], [ 16.3058276, 52.7660955, 0.0 ], [ 16.3058083, 52.766101, 0.0 ], [ 16.3057872, 52.7661096, 0.0 ], [ 16.3057762, 52.7661117, 0.0 ], [ 16.3057241, 52.7661307, 0.0 ], [ 16.3057119, 52.7661379, 0.0 ], [ 16.3057, 52.7661406, 0.0 ], [ 16.30569, 52.7661444, 0.0 ], [ 16.3056762, 52.7661461, 0.0 ], [ 16.3056642, 52.7661489, 0.0 ], [ 16.3056502, 52.7661507, 0.0 ], [ 16.30564, 52.7661545, 0.0 ], [ 16.3056278, 52.7661574, 0.0 ], [ 16.3056156, 52.7661602, 0.0 ], [ 16.3056015, 52.766162, 0.0 ], [ 16.3055913, 52.7661636, 0.0 ], [ 16.3055771, 52.7661655, 0.0 ], [ 16.3055647, 52.7661683, 0.0 ], [ 16.3055503, 52.7661702, 0.0 ], [ 16.3055378, 52.7661731, 0.0 ], [ 16.3055253, 52.766176, 0.0 ], [ 16.3055088, 52.7661768, 0.0 ], [ 16.3054901, 52.7661789, 0.0 ], [ 16.3054735, 52.7661797, 0.0 ], [ 16.3054588, 52.7661816, 0.0 ], [ 16.3054421, 52.7661825, 0.0 ], [ 16.3054291, 52.7661854, 0.0 ], [ 16.3054161, 52.7661884, 0.0 ], [ 16.3054008, 52.7661927, 0.0 ], [ 16.3053896, 52.7661968, 0.0 ], [ 16.3053742, 52.7662011, 0.0 ], [ 16.305359, 52.766203, 0.0 ], [ 16.3053457, 52.7662061, 0.0 ], [ 16.3053367, 52.7662089, 0.0 ], [ 16.3053233, 52.766212, 0.0 ], [ 16.3053051, 52.7662177, 0.0 ], [ 16.3052892, 52.7662221, 0.0 ], [ 16.3052683, 52.7662292, 0.0 ], [ 16.3052566, 52.7662334, 0.0 ], [ 16.3052522, 52.7662337, 0.0 ], [ 16.3052291, 52.7662398, 0.0 ], [ 16.3052197, 52.7662427, 0.0 ], [ 16.3052013, 52.7662462, 0.0 ], [ 16.3051873, 52.7662494, 0.0 ], [ 16.3051712, 52.7662516, 0.0 ], [ 16.3051531, 52.7662526, 0.0 ], [ 16.3051394, 52.7662534, 0.0 ], [ 16.3051236, 52.7662531, 0.0 ], [ 16.3051104, 52.7662514, 0.0 ], [ 16.3050925, 52.76625, 0.0 ], [ 16.3050817, 52.7662469, 0.0 ], [ 16.3050661, 52.7662442, 0.0 ], [ 16.3050572, 52.7662423, 0.0 ], [ 16.3050415, 52.7662396, 0.0 ], [ 16.3050305, 52.7662366, 0.0 ], [ 16.3050216, 52.7662346, 0.0 ], [ 16.3050105, 52.7662316, 0.0 ], [ 16.3049974, 52.7662275, 0.0 ], [ 16.3049884, 52.7662255, 0.0 ], [ 16.3049725, 52.7662228, 0.0 ], [ 16.3049545, 52.7662189, 0.0 ], [ 16.3049503, 52.7662167, 0.0 ], [ 16.304935, 52.7662114, 0.0 ], [ 16.304928, 52.7662105, 0.0 ], [ 16.3049126, 52.7662053, 0.0 ], [ 16.3048945, 52.7662013, 0.0 ], [ 16.3048811, 52.7661971, 0.0 ], [ 16.3048636, 52.7661993, 0.0 ], [ 16.3048517, 52.7661987, 0.0 ], [ 16.3048348, 52.7661984, 0.0 ], [ 16.3048199, 52.7661992, 0.0 ], [ 16.30481, 52.7661997, 0.0 ], [ 16.304785, 52.766201, 0.0 ], [ 16.30477, 52.7662018, 0.0 ], [ 16.3047578, 52.7662013, 0.0 ], [ 16.3047398, 52.7662035, 0.0 ], [ 16.3047165, 52.766206, 0.0 ], [ 16.3047012, 52.7662068, 0.0 ], [ 16.3046829, 52.766209, 0.0 ], [ 16.3046645, 52.7662113, 0.0 ], [ 16.3046482, 52.7662147, 0.0 ], [ 16.3046261, 52.7662186, 0.0 ], [ 16.3046101, 52.7662195, 0.0 ], [ 16.3046039, 52.7662224, 0.0 ], [ 16.3045758, 52.7662286, 0.0 ], [ 16.3045316, 52.7662408, 0.0 ], [ 16.3045229, 52.7662457, 0.0 ], [ 16.3045143, 52.7662487, 0.0 ], [ 16.304509, 52.7662517, 0.0 ], [ 16.3045019, 52.7662576, 0.0 ], [ 16.3044948, 52.7662636, 0.0 ], [ 16.304491, 52.7662714, 0.0 ], [ 16.3044891, 52.7662763, 0.0 ], [ 16.3044871, 52.7662831, 0.0 ], [ 16.304265, 52.7664269, 0.0 ], [ 16.3041638, 52.7664546, 0.0 ], [ 16.304094, 52.7664961, 0.0 ], [ 16.3040509, 52.7665228, 0.0 ], [ 16.3040142, 52.7665468, 0.0 ], [ 16.3038919, 52.7665223, 0.0 ], [ 16.3037838, 52.7665119, 0.0 ], [ 16.3037058, 52.7665159, 0.0 ], [ 16.3036284, 52.7665331, 0.0 ], [ 16.3035613, 52.7665544, 0.0 ], [ 16.3035085, 52.7665771, 0.0 ], [ 16.3033807, 52.7666318, 0.0 ], [ 16.3031932, 52.7667192, 0.0 ], [ 16.3029901, 52.7668049, 0.0 ], [ 16.3027645, 52.7669001, 0.0 ], [ 16.3025776, 52.7669872, 0.0 ], [ 16.3023903, 52.7670763, 0.0 ], [ 16.3021695, 52.7671767, 0.0 ], [ 16.3020087, 52.7671653, 0.0 ], [ 16.3018651, 52.7671576, 0.0 ], [ 16.3016924, 52.7671523, 0.0 ], [ 16.3015139, 52.7671323, 0.0 ], [ 16.3013144, 52.7671225, 0.0 ], [ 16.301173, 52.7671314, 0.0 ], [ 16.3011641, 52.7671264, 0.0 ], [ 16.3011552, 52.7671213, 0.0 ], [ 16.3011446, 52.7671176, 0.0 ], [ 16.3011323, 52.7671176, 0.0 ], [ 16.3011217, 52.7671162, 0.0 ], [ 16.3011556, 52.7671186, 0.0 ], [ 16.301097, 52.7671185, 0.0 ], [ 16.3010845, 52.7671161, 0.0 ], [ 16.3010738, 52.7671148, 0.0 ], [ 16.3010595, 52.7671137, 0.0 ], [ 16.3010487, 52.7671123, 0.0 ], [ 16.3010361, 52.7671123, 0.0 ], [ 16.3010271, 52.7671119, 0.0 ], [ 16.3010163, 52.7671105, 0.0 ], [ 16.3010109, 52.7671098, 0.0 ], [ 16.3010018, 52.7671094, 0.0 ], [ 16.3009836, 52.7671087, 0.0 ], [ 16.3009709, 52.7671087, 0.0 ], [ 16.3009599, 52.7671097, 0.0 ], [ 16.3009489, 52.7671082, 0.0 ], [ 16.3009378, 52.7671092, 0.0 ], [ 16.3009287, 52.7671065, 0.0 ], [ 16.3009158, 52.767104, 0.0 ], [ 16.3009028, 52.767104, 0.0 ], [ 16.3008917, 52.7671025, 0.0 ], [ 16.3008805, 52.7671011, 0.0 ], [ 16.3008731, 52.7671018, 0.0 ], [ 16.30086, 52.7670993, 0.0 ], [ 16.3008507, 52.7670989, 0.0 ], [ 16.3008375, 52.7670989, 0.0 ], [ 16.3008243, 52.7670988, 0.0 ], [ 16.3008148, 52.7670984, 0.0 ], [ 16.3008016, 52.7670984, 0.0 ], [ 16.3007901, 52.7670993, 0.0 ], [ 16.3007766, 52.7671017, 0.0 ], [ 16.3007651, 52.7671027, 0.0 ], [ 16.3007497, 52.7671016, 0.0 ], [ 16.3007381, 52.7671026, 0.0 ], [ 16.3007227, 52.7671015, 0.0 ], [ 16.3007091, 52.7671015, 0.0 ], [ 16.3006955, 52.7671014, 0.0 ], [ 16.3006839, 52.7670999, 0.0 ], [ 16.3006722, 52.7670985, 0.0 ], [ 16.3006624, 52.7670981, 0.0 ], [ 16.3006449, 52.7670959, 0.0 ], [ 16.3006311, 52.7670958, 0.0 ], [ 16.3006193, 52.7670943, 0.0 ], [ 16.3006054, 52.7670943, 0.0 ], [ 16.3005957, 52.7670914, 0.0 ], [ 16.3005798, 52.7670902, 0.0 ], [ 16.3005658, 52.7670902, 0.0 ], [ 16.3005539, 52.7670887, 0.0 ], [ 16.3005419, 52.7670872, 0.0 ], [ 16.3005237, 52.7670874, 0.0 ], [ 16.3005117, 52.7670859, 0.0 ], [ 16.3005016, 52.7670855, 0.0 ], [ 16.3004854, 52.7670843, 0.0 ], [ 16.3004691, 52.7670832, 0.0 ], [ 16.3004548, 52.7670831, 0.0 ], [ 16.3004426, 52.7670816, 0.0 ], [ 16.3004323, 52.7670811, 0.0 ], [ 16.3004159, 52.76708, 0.0 ], [ 16.3004056, 52.7670795, 0.0 ], [ 16.3003933, 52.767078, 0.0 ], [ 16.3003787, 52.7670779, 0.0 ], [ 16.3003663, 52.7670764, 0.0 ], [ 16.3003516, 52.7670763, 0.0 ], [ 16.3003411, 52.7670758, 0.0 ], [ 16.3003264, 52.7670757, 0.0 ], [ 16.3003096, 52.7670745, 0.0 ], [ 16.3002927, 52.7670733, 0.0 ], [ 16.3002759, 52.7670721, 0.0 ], [ 16.3002634, 52.7670704, 0.0 ], [ 16.3002486, 52.7670702, 0.0 ], [ 16.3002361, 52.7670686, 0.0 ], [ 16.3002235, 52.7670669, 0.0 ], [ 16.3002129, 52.7670664, 0.0 ], [ 16.3002099, 52.767059, 0.0 ], [ 16.3002131, 52.7670525, 0.0 ], [ 16.3002207, 52.7670456, 0.0 ], [ 16.3002263, 52.7670377, 0.0 ], [ 16.3002318, 52.7670298, 0.0 ], [ 16.3002382, 52.767017, 0.0 ], [ 16.3002414, 52.7670106, 0.0 ], [ 16.3002473, 52.7670003, 0.0 ], [ 16.3002466, 52.7669917, 0.0 ], [ 16.3002497, 52.7669854, 0.0 ], [ 16.300249, 52.7669769, 0.0 ], [ 16.3002464, 52.7669673, 0.0 ], [ 16.3002453, 52.7669612, 0.0 ], [ 16.3002447, 52.7669528, 0.0 ], [ 16.3002402, 52.7669422, 0.0 ], [ 16.3002395, 52.7669338, 0.0 ], [ 16.3002365, 52.7669267, 0.0 ], [ 16.3002321, 52.7669162, 0.0 ], [ 16.3002296, 52.7669068, 0.0 ], [ 16.300227, 52.7668974, 0.0 ], [ 16.3002241, 52.7668904, 0.0 ], [ 16.3002249, 52.7668857, 0.0 ], [ 16.3002224, 52.7668763, 0.0 ], [ 16.3002217, 52.7668682, 0.0 ], [ 16.3002199, 52.7668671, 0.0 ], [ 16.3002163, 52.766852, 0.0 ], [ 16.3002203, 52.7668414, 0.0 ], [ 16.3002196, 52.7668333, 0.0 ], [ 16.3002186, 52.7668276, 0.0 ], [ 16.300218, 52.7668195, 0.0 ], [ 16.3002192, 52.7668126, 0.0 ], [ 16.3002163, 52.7668058, 0.0 ], [ 16.3002153, 52.7668001, 0.0 ], [ 16.3002128, 52.7667911, 0.0 ], [ 16.3002118, 52.7667854, 0.0 ], [ 16.3002075, 52.7667754, 0.0 ], [ 16.3002032, 52.7667654, 0.0 ], [ 16.3002022, 52.7667598, 0.0 ], [ 16.3002035, 52.766753, 0.0 ], [ 16.3002051, 52.766744, 0.0 ], [ 16.3002086, 52.7667361, 0.0 ], [ 16.3002116, 52.7667304, 0.0 ], [ 16.3002195, 52.7667202, 0.0 ], [ 16.300224, 52.7667179, 0.0 ], [ 16.3002296, 52.7667089, 0.0 ], [ 16.3002352, 52.7667, 0.0 ], [ 16.3002408, 52.7666911, 0.0 ], [ 16.3002459, 52.7666845, 0.0 ], [ 16.3002514, 52.7666757, 0.0 ], [ 16.3002547, 52.7666681, 0.0 ], [ 16.3002581, 52.7666605, 0.0 ], [ 16.3002592, 52.766654, 0.0 ], [ 16.3002625, 52.7666465, 0.0 ], [ 16.3002637, 52.7666401, 0.0 ], [ 16.3002674, 52.7666304, 0.0 ], [ 16.3002704, 52.7666251, 0.0 ], [ 16.3002715, 52.7666187, 0.0 ], [ 16.3002766, 52.7666123, 0.0 ], [ 16.3002774, 52.7666081, 0.0 ], [ 16.3002793, 52.7665976, 0.0 ], [ 16.3002823, 52.7665923, 0.0 ], [ 16.300286, 52.7665829, 0.0 ], [ 16.3002889, 52.7665777, 0.0 ], [ 16.3002974, 52.7665734, 0.0 ], [ 16.3003063, 52.7665671, 0.0 ], [ 16.3003092, 52.766562, 0.0 ], [ 16.3003159, 52.7665568, 0.0 ], [ 16.3003205, 52.7665526, 0.0 ], [ 16.3003219, 52.7665445, 0.0 ], [ 16.300323, 52.7665384, 0.0 ], [ 16.3003241, 52.7665323, 0.0 ], [ 16.3003252, 52.7665263, 0.0 ], [ 16.3003301, 52.7665202, 0.0 ], [ 16.3003349, 52.7665141, 0.0 ], [ 16.3003343, 52.7665072, 0.0 ], [ 16.3003333, 52.7665022, 0.0 ], [ 16.3003326, 52.7664952, 0.0 ], [ 16.3003278, 52.7664903, 0.0 ], [ 16.300323, 52.7664853, 0.0 ], [ 16.3003203, 52.7664794, 0.0 ], [ 16.3003213, 52.7664735, 0.0 ], [ 16.3003204, 52.7664686, 0.0 ], [ 16.300318, 52.7664608, 0.0 ], [ 16.300317, 52.7664559, 0.0 ], [ 16.3003188, 52.7664461, 0.0 ], [ 16.3003191, 52.7664442, 0.0 ], [ 16.3003155, 52.7664335, 0.0 ], [ 16.3003148, 52.7664267, 0.0 ], [ 16.3003142, 52.76642, 0.0 ], [ 16.3003132, 52.7664152, 0.0 ], [ 16.3003143, 52.7664095, 0.0 ], [ 16.3003147, 52.7663971, 0.0 ], [ 16.3003154, 52.7663933, 0.0 ], [ 16.3003189, 52.7663848, 0.0 ], [ 16.3003183, 52.7663782, 0.0 ], [ 16.3003299, 52.7663446, 0.0 ], [ 16.3003327, 52.7663322, 0.0 ], [ 16.3003354, 52.7663198, 0.0 ], [ 16.3003375, 52.7663106, 0.0 ], [ 16.3003446, 52.7663008, 0.0 ], [ 16.3003495, 52.7662898, 0.0 ], [ 16.3003559, 52.7662831, 0.0 ], [ 16.3003607, 52.7662722, 0.0 ], [ 16.3003655, 52.7662614, 0.0 ], [ 16.3003724, 52.7662519, 0.0 ], [ 16.3003744, 52.7662429, 0.0 ], [ 16.3003764, 52.766234, 0.0 ], [ 16.3003839, 52.7662216, 0.0 ], [ 16.3003886, 52.766211, 0.0 ], [ 16.3003933, 52.7662004, 0.0 ], [ 16.300398, 52.76619, 0.0 ], [ 16.3004026, 52.7661795, 0.0 ], [ 16.3004045, 52.7661708, 0.0 ], [ 16.3004091, 52.7661605, 0.0 ], [ 16.3004137, 52.7661502, 0.0 ], [ 16.3004149, 52.7661445, 0.0 ], [ 16.3004195, 52.7661343, 0.0 ], [ 16.3004246, 52.7661213, 0.0 ], [ 16.3004297, 52.7661083, 0.0 ], [ 16.3004316, 52.7660999, 0.0 ], [ 16.300436, 52.7660899, 0.0 ], [ 16.3004419, 52.7660839, 0.0 ], [ 16.3004443, 52.7660728, 0.0 ], [ 16.3004487, 52.7660629, 0.0 ], [ 16.3004499, 52.7660574, 0.0 ], [ 16.3004522, 52.7660464, 0.0 ], [ 16.300454, 52.7660382, 0.0 ], [ 16.3004583, 52.7660285, 0.0 ], [ 16.3004607, 52.7660176, 0.0 ], [ 16.300465, 52.766008, 0.0 ], [ 16.3004713, 52.7659996, 0.0 ], [ 16.3004776, 52.7659912, 0.0 ], [ 16.3004838, 52.7659828, 0.0 ], [ 16.3004829, 52.7659764, 0.0 ], [ 16.300486, 52.7659722, 0.0 ], [ 16.3005333, 52.7659155, 0.0 ], [ 16.3005351, 52.7658896, 0.0 ], [ 16.300514, 52.7658589, 0.0 ], [ 16.3005144, 52.7658523, 0.0 ], [ 16.3005168, 52.7658446, 0.0 ], [ 16.3005207, 52.7658423, 0.0 ], [ 16.300521, 52.7658357, 0.0 ], [ 16.3005293, 52.7658224, 0.0 ], [ 16.3005334, 52.7658158, 0.0 ], [ 16.3005377, 52.765807, 0.0 ], [ 16.3005437, 52.7657992, 0.0 ], [ 16.3005478, 52.7657926, 0.0 ], [ 16.3005519, 52.765786, 0.0 ], [ 16.3005561, 52.7657773, 0.0 ], [ 16.3005603, 52.7657686, 0.0 ], [ 16.3005643, 52.7657621, 0.0 ], [ 16.3005686, 52.7657512, 0.0 ], [ 16.3005705, 52.7657501, 0.0 ], [ 16.300573, 52.7657383, 0.0 ], [ 16.3005769, 52.765734, 0.0 ], [ 16.3005811, 52.7657254, 0.0 ], [ 16.3005851, 52.7657189, 0.0 ], [ 16.3005873, 52.7657114, 0.0 ], [ 16.3005913, 52.765705, 0.0 ], [ 16.3005935, 52.7656997, 0.0 ], [ 16.3005976, 52.7656911, 0.0 ], [ 16.3005997, 52.7656858, 0.0 ], [ 16.3006019, 52.7656784, 0.0 ], [ 16.3006041, 52.765671, 0.0 ], [ 16.3006063, 52.7656636, 0.0 ], [ 16.3006086, 52.7656542, 0.0 ], [ 16.3006108, 52.7656468, 0.0 ], [ 16.3006147, 52.7656405, 0.0 ], [ 16.3006169, 52.7656332, 0.0 ], [ 16.300621, 52.7656248, 0.0 ], [ 16.300625, 52.7656164, 0.0 ], [ 16.3006327, 52.765608, 0.0 ], [ 16.3006383, 52.7656027, 0.0 ], [ 16.3006457, 52.7655985, 0.0 ], [ 16.300655, 52.7655932, 0.0 ], [ 16.3006642, 52.765588, 0.0 ], [ 16.3006715, 52.7655837, 0.0 ], [ 16.3006789, 52.7655795, 0.0 ], [ 16.3006844, 52.7655764, 0.0 ], [ 16.30069, 52.7655712, 0.0 ], [ 16.3006956, 52.765566, 0.0 ], [ 16.3007012, 52.7655588, 0.0 ], [ 16.300705, 52.7655527, 0.0 ], [ 16.3007088, 52.7655465, 0.0 ], [ 16.3007144, 52.7655414, 0.0 ], [ 16.3007182, 52.7655352, 0.0 ], [ 16.3007219, 52.7655291, 0.0 ], [ 16.3007275, 52.765524, 0.0 ], [ 16.3007294, 52.765519, 0.0 ], [ 16.3007367, 52.7655128, 0.0 ], [ 16.3007405, 52.7655068, 0.0 ], [ 16.3007442, 52.7655027, 0.0 ], [ 16.3007514, 52.7654966, 0.0 ], [ 16.3007551, 52.7654906, 0.0 ], [ 16.3007606, 52.7654855, 0.0 ], [ 16.3007643, 52.7654795, 0.0 ], [ 16.3007697, 52.7654745, 0.0 ], [ 16.3007827, 52.7654222, 0.0 ], [ 16.3007862, 52.7654101, 0.0 ], [ 16.3007897, 52.7653981, 0.0 ], [ 16.3007901, 52.7653879, 0.0 ], [ 16.3007934, 52.7653794, 0.0 ], [ 16.3007999, 52.7653657, 0.0 ], [ 16.3008032, 52.7653572, 0.0 ], [ 16.3008065, 52.7653487, 0.0 ], [ 16.3008129, 52.7653351, 0.0 ], [ 16.3008162, 52.7653266, 0.0 ], [ 16.3008223, 52.7653198, 0.0 ], [ 16.3008287, 52.7653062, 0.0 ], [ 16.3008349, 52.7652961, 0.0 ], [ 16.3008441, 52.7652842, 0.0 ], [ 16.3008533, 52.7652724, 0.0 ], [ 16.3008625, 52.7652606, 0.0 ], [ 16.3008715, 52.7652522, 0.0 ], [ 16.3008805, 52.7652438, 0.0 ], [ 16.3008924, 52.7652337, 0.0 ], [ 16.3009043, 52.7652236, 0.0 ], [ 16.3009132, 52.7652152, 0.0 ], [ 16.3009192, 52.7652053, 0.0 ], [ 16.3009337, 52.765197, 0.0 ], [ 16.3009425, 52.7651854, 0.0 ], [ 16.3009485, 52.7651756, 0.0 ], [ 16.3009572, 52.7651673, 0.0 ], [ 16.3009632, 52.7651575, 0.0 ], [ 16.3009691, 52.7651477, 0.0 ], [ 16.3009751, 52.7651379, 0.0 ], [ 16.3009839, 52.7651265, 0.0 ], [ 16.3009927, 52.7651151, 0.0 ], [ 16.3010014, 52.765107, 0.0 ], [ 16.3010073, 52.7650973, 0.0 ], [ 16.3010132, 52.7650876, 0.0 ], [ 16.3010162, 52.7650796, 0.0 ], [ 16.3010193, 52.7650684, 0.0 ], [ 16.3010196, 52.7650588, 0.0 ], [ 16.3010171, 52.7650476, 0.0 ], [ 16.3010118, 52.7650381, 0.0 ], [ 16.3010064, 52.7650318, 0.0 ], [ 16.3010067, 52.7650222, 0.0 ], [ 16.3009959, 52.7650096, 0.0 ], [ 16.3009906, 52.7650001, 0.0 ], [ 16.3009797, 52.7649938, 0.0 ], [ 16.3009745, 52.7649812, 0.0 ], [ 16.3009691, 52.7649749, 0.0 ], [ 16.3009641, 52.7649592, 0.0 ], [ 16.300959, 52.7649466, 0.0 ], [ 16.3009538, 52.764934, 0.0 ], [ 16.3009515, 52.7649231, 0.0 ], [ 16.3009518, 52.7649137, 0.0 ], [ 16.3009549, 52.7649027, 0.0 ], [ 16.3009524, 52.7648949, 0.0 ], [ 16.3009503, 52.7648747, 0.0 ], [ 16.300948, 52.7648638, 0.0 ], [ 16.3009456, 52.764853, 0.0 ], [ 16.3009487, 52.7648422, 0.0 ], [ 16.300949, 52.7648329, 0.0 ], [ 16.3009521, 52.7648221, 0.0 ], [ 16.3009552, 52.7648114, 0.0 ], [ 16.3009638, 52.7648007, 0.0 ], [ 16.3009751, 52.7647916, 0.0 ], [ 16.3009781, 52.7647839, 0.0 ], [ 16.3009812, 52.7647733, 0.0 ], [ 16.3009842, 52.7647626, 0.0 ], [ 16.3009927, 52.7647551, 0.0 ], [ 16.3010066, 52.7647476, 0.0 ], [ 16.3010176, 52.7647416, 0.0 ], [ 16.3010287, 52.7647357, 0.0 ], [ 16.3010478, 52.7647313, 0.0 ], [ 16.3010642, 52.7647284, 0.0 ], [ 16.3010859, 52.7647256, 0.0 ], [ 16.3010995, 52.7647212, 0.0 ], [ 16.3011131, 52.7647139, 0.0 ], [ 16.3011293, 52.764708, 0.0 ], [ 16.3011456, 52.7646992, 0.0 ], [ 16.3011618, 52.7646934, 0.0 ], [ 16.3011752, 52.7646891, 0.0 ], [ 16.3011886, 52.7646848, 0.0 ], [ 16.301202, 52.7646805, 0.0 ], [ 16.301218, 52.7646747, 0.0 ], [ 16.3012313, 52.7646705, 0.0 ], [ 16.3012499, 52.7646662, 0.0 ], [ 16.3012605, 52.7646605, 0.0 ], [ 16.3012659, 52.7646576, 0.0 ], [ 16.3013281, 52.764643, 0.0 ], [ 16.3013443, 52.7646414, 0.0 ], [ 16.3013629, 52.7646384, 0.0 ], [ 16.3013768, 52.7646355, 0.0 ], [ 16.3013907, 52.7646326, 0.0 ], [ 16.3014024, 52.7646284, 0.0 ], [ 16.3014162, 52.7646256, 0.0 ], [ 16.3014346, 52.7646226, 0.0 ], [ 16.3014483, 52.7646198, 0.0 ], [ 16.3014621, 52.7646169, 0.0 ], [ 16.3014781, 52.7646127, 0.0 ], [ 16.301494, 52.7646085, 0.0 ], [ 16.3015122, 52.7646056, 0.0 ], [ 16.301528, 52.7646015, 0.0 ], [ 16.3015394, 52.7645974, 0.0 ], [ 16.3015529, 52.7645946, 0.0 ], [ 16.301562, 52.7645892, 0.0 ], [ 16.3015755, 52.7645839, 0.0 ], [ 16.3015846, 52.7645785, 0.0 ], [ 16.3015959, 52.7645719, 0.0 ], [ 16.3016005, 52.7645641, 0.0 ], [ 16.3016096, 52.7645563, 0.0 ], [ 16.301612, 52.7645498, 0.0 ], [ 16.3016143, 52.7645434, 0.0 ], [ 16.3016123, 52.7645344, 0.0 ], [ 16.3016081, 52.7645242, 0.0 ], [ 16.3016038, 52.7645166, 0.0 ], [ 16.3015909, 52.7645065, 0.0 ], [ 16.30158, 52.7645002, 0.0 ], [ 16.3015801, 52.7644977, 0.0 ], [ 16.3015671, 52.7644902, 0.0 ], [ 16.3015519, 52.7644814, 0.0 ], [ 16.3015367, 52.7644751, 0.0 ], [ 16.3015213, 52.7644714, 0.0 ], [ 16.3015081, 52.764469, 0.0 ], [ 16.3014948, 52.7644665, 0.0 ], [ 16.3014793, 52.7644654, 0.0 ], [ 16.3014637, 52.7644642, 0.0 ], [ 16.3014526, 52.764463, 0.0 ], [ 16.3014415, 52.7644618, 0.0 ], [ 16.3014214, 52.7644607, 0.0 ], [ 16.3014013, 52.764457, 0.0 ], [ 16.3013835, 52.7644545, 0.0 ], [ 16.3013677, 52.7644533, 0.0 ], [ 16.3013543, 52.7644509, 0.0 ], [ 16.3013386, 52.7644497, 0.0 ], [ 16.3013228, 52.7644485, 0.0 ], [ 16.3013092, 52.7644486, 0.0 ], [ 16.3012979, 52.7644473, 0.0 ], [ 16.3012776, 52.7644436, 0.0 ], [ 16.3012617, 52.7644424, 0.0 ], [ 16.301239, 52.76444, 0.0 ], [ 16.3012277, 52.7644387, 0.0 ], [ 16.3012141, 52.7644362, 0.0 ], [ 16.3011981, 52.764435, 0.0 ], [ 16.3011845, 52.7644325, 0.0 ], [ 16.3011709, 52.76443, 0.0 ], [ 16.3011572, 52.7644275, 0.0 ], [ 16.3011462, 52.7644211, 0.0 ], [ 16.3011492, 52.7644121, 0.0 ], [ 16.3011542, 52.764407, 0.0 ], [ 16.3011638, 52.7644018, 0.0 ], [ 16.3011734, 52.7643967, 0.0 ], [ 16.3011877, 52.764389, 0.0 ], [ 16.3011972, 52.7643839, 0.0 ], [ 16.3012091, 52.7643776, 0.0 ], [ 16.3012164, 52.7643712, 0.0 ], [ 16.3012261, 52.7643637, 0.0 ], [ 16.3012379, 52.7643573, 0.0 ], [ 16.3012429, 52.7643498, 0.0 ], [ 16.3012476, 52.7643473, 0.0 ], [ 16.3012526, 52.7643398, 0.0 ], [ 16.3012645, 52.764331, 0.0 ], [ 16.3012718, 52.7643223, 0.0 ], [ 16.3012768, 52.7643148, 0.0 ], [ 16.3012819, 52.7643049, 0.0 ], [ 16.3012847, 52.7642962, 0.0 ], [ 16.3012875, 52.7642876, 0.0 ], [ 16.301288, 52.7642802, 0.0 ], [ 16.3012909, 52.7642691, 0.0 ], [ 16.3012914, 52.7642617, 0.0 ], [ 16.3012897, 52.7642531, 0.0 ], [ 16.3012923, 52.764247, 0.0 ], [ 16.3012885, 52.7642372, 0.0 ], [ 16.301289, 52.7642299, 0.0 ], [ 16.3012873, 52.7642213, 0.0 ], [ 16.3012875, 52.7642165, 0.0 ], [ 16.3012535, 52.7641878, 0.0 ], [ 16.3012472, 52.7641782, 0.0 ], [ 16.3012432, 52.76417, 0.0 ], [ 16.3012369, 52.7641605, 0.0 ], [ 16.3012303, 52.7641537, 0.0 ], [ 16.3012257, 52.764151, 0.0 ], [ 16.3012096, 52.7641416, 0.0 ], [ 16.3012027, 52.7641376, 0.0 ], [ 16.3011858, 52.7641337, 0.0 ], [ 16.3011735, 52.7641325, 0.0 ], [ 16.3011562, 52.7641314, 0.0 ], [ 16.3011366, 52.764129, 0.0 ], [ 16.3011161, 52.7641321, 0.0 ], [ 16.301101, 52.7641323, 0.0 ], [ 16.3010832, 52.764134, 0.0 ], [ 16.3010708, 52.7641328, 0.0 ], [ 16.3010459, 52.7641304, 0.0 ], [ 16.3010237, 52.7641266, 0.0 ], [ 16.3010088, 52.7641241, 0.0 ], [ 16.300994, 52.7641215, 0.0 ], [ 16.3009787, 52.7641217, 0.0 ], [ 16.3009638, 52.7641192, 0.0 ], [ 16.3009462, 52.7641208, 0.0 ], [ 16.3009289, 52.7641196, 0.0 ], [ 16.3009143, 52.764117, 0.0 ], [ 16.3008997, 52.7641143, 0.0 ], [ 16.3008603, 52.7640802, 0.0 ], [ 16.3008724, 52.7640691, 0.0 ], [ 16.3008771, 52.7640583, 0.0 ], [ 16.300893, 52.764045, 0.0 ], [ 16.3009015, 52.764032, 0.0 ], [ 16.30091, 52.764019, 0.0 ], [ 16.3009185, 52.764006, 0.0 ], [ 16.3009266, 52.7639973, 0.0 ], [ 16.3009354, 52.7639801, 0.0 ], [ 16.3009438, 52.7639672, 0.0 ], [ 16.3009488, 52.7639523, 0.0 ], [ 16.3009572, 52.7639395, 0.0 ], [ 16.3009545, 52.763929, 0.0 ], [ 16.3009594, 52.7639142, 0.0 ], [ 16.3009644, 52.7638994, 0.0 ], [ 16.3009695, 52.7638846, 0.0 ], [ 16.3009711, 52.7638679, 0.0 ], [ 16.3009796, 52.7638552, 0.0 ], [ 16.300985, 52.7638364, 0.0 ], [ 16.3009901, 52.7638218, 0.0 ], [ 16.3009913, 52.7638093, 0.0 ], [ 16.3009925, 52.7637969, 0.0 ], [ 16.3009979, 52.7637782, 0.0 ], [ 16.3010063, 52.7637658, 0.0 ], [ 16.3010075, 52.7637535, 0.0 ], [ 16.301012, 52.7637431, 0.0 ], [ 16.3010174, 52.7637247, 0.0 ], [ 16.3010186, 52.7637124, 0.0 ], [ 16.3010197, 52.7637002, 0.0 ], [ 16.3010254, 52.7636778, 0.0 ], [ 16.3010262, 52.7636697, 0.0 ], [ 16.3010315, 52.7636515, 0.0 ], [ 16.3010364, 52.7636374, 0.0 ], [ 16.3010375, 52.7636253, 0.0 ], [ 16.3010424, 52.7636112, 0.0 ], [ 16.3010465, 52.7636052, 0.0 ], [ 16.3010517, 52.7635872, 0.0 ], [ 16.3010566, 52.7635732, 0.0 ], [ 16.3010577, 52.7635612, 0.0 ], [ 16.3010662, 52.7635453, 0.0 ], [ 16.301071, 52.7635314, 0.0 ], [ 16.3010758, 52.7635176, 0.0 ], [ 16.3010839, 52.7635058, 0.0 ], [ 16.3010883, 52.7634959, 0.0 ], [ 16.3011026, 52.7634919, 0.0 ], [ 16.3011236, 52.7634918, 0.0 ], [ 16.3011478, 52.7634937, 0.0 ], [ 16.301172, 52.7634956, 0.0 ], [ 16.3011961, 52.7634974, 0.0 ], [ 16.3012139, 52.7634915, 0.0 ], [ 16.3012284, 52.7634836, 0.0 ], [ 16.3012364, 52.763468, 0.0 ], [ 16.301244, 52.7634564, 0.0 ], [ 16.3012481, 52.7634467, 0.0 ], [ 16.3012558, 52.7634351, 0.0 ], [ 16.3012601, 52.7634216, 0.0 ], [ 16.3012644, 52.7634081, 0.0 ], [ 16.3012688, 52.7633947, 0.0 ], [ 16.3012733, 52.7633775, 0.0 ], [ 16.3012809, 52.763366, 0.0 ], [ 16.3012849, 52.7633565, 0.0 ], [ 16.3012892, 52.7633432, 0.0 ], [ 16.3012932, 52.7633337, 0.0 ], [ 16.3012942, 52.7633185, 0.0 ], [ 16.3012985, 52.7633053, 0.0 ], [ 16.301306, 52.763294, 0.0 ], [ 16.3013134, 52.7632827, 0.0 ], [ 16.3013209, 52.7632715, 0.0 ], [ 16.3013315, 52.7632622, 0.0 ], [ 16.3013421, 52.7632529, 0.0 ], [ 16.3013596, 52.7632399, 0.0 ], [ 16.3013704, 52.7632269, 0.0 ], [ 16.301381, 52.7632177, 0.0 ], [ 16.3013915, 52.7632085, 0.0 ], [ 16.3014055, 52.7631975, 0.0 ], [ 16.3014161, 52.7631883, 0.0 ], [ 16.3014332, 52.7631792, 0.0 ], [ 16.3014468, 52.763172, 0.0 ], [ 16.3014672, 52.7631611, 0.0 ], [ 16.3014842, 52.7631521, 0.0 ], [ 16.3015011, 52.7631431, 0.0 ], [ 16.3015146, 52.763136, 0.0 ], [ 16.3015344, 52.7631325, 0.0 ], [ 16.3015575, 52.7631273, 0.0 ], [ 16.3015771, 52.7631239, 0.0 ], [ 16.3015933, 52.7631222, 0.0 ], [ 16.3016159, 52.7631206, 0.0 ], [ 16.3016385, 52.763119, 0.0 ], [ 16.3016579, 52.7631192, 0.0 ], [ 16.3016773, 52.7631231, 0.0 ], [ 16.3017001, 52.7631251, 0.0 ], [ 16.3017162, 52.7631307, 0.0 ], [ 16.3017389, 52.7631328, 0.0 ], [ 16.301755, 52.7631383, 0.0 ], [ 16.3017744, 52.7631422, 0.0 ], [ 16.3017871, 52.7631495, 0.0 ], [ 16.3018032, 52.7631551, 0.0 ], [ 16.3018191, 52.7631643, 0.0 ], [ 16.3018352, 52.7631698, 0.0 ], [ 16.3018447, 52.7631754, 0.0 ], [ 16.3018671, 52.7631882, 0.0 ], [ 16.3018798, 52.7631956, 0.0 ], [ 16.3018926, 52.7632029, 0.0 ], [ 16.3019085, 52.7632121, 0.0 ], [ 16.3019245, 52.7632213, 0.0 ], [ 16.3019405, 52.7632305, 0.0 ], [ 16.3019501, 52.763236, 0.0 ], [ 16.3019693, 52.7632471, 0.0 ], [ 16.3019821, 52.7632544, 0.0 ], [ 16.3019949, 52.7632618, 0.0 ], [ 16.3020077, 52.7632691, 0.0 ], [ 16.3020237, 52.7632783, 0.0 ], [ 16.3020269, 52.7632838, 0.0 ], [ 16.3019948, 52.76328, 0.0 ], [ 16.3021047, 52.7632892, 0.0 ], [ 16.3021269, 52.763293, 0.0 ], [ 16.3021491, 52.7632967, 0.0 ], [ 16.3021677, 52.7632984, 0.0 ], [ 16.3021902, 52.7632978, 0.0 ], [ 16.3022206, 52.7632929, 0.0 ], [ 16.3022434, 52.7632881, 0.0 ], [ 16.3022697, 52.7632854, 0.0 ], [ 16.3022846, 52.763285, 0.0 ], [ 16.302315, 52.7632759, 0.0 ], [ 16.3023524, 52.7632709, 0.0 ], [ 16.3023787, 52.763264, 0.0 ], [ 16.3024011, 52.7632593, 0.0 ], [ 16.3024274, 52.7632524, 0.0 ], [ 16.3024535, 52.7632456, 0.0 ], [ 16.3024646, 52.7632433, 0.0 ], [ 16.3024906, 52.7632365, 0.0 ], [ 16.3025131, 52.7632277, 0.0 ], [ 16.3025351, 52.7632231, 0.0 ], [ 16.3025572, 52.7632185, 0.0 ], [ 16.3025792, 52.7632139, 0.0 ], [ 16.3026011, 52.7632093, 0.0 ], [ 16.302623, 52.7632047, 0.0 ], [ 16.3026449, 52.7632002, 0.0 ], [ 16.3026629, 52.7631978, 0.0 ], [ 16.3026884, 52.7631911, 0.0 ], [ 16.3027101, 52.7631866, 0.0 ], [ 16.302728, 52.7631842, 0.0 ], [ 16.3027496, 52.7631797, 0.0 ], [ 16.3027712, 52.7631752, 0.0 ], [ 16.3028034, 52.7631684, 0.0 ], [ 16.3028319, 52.7631638, 0.0 ], [ 16.3028532, 52.7631594, 0.0 ], [ 16.3028673, 52.7631591, 0.0 ], [ 16.3028849, 52.7631567, 0.0 ], [ 16.3029131, 52.7631522, 0.0 ], [ 16.3029341, 52.7631518, 0.0 ], [ 16.3029516, 52.7631495, 0.0 ], [ 16.3029724, 52.7631491, 0.0 ], [ 16.3029896, 52.7631508, 0.0 ], [ 16.3030171, 52.7631504, 0.0 ], [ 16.3030377, 52.763154, 0.0 ], [ 16.303048, 52.7631559, 0.0 ], [ 16.3030754, 52.7631634, 0.0 ], [ 16.3031028, 52.7631669, 0.0 ], [ 16.3031198, 52.7631726, 0.0 ], [ 16.3031369, 52.7631783, 0.0 ], [ 16.3031505, 52.763182, 0.0 ], [ 16.3031709, 52.7631896, 0.0 ], [ 16.3031947, 52.7631952, 0.0 ], [ 16.3032117, 52.7632009, 0.0 ], [ 16.303232, 52.7632085, 0.0 ], [ 16.3032523, 52.7632161, 0.0 ], [ 16.3032727, 52.7632197, 0.0 ], [ 16.3032931, 52.7632232, 0.0 ], [ 16.3033134, 52.7632268, 0.0 ], [ 16.3033303, 52.7632325, 0.0 ], [ 16.3033506, 52.763236, 0.0 ], [ 16.3033709, 52.7632396, 0.0 ], [ 16.3033945, 52.7632451, 0.0 ], [ 16.3034113, 52.7632467, 0.0 ], [ 16.3034416, 52.763252, 0.0 ], [ 16.3034652, 52.7632575, 0.0 ], [ 16.303492, 52.7632609, 0.0 ], [ 16.3035088, 52.7632625, 0.0 ], [ 16.3035322, 52.7632679, 0.0 ], [ 16.3035556, 52.7632694, 0.0 ], [ 16.3035823, 52.7632727, 0.0 ], [ 16.3035989, 52.7632743, 0.0 ], [ 16.3036288, 52.7632756, 0.0 ], [ 16.3036421, 52.7632793, 0.0 ], [ 16.3036653, 52.7632807, 0.0 ], [ 16.3036885, 52.7632821, 0.0 ], [ 16.303705, 52.7632837, 0.0 ], [ 16.3037282, 52.7632891, 0.0 ], [ 16.3037578, 52.7632903, 0.0 ], [ 16.303771, 52.763294, 0.0 ], [ 16.3037973, 52.7632973, 0.0 ], [ 16.303817, 52.7633008, 0.0 ], [ 16.3038335, 52.7633063, 0.0 ], [ 16.30385, 52.7633119, 0.0 ], [ 16.3038665, 52.7633214, 0.0 ], [ 16.3038831, 52.7633309, 0.0 ], [ 16.303893, 52.7633366, 0.0 ], [ 16.3039063, 52.7633442, 0.0 ], [ 16.3039165, 52.7633579, 0.0 ], [ 16.3039265, 52.7633676, 0.0 ], [ 16.3039399, 52.7633792, 0.0 ], [ 16.3039532, 52.7633868, 0.0 ], [ 16.3039698, 52.7633964, 0.0 ], [ 16.3039864, 52.7634059, 0.0 ], [ 16.3040029, 52.7634154, 0.0 ], [ 16.3040225, 52.7634188, 0.0 ], [ 16.304039, 52.7634243, 0.0 ], [ 16.3040584, 52.7634237, 0.0 ], [ 16.3040776, 52.7634191, 0.0 ], [ 16.3040934, 52.7634126, 0.0 ], [ 16.3041092, 52.7634061, 0.0 ], [ 16.3041316, 52.7634034, 0.0 ], [ 16.3041508, 52.7634028, 0.0 ], [ 16.3041797, 52.7634039, 0.0 ], [ 16.3042019, 52.7634013, 0.0 ], [ 16.304221, 52.7634007, 0.0 ], [ 16.3042372, 52.7634062, 0.0 ], [ 16.3042595, 52.7634074, 0.0 ], [ 16.3042757, 52.7634129, 0.0 ], [ 16.3042949, 52.7634163, 0.0 ], [ 16.3043143, 52.7634236, 0.0 ], [ 16.3043272, 52.7634271, 0.0 ], [ 16.3043466, 52.7634345, 0.0 ], [ 16.304366, 52.7634418, 0.0 ], [ 16.3043821, 52.7634472, 0.0 ], [ 16.3043979, 52.7634487, 0.0 ], [ 16.3044202, 52.763454, 0.0 ], [ 16.3044355, 52.7634475, 0.0 ], [ 16.3044904, 52.763444, 0.0 ], [ 16.3045038, 52.763446, 0.0 ], [ 16.3045195, 52.7634494, 0.0 ], [ 16.3045353, 52.7634499, 0.0 ], [ 16.3045489, 52.7634492, 0.0 ], [ 16.3045647, 52.7634497, 0.0 ], [ 16.3045804, 52.7634503, 0.0 ], [ 16.3045938, 52.7634523, 0.0 ], [ 16.3046049, 52.7634531, 0.0 ], [ 16.3046227, 52.7634549, 0.0 ], [ 16.3046382, 52.7634582, 0.0 ], [ 16.3046448, 52.7634592, 0.0 ], [ 16.304665, 52.7634593, 0.0 ], [ 16.3046762, 52.76346, 0.0 ], [ 16.3046918, 52.7634605, 0.0 ], [ 16.3047051, 52.7634624, 0.0 ], [ 16.3047164, 52.7634604, 0.0 ], [ 16.3047321, 52.7634581, 0.0 ], [ 16.3047478, 52.7634558, 0.0 ], [ 16.3047634, 52.7634535, 0.0 ], [ 16.3047789, 52.7634512, 0.0 ], [ 16.3047945, 52.7634489, 0.0 ], [ 16.3048078, 52.7634453, 0.0 ], [ 16.3048255, 52.7634416, 0.0 ], [ 16.3048366, 52.7634369, 0.0 ], [ 16.3048521, 52.7634319, 0.0 ], [ 16.3048653, 52.7634284, 0.0 ], [ 16.3048763, 52.7634237, 0.0 ], [ 16.3048894, 52.7634203, 0.0 ], [ 16.3049047, 52.7634154, 0.0 ], [ 16.3049177, 52.7634119, 0.0 ], [ 16.3049307, 52.7634085, 0.0 ], [ 16.3049457, 52.7634063, 0.0 ], [ 16.3049586, 52.7634029, 0.0 ], [ 16.3049757, 52.7633993, 0.0 ], [ 16.3049886, 52.7633959, 0.0 ], [ 16.3049992, 52.763394, 0.0 ], [ 16.3050183, 52.763389, 0.0 ], [ 16.305031, 52.7633856, 0.0 ], [ 16.3050437, 52.7633823, 0.0 ], [ 16.3050563, 52.763379, 0.0 ], [ 16.3050709, 52.7633768, 0.0 ], [ 16.3050793, 52.7633738, 0.0 ], [ 16.305096, 52.7633702, 0.0 ], [ 16.3051085, 52.7633669, 0.0 ], [ 16.3051251, 52.7633634, 0.0 ], [ 16.3051333, 52.7633604, 0.0 ], [ 16.3051498, 52.7633569, 0.0 ], [ 16.3051621, 52.7633537, 0.0 ], [ 16.3051744, 52.7633504, 0.0 ], [ 16.3051948, 52.7633467, 0.0 ], [ 16.3052091, 52.7633421, 0.0 ], [ 16.3052172, 52.7633391, 0.0 ], [ 16.3052273, 52.7633373, 0.0 ], [ 16.3052434, 52.7633339, 0.0 ], [ 16.3052535, 52.7633321, 0.0 ], [ 16.3052675, 52.7633276, 0.0 ], [ 16.3052795, 52.7633244, 0.0 ], [ 16.3052915, 52.7633212, 0.0 ], [ 16.3053014, 52.7633194, 0.0 ], [ 16.3053153, 52.7633149, 0.0 ], [ 16.3053272, 52.7633118, 0.0 ], [ 16.305339, 52.7633087, 0.0 ], [ 16.3053508, 52.7633056, 0.0 ], [ 16.3053646, 52.7633036, 0.0 ], [ 16.3053744, 52.7633019, 0.0 ], [ 16.3053881, 52.7632999, 0.0 ], [ 16.3053978, 52.7632982, 0.0 ], [ 16.3054095, 52.7632951, 0.0 ], [ 16.305419, 52.7632884, 0.0 ], [ 16.3054207, 52.7632821, 0.0 ], [ 16.3054373, 52.7632577, 0.0 ], [ 16.3054446, 52.7632475, 0.0 ], [ 16.3054481, 52.76324, 0.0 ], [ 16.3054517, 52.7632324, 0.0 ], [ 16.3054551, 52.7632225, 0.0 ], [ 16.3054606, 52.7632162, 0.0 ], [ 16.30547, 52.7632121, 0.0 ], [ 16.3054816, 52.7632141, 0.0 ], [ 16.3054949, 52.7632147, 0.0 ], [ 16.3055063, 52.7632142, 0.0 ], [ 16.3055159, 52.763215, 0.0 ], [ 16.3055291, 52.7632133, 0.0 ], [ 16.3055404, 52.7632128, 0.0 ], [ 16.3055535, 52.763211, 0.0 ], [ 16.3055648, 52.7632105, 0.0 ], [ 16.3055723, 52.7632102, 0.0 ], [ 16.3055873, 52.7632096, 0.0 ], [ 16.3056022, 52.763209, 0.0 ], [ 16.3056153, 52.7632096, 0.0 ], [ 16.3056284, 52.7632102, 0.0 ], [ 16.3056415, 52.7632109, 0.0 ], [ 16.3056526, 52.7632104, 0.0 ], [ 16.3056637, 52.7632099, 0.0 ], [ 16.305673, 52.7632107, 0.0 ], [ 16.305686, 52.7632114, 0.0 ], [ 16.305697, 52.7632109, 0.0 ], [ 16.3057082, 52.7632128, 0.0 ], [ 16.3057229, 52.7632122, 0.0 ], [ 16.3057321, 52.763213, 0.0 ], [ 16.3057432, 52.7632149, 0.0 ], [ 16.3057544, 52.7632168, 0.0 ], [ 16.3057655, 52.7632187, 0.0 ], [ 16.3057764, 52.7632182, 0.0 ], [ 16.3057891, 52.7632189, 0.0 ], [ 16.3058, 52.7632184, 0.0 ], [ 16.3058108, 52.763218, 0.0 ], [ 16.3058254, 52.7632198, 0.0 ], [ 16.3058361, 52.7632193, 0.0 ], [ 16.3058469, 52.7632189, 0.0 ], [ 16.305865, 52.7632205, 0.0 ], [ 16.3058738, 52.763219, 0.0 ], [ 16.305888, 52.7632184, 0.0 ], [ 16.3059022, 52.7632179, 0.0 ], [ 16.3059129, 52.7632174, 0.0 ], [ 16.3059218, 52.7632182, 0.0 ], [ 16.3059305, 52.7632167, 0.0 ], [ 16.3059447, 52.7632162, 0.0 ], [ 16.3059536, 52.763217, 0.0 ], [ 16.3059676, 52.7632164, 0.0 ], [ 16.3059763, 52.7632149, 0.0 ], [ 16.3059868, 52.7632145, 0.0 ], [ 16.3059991, 52.7632151, 0.0 ], [ 16.3060077, 52.7632136, 0.0 ], [ 16.3060109, 52.7632112, 0.0 ], [ 16.3060616, 52.7632179, 0.0 ], [ 16.3060801, 52.7632171, 0.0 ], [ 16.3060915, 52.7632179, 0.0 ], [ 16.3061102, 52.7632143, 0.0 ], [ 16.3061242, 52.7632109, 0.0 ], [ 16.3061337, 52.7632077, 0.0 ], [ 16.3061455, 52.7632031, 0.0 ], [ 16.3061597, 52.763197, 0.0 ], [ 16.3061762, 52.7631895, 0.0 ], [ 16.3061879, 52.763185, 0.0 ], [ 16.3061996, 52.7631804, 0.0 ], [ 16.3062179, 52.7631769, 0.0 ], [ 16.3062318, 52.7631709, 0.0 ], [ 16.3062431, 52.7631691, 0.0 ], [ 16.3062591, 52.7631644, 0.0 ], [ 16.3062751, 52.7631597, 0.0 ], [ 16.3062863, 52.7631579, 0.0 ], [ 16.3062998, 52.7631546, 0.0 ], [ 16.3063112, 52.7631502, 0.0 ], [ 16.306327, 52.7631455, 0.0 ], [ 16.3063404, 52.7631423, 0.0 ], [ 16.3063517, 52.7631379, 0.0 ], [ 16.3063629, 52.7631335, 0.0 ], [ 16.3063741, 52.763129, 0.0 ], [ 16.3063853, 52.7631247, 0.0 ], [ 16.3063964, 52.7631203, 0.0 ], [ 16.3064054, 52.7631147, 0.0 ], [ 16.3064188, 52.7631089, 0.0 ], [ 16.3064233, 52.7631061, 0.0 ], [ 16.3064365, 52.7631004, 0.0 ], [ 16.3064497, 52.7630947, 0.0 ], [ 16.3064586, 52.7630892, 0.0 ], [ 16.3064698, 52.7630823, 0.0 ], [ 16.3064809, 52.7630754, 0.0 ], [ 16.3064942, 52.7630671, 0.0 ], [ 16.3065095, 52.7630601, 0.0 ], [ 16.3065205, 52.7630533, 0.0 ], [ 16.3065357, 52.7630438, 0.0 ], [ 16.3065466, 52.763037, 0.0 ], [ 16.3065553, 52.7630316, 0.0 ], [ 16.3065661, 52.7630249, 0.0 ], [ 16.3065706, 52.7630172, 0.0 ], [ 16.3065772, 52.7630107, 0.0 ], [ 16.3065796, 52.7630018, 0.0 ], [ 16.3065841, 52.7629941, 0.0 ], [ 16.3065844, 52.7629842, 0.0 ], [ 16.3065826, 52.7629755, 0.0 ], [ 16.3065808, 52.7629669, 0.0 ], [ 16.3065811, 52.7629594, 0.0 ], [ 16.3065772, 52.7629521, 0.0 ], [ 16.3065775, 52.7629447, 0.0 ], [ 16.3065778, 52.7629373, 0.0 ], [ 16.3065823, 52.7629274, 0.0 ], [ 16.3065847, 52.7629187, 0.0 ], [ 16.3065869, 52.762915, 0.0 ], [ 16.3065913, 52.7629075, 0.0 ], [ 16.3066021, 52.7628914, 0.0 ], [ 16.3066065, 52.7628841, 0.0 ], [ 16.3066088, 52.7628755, 0.0 ], [ 16.3066132, 52.7628682, 0.0 ], [ 16.3066196, 52.7628572, 0.0 ], [ 16.3066219, 52.7628488, 0.0 ], [ 16.3066242, 52.7628404, 0.0 ], [ 16.3066244, 52.7628356, 0.0 ], [ 16.3066287, 52.762826, 0.0 ], [ 16.306629, 52.7628189, 0.0 ], [ 16.3066312, 52.7628105, 0.0 ], [ 16.3066335, 52.7628022, 0.0 ], [ 16.3066358, 52.7627939, 0.0 ], [ 16.306636, 52.7627845, 0.0 ], [ 16.3066362, 52.7627775, 0.0 ], [ 16.3066385, 52.7627692, 0.0 ], [ 16.3066409, 52.7627564, 0.0 ], [ 16.306639, 52.7627506, 0.0 ], [ 16.3066413, 52.7627424, 0.0 ], [ 16.3066455, 52.7627354, 0.0 ], [ 16.3066476, 52.7627296, 0.0 ], [ 16.3066518, 52.7627226, 0.0 ], [ 16.306654, 52.7627145, 0.0 ], [ 16.3066562, 52.7627088, 0.0 ], [ 16.3066583, 52.762703, 0.0 ], [ 16.3066586, 52.7626916, 0.0 ], [ 16.3066608, 52.7626836, 0.0 ], [ 16.3066629, 52.7626779, 0.0 ], [ 16.3066631, 52.7626733, 0.0 ], [ 16.3066674, 52.7626597, 0.0 ], [ 16.3066656, 52.7626496, 0.0 ], [ 16.3066678, 52.7626439, 0.0 ], [ 16.306668, 52.7626349, 0.0 ], [ 16.3066642, 52.7626282, 0.0 ], [ 16.3066605, 52.7626215, 0.0 ], [ 16.3066587, 52.7626137, 0.0 ], [ 16.3066569, 52.7626059, 0.0 ], [ 16.3066551, 52.7626003, 0.0 ], [ 16.3066533, 52.7625948, 0.0 ], [ 16.3066458, 52.7625837, 0.0 ], [ 16.3066441, 52.7625737, 0.0 ], [ 16.3066385, 52.762566, 0.0 ], [ 16.3066348, 52.7625572, 0.0 ], [ 16.3066273, 52.7625484, 0.0 ], [ 16.3066256, 52.7625407, 0.0 ], [ 16.30662, 52.762533, 0.0 ], [ 16.3066144, 52.7625254, 0.0 ], [ 16.3066107, 52.7625188, 0.0 ], [ 16.306607, 52.7625122, 0.0 ], [ 16.3066034, 52.7625035, 0.0 ], [ 16.3065997, 52.7624992, 0.0 ], [ 16.306596, 52.7624926, 0.0 ], [ 16.3065904, 52.762485, 0.0 ], [ 16.3065849, 52.7624774, 0.0 ], [ 16.3065812, 52.7624709, 0.0 ], [ 16.3065795, 52.7624655, 0.0 ], [ 16.3065739, 52.7624579, 0.0 ], [ 16.3065722, 52.7624525, 0.0 ], [ 16.3065667, 52.762445, 0.0 ], [ 16.3065631, 52.7624385, 0.0 ], [ 16.3065631, 52.7624364, 0.0 ], [ 16.3065388, 52.7623935, 0.0 ], [ 16.3065282, 52.7623838, 0.0 ], [ 16.3065231, 52.7623736, 0.0 ], [ 16.3065125, 52.7623639, 0.0 ], [ 16.3064993, 52.7623491, 0.0 ], [ 16.3064885, 52.7623429, 0.0 ], [ 16.3064836, 52.7623293, 0.0 ], [ 16.3064705, 52.7623145, 0.0 ], [ 16.3064599, 52.7623048, 0.0 ], [ 16.3064492, 52.7622986, 0.0 ], [ 16.306436, 52.7622873, 0.0 ], [ 16.3064175, 52.7622728, 0.0 ], [ 16.3064097, 52.7622647, 0.0 ], [ 16.3063939, 52.7622518, 0.0 ], [ 16.3063858, 52.7622472, 0.0 ], [ 16.3063674, 52.7622328, 0.0 ], [ 16.3063596, 52.7622246, 0.0 ], [ 16.3063492, 52.762215, 0.0 ], [ 16.3063331, 52.7622056, 0.0 ], [ 16.3063174, 52.7621928, 0.0 ], [ 16.3063094, 52.7621881, 0.0 ], [ 16.3062937, 52.7621754, 0.0 ], [ 16.3062833, 52.7621657, 0.0 ], [ 16.3062726, 52.7621595, 0.0 ], [ 16.3062673, 52.7621564, 0.0 ], [ 16.3062566, 52.7621501, 0.0 ], [ 16.306246, 52.7621439, 0.0 ], [ 16.306222, 52.7621299, 0.0 ], [ 16.3062033, 52.762119, 0.0 ], [ 16.3061954, 52.7621143, 0.0 ], [ 16.3061847, 52.7621081, 0.0 ], [ 16.3061664, 52.7620938, 0.0 ], [ 16.3061531, 52.762086, 0.0 ], [ 16.3061375, 52.7620734, 0.0 ], [ 16.3061215, 52.762064, 0.0 ], [ 16.3061029, 52.7620531, 0.0 ], [ 16.306087, 52.7620438, 0.0 ], [ 16.306071, 52.7620345, 0.0 ], [ 16.3060577, 52.7620267, 0.0 ], [ 16.3060418, 52.7620174, 0.0 ], [ 16.3060285, 52.7620097, 0.0 ], [ 16.3060179, 52.7620034, 0.0 ], [ 16.3060111, 52.7619888, 0.0 ], [ 16.3060039, 52.7619775, 0.0 ], [ 16.306002, 52.7619693, 0.0 ], [ 16.3060032, 52.7619594, 0.0 ], [ 16.306007, 52.7619511, 0.0 ], [ 16.3060164, 52.7619425, 0.0 ], [ 16.3060288, 52.7619323, 0.0 ], [ 16.3060356, 52.7619223, 0.0 ], [ 16.3060479, 52.7619121, 0.0 ], [ 16.3060636, 52.761897, 0.0 ], [ 16.3060762, 52.7618837, 0.0 ], [ 16.3060857, 52.7618721, 0.0 ], [ 16.3061019, 52.7618508, 0.0 ], [ 16.3061139, 52.7618409, 0.0 ], [ 16.3061238, 52.7618263, 0.0 ], [ 16.3061271, 52.7618214, 0.0 ], [ 16.3061366, 52.7618101, 0.0 ], [ 16.3061432, 52.7618004, 0.0 ], [ 16.3061523, 52.7617923, 0.0 ], [ 16.3061562, 52.7617812, 0.0 ], [ 16.3061652, 52.7617731, 0.0 ], [ 16.306172, 52.7617605, 0.0 ], [ 16.3061791, 52.7617447, 0.0 ], [ 16.3061862, 52.7617291, 0.0 ], [ 16.3061929, 52.7617165, 0.0 ], [ 16.3061968, 52.7617057, 0.0 ], [ 16.3062034, 52.7616933, 0.0 ], [ 16.3062098, 52.761684, 0.0 ], [ 16.3062167, 52.7616686, 0.0 ], [ 16.3062205, 52.7616579, 0.0 ], [ 16.3062242, 52.7616472, 0.0 ], [ 16.3062336, 52.7616335, 0.0 ], [ 16.3062373, 52.7616229, 0.0 ], [ 16.3062416, 52.7616063, 0.0 ], [ 16.3062432, 52.7615914, 0.0 ], [ 16.3062468, 52.7615809, 0.0 ], [ 16.3062477, 52.761572, 0.0 ], [ 16.306252, 52.7615556, 0.0 ], [ 16.3062551, 52.7615512, 0.0 ], [ 16.3062571, 52.7615306, 0.0 ], [ 16.3062608, 52.7615203, 0.0 ], [ 16.3062641, 52.7615129, 0.0 ], [ 16.3062656, 52.7614983, 0.0 ], [ 16.3062692, 52.7614881, 0.0 ], [ 16.3062698, 52.7614823, 0.0 ], [ 16.3062685, 52.7614693, 0.0 ], [ 16.3062745, 52.7614606, 0.0 ], [ 16.3062783, 52.7614477, 0.0 ], [ 16.3062813, 52.7614434, 0.0 ], [ 16.3062825, 52.7614319, 0.0 ], [ 16.3062885, 52.7614233, 0.0 ], [ 16.3062947, 52.7614119, 0.0 ], [ 16.3062979, 52.7614048, 0.0 ], [ 16.3063068, 52.7613921, 0.0 ], [ 16.3063124, 52.7613864, 0.0 ], [ 16.3063213, 52.7613738, 0.0 ], [ 16.3063271, 52.7613654, 0.0 ], [ 16.3063308, 52.7613528, 0.0 ], [ 16.306334, 52.7613458, 0.0 ], [ 16.3063372, 52.7613389, 0.0 ], [ 16.3063356, 52.7613291, 0.0 ], [ 16.3063292, 52.7613166, 0.0 ], [ 16.3063204, 52.7613028, 0.0 ], [ 16.3063135, 52.7612958, 0.0 ], [ 16.3063063, 52.7612917, 0.0 ], [ 16.3062947, 52.7612819, 0.0 ], [ 16.3062854, 52.7612736, 0.0 ], [ 16.3062759, 52.7612681, 0.0 ], [ 16.306269, 52.7612612, 0.0 ], [ 16.3062571, 52.7612542, 0.0 ], [ 16.3062455, 52.7612445, 0.0 ], [ 16.3062387, 52.7612377, 0.0 ], [ 16.3062244, 52.7612293, 0.0 ], [ 16.3062102, 52.761221, 0.0 ], [ 16.3062007, 52.7612155, 0.0 ], [ 16.3061915, 52.7612072, 0.0 ], [ 16.306187, 52.7612017, 0.0 ], [ 16.3062696, 52.7612017, 0.0 ], [ 16.3063008, 52.7611969, 0.0 ], [ 16.3063197, 52.7611927, 0.0 ], [ 16.3063386, 52.7611885, 0.0 ], [ 16.3063519, 52.7611811, 0.0 ], [ 16.3063713, 52.7611735, 0.0 ], [ 16.3063813, 52.761168, 0.0 ], [ 16.3064017, 52.7611535, 0.0 ], [ 16.3064149, 52.7611462, 0.0 ], [ 16.3064254, 52.7611373, 0.0 ], [ 16.3064391, 52.7611266, 0.0 ], [ 16.3064424, 52.7611248, 0.0 ], [ 16.3064658, 52.7611087, 0.0 ], [ 16.3064859, 52.7610946, 0.0 ], [ 16.3065058, 52.7610805, 0.0 ], [ 16.3065289, 52.7610646, 0.0 ], [ 16.3065449, 52.7610558, 0.0 ], [ 16.3065614, 52.7610436, 0.0 ], [ 16.3065646, 52.7610419, 0.0 ], [ 16.3065836, 52.7610313, 0.0 ], [ 16.3065942, 52.7610195, 0.0 ], [ 16.3066131, 52.761009, 0.0 ], [ 16.3066325, 52.7609953, 0.0 ], [ 16.3066549, 52.76098, 0.0 ], [ 16.3066709, 52.7609682, 0.0 ], [ 16.3066776, 52.7609615, 0.0 ], [ 16.3067023, 52.7609479, 0.0 ], [ 16.3067085, 52.7609445, 0.0 ], [ 16.3067244, 52.7609328, 0.0 ], [ 16.3067371, 52.7609228, 0.0 ], [ 16.3067528, 52.7609112, 0.0 ], [ 16.3067624, 52.760903, 0.0 ], [ 16.306784, 52.7608881, 0.0 ], [ 16.3067966, 52.7608783, 0.0 ], [ 16.3068146, 52.7608684, 0.0 ], [ 16.3068211, 52.7608619, 0.0 ], [ 16.306839, 52.7608521, 0.0 ], [ 16.3068482, 52.7608441, 0.0 ], [ 16.3068658, 52.7608344, 0.0 ], [ 16.3068775, 52.7608279, 0.0 ], [ 16.3068924, 52.7608168, 0.0 ], [ 16.306904, 52.7608104, 0.0 ], [ 16.3069213, 52.7608008, 0.0 ], [ 16.3069332, 52.7607913, 0.0 ], [ 16.3069361, 52.7607897, 0.0 ], [ 16.3069537, 52.7607771, 0.0 ], [ 16.3069626, 52.7607693, 0.0 ], [ 16.3069715, 52.7607615, 0.0 ], [ 16.3069832, 52.7607522, 0.0 ], [ 16.3069949, 52.7607429, 0.0 ], [ 16.3070065, 52.7607336, 0.0 ], [ 16.3070185, 52.7607213, 0.0 ], [ 16.30703, 52.7607121, 0.0 ], [ 16.307036, 52.760706, 0.0 ], [ 16.307045, 52.7606953, 0.0 ], [ 16.3070568, 52.7606832, 0.0 ], [ 16.3070685, 52.7606711, 0.0 ], [ 16.3070771, 52.7606635, 0.0 ], [ 16.3070858, 52.760656, 0.0 ], [ 16.3070974, 52.760644, 0.0 ], [ 16.3071062, 52.7606336, 0.0 ], [ 16.3071126, 52.7606217, 0.0 ], [ 16.3071211, 52.7606142, 0.0 ], [ 16.3071301, 52.7606009, 0.0 ], [ 16.3071413, 52.7605921, 0.0 ], [ 16.3071448, 52.7605818, 0.0 ], [ 16.3071562, 52.7605729, 0.0 ], [ 16.307165, 52.7605627, 0.0 ], [ 16.307171, 52.7605539, 0.0 ], [ 16.3071743, 52.7605466, 0.0 ], [ 16.3071828, 52.7605394, 0.0 ], [ 16.307189, 52.7605278, 0.0 ], [ 16.3071898, 52.7605191, 0.0 ], [ 16.3071962, 52.7605047, 0.0 ], [ 16.3071997, 52.7604947, 0.0 ], [ 16.3072032, 52.7604847, 0.0 ], [ 16.3072012, 52.7604775, 0.0 ], [ 16.3072046, 52.7604676, 0.0 ], [ 16.3072079, 52.7604605, 0.0 ], [ 16.307209, 52.7604491, 0.0 ], [ 16.3072021, 52.7604392, 0.0 ], [ 16.3071978, 52.7604307, 0.0 ], [ 16.3071934, 52.7604222, 0.0 ], [ 16.3071839, 52.7604137, 0.0 ], [ 16.3071692, 52.7604053, 0.0 ], [ 16.3071622, 52.7603982, 0.0 ], [ 16.3071453, 52.7603855, 0.0 ], [ 16.3071336, 52.7603757, 0.0 ], [ 16.307124, 52.76037, 0.0 ], [ 16.3071171, 52.760363, 0.0 ], [ 16.3071042, 52.7603643, 0.0 ], [ 16.3070938, 52.760367, 0.0 ], [ 16.3071774, 52.7603195, 0.0 ], [ 16.3071883, 52.7603052, 0.0 ], [ 16.3071981, 52.7602972, 0.0 ], [ 16.3072027, 52.7602862, 0.0 ], [ 16.3072099, 52.7602767, 0.0 ], [ 16.3072145, 52.7602657, 0.0 ], [ 16.3072217, 52.7602563, 0.0 ], [ 16.3072262, 52.7602454, 0.0 ], [ 16.3072333, 52.7602361, 0.0 ], [ 16.3072399, 52.7602298, 0.0 ], [ 16.3072444, 52.760219, 0.0 ], [ 16.3072525, 52.7602036, 0.0 ], [ 16.307259, 52.7601974, 0.0 ], [ 16.307267, 52.7601821, 0.0 ], [ 16.307274, 52.7601729, 0.0 ], [ 16.3072844, 52.7601592, 0.0 ], [ 16.3072875, 52.7601576, 0.0 ], [ 16.3072949, 52.7601455, 0.0 ], [ 16.3073022, 52.7601334, 0.0 ], [ 16.3073126, 52.7601198, 0.0 ], [ 16.3073169, 52.7601094, 0.0 ], [ 16.3073263, 52.7601018, 0.0 ], [ 16.3073331, 52.7600929, 0.0 ], [ 16.3073459, 52.7600809, 0.0 ], [ 16.3073527, 52.760072, 0.0 ], [ 16.3073628, 52.7600587, 0.0 ], [ 16.3073721, 52.7600513, 0.0 ], [ 16.3073725, 52.7600484, 0.0 ], [ 16.307383, 52.7600322, 0.0 ], [ 16.3073925, 52.760022, 0.0 ], [ 16.307399, 52.7600132, 0.0 ], [ 16.3074059, 52.7600016, 0.0 ], [ 16.3074148, 52.7599944, 0.0 ], [ 16.3074209, 52.7599886, 0.0 ], [ 16.3074309, 52.7599728, 0.0 ], [ 16.307443, 52.7599613, 0.0 ], [ 16.307449, 52.7599556, 0.0 ], [ 16.3074582, 52.7599456, 0.0 ], [ 16.3074677, 52.7599328, 0.0 ], [ 16.3074737, 52.7599271, 0.0 ], [ 16.3074828, 52.7599172, 0.0 ], [ 16.3074859, 52.759913, 0.0 ], [ 16.3074981, 52.7598989, 0.0 ], [ 16.3075041, 52.7598933, 0.0 ], [ 16.3075103, 52.7598849, 0.0 ], [ 16.3075162, 52.7598793, 0.0 ], [ 16.3075279, 52.7598682, 0.0 ], [ 16.3075362, 52.759864, 0.0 ], [ 16.3075451, 52.7598543, 0.0 ], [ 16.3075595, 52.7598419, 0.0 ], [ 16.3075626, 52.7598378, 0.0 ], [ 16.3075745, 52.7598241, 0.0 ], [ 16.3075836, 52.7598117, 0.0 ], [ 16.3075948, 52.7598036, 0.0 ], [ 16.3076008, 52.7597954, 0.0 ], [ 16.3076123, 52.7597846, 0.0 ], [ 16.3076184, 52.7597765, 0.0 ], [ 16.3076277, 52.7597643, 0.0 ], [ 16.3076444, 52.7597537, 0.0 ], [ 16.3076397, 52.7597509, 0.0 ], [ 16.3076319, 52.7597521, 0.0 ], [ 16.3077081, 52.7597313, 0.0 ], [ 16.3077267, 52.7597247, 0.0 ], [ 16.3077479, 52.7597196, 0.0 ], [ 16.3077657, 52.7597162, 0.0 ], [ 16.3077771, 52.759716, 0.0 ], [ 16.3078003, 52.7597126, 0.0 ], [ 16.3078178, 52.7597092, 0.0 ], [ 16.3078353, 52.7597058, 0.0 ], [ 16.307856, 52.7597008, 0.0 ], [ 16.3078798, 52.7596942, 0.0 ], [ 16.3078917, 52.7596909, 0.0 ], [ 16.3079066, 52.7596861, 0.0 ], [ 16.3079214, 52.7596812, 0.0 ], [ 16.3079363, 52.7596763, 0.0 ], [ 16.3079572, 52.7596683, 0.0 ], [ 16.3079745, 52.759665, 0.0 ], [ 16.3079952, 52.7596571, 0.0 ], [ 16.3080184, 52.7596506, 0.0 ], [ 16.3080214, 52.7596491, 0.0 ], [ 16.3080506, 52.7596395, 0.0 ], [ 16.3080795, 52.7596301, 0.0 ], [ 16.3080944, 52.7596223, 0.0 ], [ 16.3081088, 52.7596176, 0.0 ], [ 16.3081256, 52.7596144, 0.0 ], [ 16.3081458, 52.7596067, 0.0 ], [ 16.30816, 52.759602, 0.0 ], [ 16.3081826, 52.7595958, 0.0 ], [ 16.3082026, 52.7595881, 0.0 ], [ 16.3082142, 52.759582, 0.0 ], [ 16.3082394, 52.7595743, 0.0 ], [ 16.3082588, 52.7595697, 0.0 ], [ 16.3082616, 52.7595682, 0.0 ], [ 16.3082866, 52.7595606, 0.0 ], [ 16.3082948, 52.7595591, 0.0 ], [ 16.3083087, 52.7595545, 0.0 ], [ 16.3083282, 52.759547, 0.0 ], [ 16.3083501, 52.759541, 0.0 ], [ 16.308361, 52.759538, 0.0 ], [ 16.3083803, 52.7595305, 0.0 ], [ 16.3084045, 52.759526, 0.0 ], [ 16.3084181, 52.7595216, 0.0 ], [ 16.3084288, 52.7595186, 0.0 ], [ 16.3084476, 52.7595141, 0.0 ], [ 16.3084611, 52.7595097, 0.0 ], [ 16.3084825, 52.7595038, 0.0 ], [ 16.3085038, 52.759498, 0.0 ], [ 16.3085251, 52.7594921, 0.0 ], [ 16.3085333, 52.7594878, 0.0 ], [ 16.3085601, 52.759479, 0.0 ], [ 16.3085707, 52.7594761, 0.0 ], [ 16.308584, 52.7594718, 0.0 ], [ 16.3085946, 52.7594689, 0.0 ], [ 16.3086078, 52.7594646, 0.0 ], [ 16.3086237, 52.7594588, 0.0 ], [ 16.3086497, 52.7594531, 0.0 ], [ 16.3086604, 52.7594474, 0.0 ], [ 16.3086759, 52.7594446, 0.0 ], [ 16.3086942, 52.7594375, 0.0 ], [ 16.3087045, 52.7594347, 0.0 ], [ 16.3087225, 52.7594304, 0.0 ], [ 16.3087379, 52.7594276, 0.0 ], [ 16.3087636, 52.7594192, 0.0 ], [ 16.3087764, 52.759415, 0.0 ], [ 16.3087969, 52.7594067, 0.0 ], [ 16.3088019, 52.7594067, 0.0 ], [ 16.3088146, 52.7594025, 0.0 ], [ 16.3088273, 52.7593984, 0.0 ], [ 16.3088547, 52.7593916, 0.0 ], [ 16.3088671, 52.7593875, 0.0 ], [ 16.3088747, 52.7593834, 0.0 ], [ 16.308892, 52.7593793, 0.0 ], [ 16.3089018, 52.7593766, 0.0 ], [ 16.3089118, 52.7593711, 0.0 ], [ 16.3089291, 52.7593644, 0.0 ], [ 16.3089438, 52.7593617, 0.0 ], [ 16.308956, 52.7593577, 0.0 ], [ 16.309025, 52.7593441, 0.0 ], [ 16.3090373, 52.7593402, 0.0 ], [ 16.3090614, 52.7593358, 0.0 ], [ 16.3090795, 52.7593317, 0.0 ], [ 16.3090976, 52.7593276, 0.0 ], [ 16.3091098, 52.7593237, 0.0 ], [ 16.3091341, 52.759316, 0.0 ], [ 16.3091467, 52.7593087, 0.0 ], [ 16.3091561, 52.7593033, 0.0 ], [ 16.3091748, 52.7592925, 0.0 ], [ 16.3091873, 52.7592853, 0.0 ], [ 16.3092028, 52.7592763, 0.0 ], [ 16.3092158, 52.7592658, 0.0 ], [ 16.3092256, 52.7592571, 0.0 ], [ 16.3092385, 52.7592466, 0.0 ], [ 16.3092482, 52.7592379, 0.0 ], [ 16.3092584, 52.759226, 0.0 ], [ 16.309268, 52.7592173, 0.0 ], [ 16.309275, 52.7592072, 0.0 ], [ 16.3092851, 52.7591954, 0.0 ], [ 16.3092981, 52.7591818, 0.0 ], [ 16.3093107, 52.7591716, 0.0 ], [ 16.3093176, 52.7591616, 0.0 ], [ 16.3093249, 52.7591484, 0.0 ], [ 16.3093264, 52.7591354, 0.0 ], [ 16.3093303, 52.7591272, 0.0 ], [ 16.3093371, 52.7591173, 0.0 ], [ 16.3093465, 52.759109, 0.0 ], [ 16.3093615, 52.7591005, 0.0 ], [ 16.3093735, 52.7590937, 0.0 ], [ 16.3093857, 52.7590869, 0.0 ], [ 16.3093987, 52.7590737, 0.0 ], [ 16.3094052, 52.7590671, 0.0 ], [ 16.3094117, 52.7590605, 0.0 ], [ 16.3094246, 52.7590474, 0.0 ], [ 16.309434, 52.7590392, 0.0 ], [ 16.3094434, 52.7590311, 0.0 ], [ 16.3094528, 52.7590229, 0.0 ], [ 16.3094651, 52.7590131, 0.0 ], [ 16.3094748, 52.7590019, 0.0 ], [ 16.30949, 52.7589905, 0.0 ], [ 16.3094992, 52.7589825, 0.0 ], [ 16.3095113, 52.7589729, 0.0 ], [ 16.3095205, 52.7589649, 0.0 ], [ 16.3095322, 52.7589584, 0.0 ], [ 16.3095413, 52.7589505, 0.0 ], [ 16.3095508, 52.7589395, 0.0 ], [ 16.3095623, 52.7589331, 0.0 ], [ 16.3095742, 52.7589236, 0.0 ], [ 16.3095828, 52.7589189, 0.0 ], [ 16.3095922, 52.758908, 0.0 ], [ 16.3096068, 52.7588971, 0.0 ], [ 16.3096157, 52.7588893, 0.0 ], [ 16.3096246, 52.7588816, 0.0 ], [ 16.309631, 52.7588724, 0.0 ], [ 16.3096398, 52.7588647, 0.0 ], [ 16.3096465, 52.7588526, 0.0 ], [ 16.3096525, 52.7588436, 0.0 ], [ 16.3096534, 52.7588346, 0.0 ], [ 16.3096543, 52.7588257, 0.0 ], [ 16.3096548, 52.7588198, 0.0 ], [ 16.3096532, 52.7588094, 0.0 ], [ 16.3096492, 52.7587976, 0.0 ], [ 16.3096495, 52.7587947, 0.0 ], [ 16.3096479, 52.7587844, 0.0 ], [ 16.3096421, 52.7587654, 0.0 ], [ 16.3096381, 52.7587537, 0.0 ], [ 16.3096311, 52.7587464, 0.0 ], [ 16.3096293, 52.7587392, 0.0 ], [ 16.3096177, 52.7587261, 0.0 ], [ 16.3096105, 52.7587218, 0.0 ], [ 16.3096038, 52.7587117, 0.0 ], [ 16.3095993, 52.7587059, 0.0 ], [ 16.3095854, 52.7586915, 0.0 ], [ 16.3095761, 52.7586829, 0.0 ], [ 16.3095689, 52.7586786, 0.0 ], [ 16.3095623, 52.7586685, 0.0 ], [ 16.309553, 52.7586599, 0.0 ], [ 16.3095437, 52.7586513, 0.0 ], [ 16.3095392, 52.7586456, 0.0 ], [ 16.3095326, 52.7586356, 0.0 ], [ 16.3095254, 52.7586313, 0.0 ], [ 16.3095189, 52.7586213, 0.0 ], [ 16.3095123, 52.7586113, 0.0 ], [ 16.3095061, 52.7585985, 0.0 ], [ 16.3095017, 52.7585929, 0.0 ], [ 16.3094972, 52.7585872, 0.0 ], [ 16.3094911, 52.7585744, 0.0 ], [ 16.309487, 52.7585659, 0.0 ], [ 16.3094829, 52.7585575, 0.0 ], [ 16.3094812, 52.7585504, 0.0 ], [ 16.3094771, 52.758521, 0.0 ], [ 16.3094831, 52.7585126, 0.0 ], [ 16.309494, 52.7585071, 0.0 ], [ 16.3095095, 52.7585044, 0.0 ], [ 16.3095273, 52.7585032, 0.0 ], [ 16.3095502, 52.7585019, 0.0 ], [ 16.3095656, 52.7584992, 0.0 ], [ 16.3095836, 52.7584952, 0.0 ], [ 16.3095939, 52.7584925, 0.0 ], [ 16.3096115, 52.7584913, 0.0 ], [ 16.3096294, 52.7584873, 0.0 ], [ 16.309647, 52.758486, 0.0 ], [ 16.3096546, 52.7584847, 0.0 ], [ 16.3096752, 52.7584766, 0.0 ], [ 16.309688, 52.7584726, 0.0 ], [ 16.3097062, 52.7584632, 0.0 ], [ 16.309729, 52.7584566, 0.0 ], [ 16.3097442, 52.7584513, 0.0 ], [ 16.3097565, 52.7584501, 0.0 ], [ 16.3097691, 52.7584461, 0.0 ], [ 16.3097842, 52.7584409, 0.0 ], [ 16.3097967, 52.758437, 0.0 ], [ 16.3098067, 52.7584344, 0.0 ], [ 16.3098166, 52.7584318, 0.0 ], [ 16.3098364, 52.7584266, 0.0 ], [ 16.3098536, 52.7584228, 0.0 ], [ 16.3098708, 52.7584189, 0.0 ], [ 16.3098855, 52.7584164, 0.0 ], [ 16.3099002, 52.7584139, 0.0 ], [ 16.3099224, 52.7584102, 0.0 ], [ 16.3099471, 52.7584052, 0.0 ], [ 16.3099597, 52.7584013, 0.0 ], [ 16.3099818, 52.7583976, 0.0 ], [ 16.3099991, 52.7583939, 0.0 ], [ 16.3100137, 52.7583914, 0.0 ], [ 16.3100404, 52.7583878, 0.0 ], [ 16.3100572, 52.7583867, 0.0 ], [ 16.3100743, 52.758383, 0.0 ], [ 16.3100935, 52.7583807, 0.0 ], [ 16.3101101, 52.7583796, 0.0 ], [ 16.3101267, 52.7583785, 0.0 ], [ 16.3101408, 52.7583787, 0.0 ], [ 16.310148, 52.7583775, 0.0 ], [ 16.3101719, 52.7583727, 0.0 ], [ 16.3101839, 52.758369, 0.0 ], [ 16.3101886, 52.758369, 0.0 ], [ 16.3102294, 52.7584086, 0.0 ], [ 16.3102394, 52.7584145, 0.0 ], [ 16.3102514, 52.7584305, 0.0 ], [ 16.3102601, 52.7584447, 0.0 ], [ 16.3102606, 52.7584631, 0.0 ], [ 16.3102585, 52.7584756, 0.0 ], [ 16.3102564, 52.758488, 0.0 ], [ 16.3102583, 52.7584983, 0.0 ], [ 16.3102555, 52.758515, 0.0 ], [ 16.310256, 52.7585337, 0.0 ], [ 16.3102681, 52.7585501, 0.0 ], [ 16.3102776, 52.7585602, 0.0 ], [ 16.3102945, 52.7585702, 0.0 ], [ 16.3103115, 52.7585801, 0.0 ], [ 16.3103386, 52.758596, 0.0 ], [ 16.310359, 52.7586079, 0.0 ], [ 16.3103691, 52.7586139, 0.0 ], [ 16.3103793, 52.7586198, 0.0 ], [ 16.3104118, 52.758625, 0.0 ], [ 16.3104448, 52.758626, 0.0 ], [ 16.310475, 52.7586207, 0.0 ], [ 16.3104978, 52.7586158, 0.0 ], [ 16.3105244, 52.7586086, 0.0 ], [ 16.3105476, 52.7585994, 0.0 ], [ 16.3105779, 52.7585901, 0.0 ], [ 16.3105966, 52.7585873, 0.0 ], [ 16.3106119, 52.7585826, 0.0 ], [ 16.3106383, 52.7585755, 0.0 ], [ 16.3106647, 52.7585683, 0.0 ], [ 16.310691, 52.7585612, 0.0 ], [ 16.310721, 52.758552, 0.0 ], [ 16.3107429, 52.7585472, 0.0 ], [ 16.3107614, 52.7585405, 0.0 ], [ 16.3107794, 52.7585379, 0.0 ], [ 16.3108049, 52.7585311, 0.0 ], [ 16.3108304, 52.7585242, 0.0 ], [ 16.3108594, 52.7585153, 0.0 ], [ 16.3108916, 52.7585082, 0.0 ], [ 16.3109027, 52.7585019, 0.0 ], [ 16.3109208, 52.7584954, 0.0 ], [ 16.3109462, 52.7584846, 0.0 ], [ 16.3109857, 52.7584695, 0.0 ], [ 16.3110108, 52.7584589, 0.0 ], [ 16.3110249, 52.7584546, 0.0 ], [ 16.311043, 52.7584442, 0.0 ], [ 16.3110639, 52.7584397, 0.0 ], [ 16.3110747, 52.7584335, 0.0 ], [ 16.3111026, 52.7584249, 0.0 ], [ 16.3111272, 52.7584145, 0.0 ], [ 16.3111483, 52.7584061, 0.0 ], [ 16.311152, 52.758404, 0.0 ], [ 16.3111808, 52.7583913, 0.0 ], [ 16.3111986, 52.7583849, 0.0 ], [ 16.3112162, 52.7583786, 0.0 ], [ 16.3112412, 52.758368, 0.0 ], [ 16.311259, 52.7583616, 0.0 ], [ 16.3112797, 52.7583572, 0.0 ], [ 16.311304, 52.7583506, 0.0 ], [ 16.3113245, 52.7583462, 0.0 ], [ 16.3113451, 52.7583418, 0.0 ], [ 16.3113686, 52.7583392, 0.0 ], [ 16.3113818, 52.7583389, 0.0 ], [ 16.3114042, 52.7583442, 0.0 ], [ 16.3114235, 52.7583476, 0.0 ], [ 16.3114362, 52.7583512, 0.0 ], [ 16.3114611, 52.7583622, 0.0 ], [ 16.3114738, 52.7583658, 0.0 ], [ 16.3114865, 52.7583694, 0.0 ], [ 16.3115022, 52.7583748, 0.0 ], [ 16.3115175, 52.7583842, 0.0 ], [ 16.3115394, 52.7583934, 0.0 ], [ 16.3115612, 52.7584026, 0.0 ], [ 16.3115673, 52.7584064, 0.0 ], [ 16.3115928, 52.7584172, 0.0 ], [ 16.3116057, 52.7584206, 0.0 ], [ 16.3116281, 52.7584296, 0.0 ], [ 16.3116471, 52.7584405, 0.0 ], [ 16.3116693, 52.7584533, 0.0 ], [ 16.3116853, 52.7584586, 0.0 ], [ 16.3117043, 52.7584695, 0.0 ], [ 16.3117172, 52.758473, 0.0 ], [ 16.3117331, 52.7584782, 0.0 ], [ 16.3117553, 52.758491, 0.0 ], [ 16.3117681, 52.7584944, 0.0 ], [ 16.3117967, 52.7585069, 0.0 ], [ 16.3118158, 52.758514, 0.0 ], [ 16.3118443, 52.7585304, 0.0 ], [ 16.3118728, 52.7585429, 0.0 ], [ 16.311876, 52.7585447, 0.0 ], [ 16.3119013, 52.7585593, 0.0 ], [ 16.3119172, 52.7585684, 0.0 ], [ 16.3119393, 52.7585812, 0.0 ], [ 16.311952, 52.7585885, 0.0 ], [ 16.3119708, 52.7585995, 0.0 ], [ 16.3119896, 52.7586106, 0.0 ], [ 16.3120052, 52.7586237, 0.0 ], [ 16.3120146, 52.7586371, 0.0 ], [ 16.3120177, 52.7586507, 0.0 ], [ 16.312024, 52.7586662, 0.0 ], [ 16.3120271, 52.7586759, 0.0 ], [ 16.3120397, 52.7586913, 0.0 ], [ 16.3120429, 52.758701, 0.0 ], [ 16.3120429, 52.7587169, 0.0 ], [ 16.3120461, 52.7587307, 0.0 ], [ 16.3120461, 52.7587426, 0.0 ], [ 16.3120461, 52.7587546, 0.0 ], [ 16.3120461, 52.7587706, 0.0 ], [ 16.3120397, 52.7587829, 0.0 ], [ 16.3120333, 52.7588034, 0.0 ], [ 16.3120269, 52.7588198, 0.0 ], [ 16.3120205, 52.7588323, 0.0 ], [ 16.3120141, 52.7588488, 0.0 ], [ 16.3120108, 52.7588674, 0.0 ], [ 16.3120076, 52.7588777, 0.0 ], [ 16.3120043, 52.7588923, 0.0 ], [ 16.3119914, 52.7589011, 0.0 ], [ 16.3119816, 52.7589119, 0.0 ], [ 16.3119718, 52.7589227, 0.0 ], [ 16.3119587, 52.7589358, 0.0 ], [ 16.3119554, 52.7589463, 0.0 ], [ 16.3119488, 52.7589592, 0.0 ], [ 16.3119288, 52.7589729, 0.0 ], [ 16.3119087, 52.7589951, 0.0 ], [ 16.3118953, 52.7590086, 0.0 ], [ 16.3118852, 52.7590156, 0.0 ], [ 16.3118717, 52.7590333, 0.0 ], [ 16.3118649, 52.7590421, 0.0 ], [ 16.3118514, 52.7590557, 0.0 ], [ 16.3118413, 52.7590669, 0.0 ], [ 16.3118344, 52.7590801, 0.0 ], [ 16.3118275, 52.7590933, 0.0 ], [ 16.311824, 52.7591085, 0.0 ], [ 16.3118238, 52.7591214, 0.0 ], [ 16.3118202, 52.7591323, 0.0 ], [ 16.3118233, 52.7591515, 0.0 ], [ 16.3118232, 52.7591645, 0.0 ], [ 16.311823, 52.7591775, 0.0 ], [ 16.311833, 52.7591877, 0.0 ], [ 16.3118329, 52.7591964, 0.0 ], [ 16.3118462, 52.7592129, 0.0 ], [ 16.3118562, 52.7592231, 0.0 ], [ 16.3118663, 52.7592333, 0.0 ], [ 16.3118831, 52.759243, 0.0 ], [ 16.3118965, 52.7592508, 0.0 ], [ 16.31191, 52.7592586, 0.0 ], [ 16.3119268, 52.759264, 0.0 ], [ 16.3119436, 52.7592694, 0.0 ], [ 16.3119605, 52.7592747, 0.0 ], [ 16.3119806, 52.759282, 0.0 ], [ 16.3120041, 52.7592869, 0.0 ], [ 16.3120243, 52.7592898, 0.0 ], [ 16.312041, 52.7592951, 0.0 ], [ 16.3120544, 52.7592985, 0.0 ], [ 16.3120878, 52.7593004, 0.0 ], [ 16.3121078, 52.7593033, 0.0 ], [ 16.312131, 52.7593037, 0.0 ], [ 16.312151, 52.7593066, 0.0 ], [ 16.3121741, 52.7593071, 0.0 ], [ 16.3121939, 52.7593101, 0.0 ], [ 16.3122168, 52.7593064, 0.0 ], [ 16.3122398, 52.759307, 0.0 ], [ 16.3122592, 52.7593013, 0.0 ], [ 16.3122819, 52.7592976, 0.0 ], [ 16.3123046, 52.7592939, 0.0 ], [ 16.3123239, 52.7592882, 0.0 ], [ 16.3123465, 52.7592845, 0.0 ], [ 16.3123689, 52.7592809, 0.0 ], [ 16.3123849, 52.7592776, 0.0 ], [ 16.3124042, 52.7592763, 0.0 ], [ 16.3124265, 52.7592727, 0.0 ], [ 16.3124488, 52.759269, 0.0 ], [ 16.3124583, 52.7592663, 0.0 ], [ 16.3124803, 52.7592584, 0.0 ], [ 16.3125024, 52.7592548, 0.0 ], [ 16.312518, 52.7592474, 0.0 ], [ 16.3125365, 52.7592377, 0.0 ], [ 16.3125519, 52.7592303, 0.0 ], [ 16.3125732, 52.7592142, 0.0 ], [ 16.3125913, 52.7592004, 0.0 ], [ 16.3126093, 52.7591867, 0.0 ], [ 16.3126183, 52.7591798, 0.0 ], [ 16.3126301, 52.7591666, 0.0 ], [ 16.3126385, 52.7591515, 0.0 ], [ 16.3126505, 52.7591424, 0.0 ], [ 16.3126559, 52.7591296, 0.0 ], [ 16.3126646, 52.7591187, 0.0 ], [ 16.3126796, 52.7591115, 0.0 ], [ 16.3126925, 52.7591189, 0.0 ], [ 16.312715, 52.7591318, 0.0 ], [ 16.3127311, 52.7591411, 0.0 ], [ 16.312741, 52.7591507, 0.0 ], [ 16.3127512, 52.7591645, 0.0 ], [ 16.3127579, 52.7591723, 0.0 ], [ 16.312774, 52.7591816, 0.0 ], [ 16.3127837, 52.7591871, 0.0 ], [ 16.3128062, 52.7592, 0.0 ], [ 16.3128255, 52.7592111, 0.0 ], [ 16.3128449, 52.7592222, 0.0 ], [ 16.3128635, 52.759225, 0.0 ], [ 16.3128761, 52.7592283, 0.0 ], [ 16.312904, 52.7592325, 0.0 ], [ 16.3129197, 52.7592376, 0.0 ], [ 16.312948, 52.7592459, 0.0 ], [ 16.3129604, 52.7592491, 0.0 ], [ 16.3129765, 52.7592583, 0.0 ], [ 16.3129922, 52.7592634, 0.0 ], [ 16.3130082, 52.7592726, 0.0 ], [ 16.3130239, 52.7592777, 0.0 ], [ 16.3130459, 52.7592864, 0.0 ], [ 16.3130587, 52.7592938, 0.0 ], [ 16.3130776, 52.7593007, 0.0 ], [ 16.3130904, 52.759308, 0.0 ], [ 16.3131128, 52.7593209, 0.0 ], [ 16.3131256, 52.7593283, 0.0 ], [ 16.3131417, 52.7593375, 0.0 ], [ 16.3131541, 52.7593407, 0.0 ], [ 16.3131761, 52.7593494, 0.0 ], [ 16.3131857, 52.7593549, 0.0 ], [ 16.3132113, 52.7593696, 0.0 ], [ 16.3132273, 52.7593788, 0.0 ], [ 16.3132461, 52.7593857, 0.0 ], [ 16.3132621, 52.7593949, 0.0 ], [ 16.3132749, 52.7594022, 0.0 ], [ 16.3132936, 52.759409, 0.0 ], [ 16.313316, 52.7594219, 0.0 ], [ 16.3133288, 52.7594293, 0.0 ], [ 16.3133384, 52.7594348, 0.0 ], [ 16.3133576, 52.7594458, 0.0 ], [ 16.3133773, 52.759461, 0.0 ], [ 16.3133906, 52.7594726, 0.0 ], [ 16.3134039, 52.7594841, 0.0 ], [ 16.3134236, 52.7594994, 0.0 ], [ 16.3134306, 52.7595073, 0.0 ], [ 16.3134412, 52.7595213, 0.0 ], [ 16.3134487, 52.7595334, 0.0 ], [ 16.3134588, 52.7595432, 0.0 ], [ 16.3134663, 52.7595554, 0.0 ], [ 16.3134765, 52.7595651, 0.0 ], [ 16.3134808, 52.7595755, 0.0 ], [ 16.3134845, 52.7595816, 0.0 ], [ 16.3135017, 52.7595994, 0.0 ], [ 16.3135151, 52.7596111, 0.0 ], [ 16.3135226, 52.7596233, 0.0 ], [ 16.3135302, 52.7596356, 0.0 ], [ 16.313541, 52.7596497, 0.0 ], [ 16.3135507, 52.7596553, 0.0 ], [ 16.3135615, 52.7596695, 0.0 ], [ 16.3135782, 52.7596831, 0.0 ], [ 16.3135885, 52.7596929, 0.0 ], [ 16.3135993, 52.7597072, 0.0 ], [ 16.3136161, 52.7597208, 0.0 ], [ 16.3136361, 52.7597363, 0.0 ], [ 16.3136587, 52.7597493, 0.0 ], [ 16.3136781, 52.7597604, 0.0 ], [ 16.3136943, 52.7597697, 0.0 ], [ 16.3137073, 52.7597771, 0.0 ], [ 16.3137234, 52.7597864, 0.0 ], [ 16.3137461, 52.7597994, 0.0 ], [ 16.3137558, 52.759805, 0.0 ], [ 16.3137655, 52.7598106, 0.0 ], [ 16.3137882, 52.7598236, 0.0 ], [ 16.3137914, 52.7598255, 0.0 ], [ 16.3138244, 52.7598484, 0.0 ], [ 16.3138445, 52.759864, 0.0 ], [ 16.3138575, 52.7598714, 0.0 ], [ 16.3138769, 52.7598826, 0.0 ], [ 16.3138931, 52.7598919, 0.0 ], [ 16.3139093, 52.7599012, 0.0 ], [ 16.3139176, 52.7598979, 0.0 ], [ 16.3139105, 52.7598898, 0.0 ], [ 16.3139859, 52.7599022, 0.0 ], [ 16.3140024, 52.7599076, 0.0 ], [ 16.3140188, 52.7599129, 0.0 ], [ 16.3140353, 52.7599183, 0.0 ], [ 16.3140582, 52.7599314, 0.0 ], [ 16.3140746, 52.7599368, 0.0 ], [ 16.314091, 52.7599461, 0.0 ], [ 16.3141041, 52.7599537, 0.0 ], [ 16.314127, 52.7599668, 0.0 ], [ 16.3141466, 52.759974, 0.0 ], [ 16.314163, 52.7599834, 0.0 ], [ 16.3141794, 52.7599928, 0.0 ], [ 16.3141957, 52.7600022, 0.0 ], [ 16.3142153, 52.7600094, 0.0 ], [ 16.314235, 52.7600166, 0.0 ], [ 16.3142546, 52.7600237, 0.0 ], [ 16.3142774, 52.7600328, 0.0 ], [ 16.3142905, 52.7600403, 0.0 ], [ 16.3143101, 52.7600434, 0.0 ], [ 16.3143231, 52.7600509, 0.0 ], [ 16.3143459, 52.7600599, 0.0 ], [ 16.3143655, 52.7600671, 0.0 ], [ 16.3143817, 52.7600723, 0.0 ], [ 16.3143947, 52.7600757, 0.0 ], [ 16.3144175, 52.7600847, 0.0 ], [ 16.3144305, 52.7600922, 0.0 ], [ 16.3144435, 52.7600956, 0.0 ], [ 16.3144662, 52.7601046, 0.0 ], [ 16.3144857, 52.7601117, 0.0 ], [ 16.3145149, 52.7601244, 0.0 ], [ 16.3145409, 52.7601394, 0.0 ], [ 16.3145701, 52.7601521, 0.0 ], [ 16.3145862, 52.7601573, 0.0 ], [ 16.3146058, 52.7601685, 0.0 ], [ 16.3146188, 52.760176, 0.0 ], [ 16.3146316, 52.7601794, 0.0 ], [ 16.3146575, 52.7601902, 0.0 ], [ 16.3146705, 52.7601976, 0.0 ], [ 16.3146834, 52.760201, 0.0 ], [ 16.3147125, 52.7602179, 0.0 ], [ 16.3147286, 52.7602231, 0.0 ], [ 16.3147447, 52.7602326, 0.0 ], [ 16.3147608, 52.7602378, 0.0 ], [ 16.3147737, 52.7602454, 0.0 ], [ 16.3147994, 52.7602563, 0.0 ], [ 16.3148122, 52.7602597, 0.0 ], [ 16.3148283, 52.7602691, 0.0 ], [ 16.3148411, 52.7602725, 0.0 ], [ 16.3148603, 52.7602796, 0.0 ], [ 16.3148732, 52.7602871, 0.0 ], [ 16.3148892, 52.7602924, 0.0 ], [ 16.3149084, 52.7602995, 0.0 ], [ 16.3149245, 52.7603089, 0.0 ], [ 16.3149437, 52.7603161, 0.0 ], [ 16.3149661, 52.7603251, 0.0 ], [ 16.3149884, 52.7603341, 0.0 ], [ 16.3150076, 52.7603412, 0.0 ], [ 16.3150299, 52.7603502, 0.0 ], [ 16.315052, 52.760355, 0.0 ], [ 16.3150646, 52.7603584, 0.0 ], [ 16.3150931, 52.760367, 0.0 ], [ 16.3151119, 52.7603699, 0.0 ], [ 16.31514, 52.7603743, 0.0 ], [ 16.3151555, 52.7603754, 0.0 ], [ 16.3151864, 52.7603775, 0.0 ], [ 16.3151986, 52.7603766, 0.0 ], [ 16.3152294, 52.7603787, 0.0 ], [ 16.3152444, 52.7603757, 0.0 ], [ 16.3152783, 52.7603796, 0.0 ], [ 16.3152997, 52.7603802, 0.0 ], [ 16.3153146, 52.7603771, 0.0 ], [ 16.3153299, 52.760378, 0.0 ], [ 16.3153604, 52.7603799, 0.0 ], [ 16.3153784, 52.7603786, 0.0 ], [ 16.3154056, 52.7603785, 0.0 ], [ 16.3154446, 52.7603775, 0.0 ], [ 16.3154565, 52.7603765, 0.0 ], [ 16.3154775, 52.7603769, 0.0 ], [ 16.3155099, 52.7603722, 0.0 ], [ 16.3155131, 52.7603741, 0.0 ], [ 16.3155426, 52.7603717, 0.0 ], [ 16.315563, 52.760368, 0.0 ], [ 16.3155837, 52.7603684, 0.0 ], [ 16.3156013, 52.760367, 0.0 ], [ 16.3156246, 52.7603651, 0.0 ], [ 16.3156453, 52.7603655, 0.0 ], [ 16.3156774, 52.7603649, 0.0 ], [ 16.3156975, 52.7603613, 0.0 ], [ 16.3157237, 52.7603612, 0.0 ], [ 16.3158329, 52.7603374, 0.0 ], [ 16.3158671, 52.7603275, 0.0 ], [ 16.3158972, 52.7603203, 0.0 ], [ 16.3159233, 52.7603158, 0.0 ], [ 16.315938, 52.7603147, 0.0 ], [ 16.3159638, 52.7603104, 0.0 ], [ 16.3159895, 52.7603062, 0.0 ], [ 16.3160116, 52.7602999, 0.0 ], [ 16.3160411, 52.7602885, 0.0 ], [ 16.3160668, 52.7602797, 0.0 ], [ 16.3160814, 52.7602741, 0.0 ], [ 16.316107, 52.7602654, 0.0 ], [ 16.3161326, 52.7602521, 0.0 ], [ 16.3161506, 52.7602485, 0.0 ], [ 16.3161795, 52.7602374, 0.0 ], [ 16.3162081, 52.7602308, 0.0 ], [ 16.3162295, 52.7602247, 0.0 ], [ 16.3162545, 52.7602162, 0.0 ], [ 16.3162794, 52.7602076, 0.0 ], [ 16.3163042, 52.7601992, 0.0 ], [ 16.3163256, 52.7601843, 0.0 ], [ 16.3163432, 52.7601764, 0.0 ], [ 16.3163643, 52.760166, 0.0 ], [ 16.3163748, 52.7601631, 0.0 ], [ 16.3163958, 52.7601528, 0.0 ], [ 16.3164166, 52.7601469, 0.0 ], [ 16.316448, 52.7601336, 0.0 ], [ 16.3164688, 52.7601277, 0.0 ], [ 16.3164966, 52.7601168, 0.0 ], [ 16.3165207, 52.7601085, 0.0 ], [ 16.3165516, 52.7600996, 0.0 ], [ 16.3165687, 52.7600918, 0.0 ], [ 16.3165892, 52.760086, 0.0 ], [ 16.3166198, 52.7600772, 0.0 ], [ 16.3166401, 52.7600671, 0.0 ], [ 16.316657, 52.7600594, 0.0 ], [ 16.3166772, 52.7600494, 0.0 ], [ 16.3166906, 52.7600441, 0.0 ], [ 16.3167106, 52.7600341, 0.0 ], [ 16.3167273, 52.7600265, 0.0 ], [ 16.3167472, 52.7600209, 0.0 ], [ 16.316767, 52.760011, 0.0 ], [ 16.3167834, 52.7600036, 0.0 ], [ 16.3167998, 52.7599962, 0.0 ], [ 16.3168161, 52.7599888, 0.0 ], [ 16.3168454, 52.7599764, 0.0 ], [ 16.3168615, 52.7599649, 0.0 ], [ 16.3168776, 52.7599534, 0.0 ], [ 16.3168968, 52.7599397, 0.0 ], [ 16.316916, 52.759926, 0.0 ], [ 16.3169129, 52.7599324, 0.0 ], [ 16.3169163, 52.7599427, 0.0 ], [ 16.3169923, 52.7598966, 0.0 ], [ 16.3169986, 52.7598921, 0.0 ], [ 16.3170238, 52.7598824, 0.0 ], [ 16.3170488, 52.7598686, 0.0 ], [ 16.3170705, 52.7598572, 0.0 ], [ 16.3170861, 52.7598502, 0.0 ], [ 16.3171016, 52.7598432, 0.0 ], [ 16.317117, 52.7598362, 0.0 ], [ 16.3171386, 52.7598289, 0.0 ], [ 16.3171632, 52.7598195, 0.0 ], [ 16.3171815, 52.7598104, 0.0 ], [ 16.3171937, 52.7598057, 0.0 ], [ 16.3172149, 52.7597945, 0.0 ], [ 16.3172392, 52.7597852, 0.0 ], [ 16.3172572, 52.7597762, 0.0 ], [ 16.3172723, 52.7597695, 0.0 ], [ 16.3172811, 52.759763, 0.0 ], [ 16.317299, 52.7597541, 0.0 ], [ 16.3173198, 52.7597432, 0.0 ], [ 16.3173378, 52.7597383, 0.0 ], [ 16.3173584, 52.7597274, 0.0 ], [ 16.3173731, 52.7597207, 0.0 ], [ 16.3173995, 52.7597097, 0.0 ], [ 16.3174112, 52.7597053, 0.0 ], [ 16.3174286, 52.7596967, 0.0 ], [ 16.317455, 52.7596897, 0.0 ], [ 16.3174813, 52.7596828, 0.0 ], [ 16.3174957, 52.7596763, 0.0 ], [ 16.317516, 52.7596697, 0.0 ], [ 16.3175361, 52.759663, 0.0 ], [ 16.3175621, 52.7596562, 0.0 ], [ 16.3175735, 52.7596518, 0.0 ], [ 16.3175935, 52.7596453, 0.0 ], [ 16.3176104, 52.7596369, 0.0 ], [ 16.3176217, 52.7596326, 0.0 ], [ 16.3176416, 52.7596261, 0.0 ], [ 16.3176641, 52.7596176, 0.0 ], [ 16.3176807, 52.7596093, 0.0 ], [ 16.3176974, 52.7596011, 0.0 ], [ 16.3177166, 52.7595909, 0.0 ], [ 16.3177385, 52.7595788, 0.0 ], [ 16.3177576, 52.7595687, 0.0 ], [ 16.3177682, 52.7595608, 0.0 ], [ 16.3177846, 52.7595527, 0.0 ], [ 16.3177952, 52.7595449, 0.0 ], [ 16.317811, 52.7595331, 0.0 ], [ 16.3178355, 52.759523, 0.0 ], [ 16.3178486, 52.7595133, 0.0 ], [ 16.3178621, 52.7595073, 0.0 ], [ 16.3178711, 52.7595125, 0.0 ], [ 16.3178718, 52.7595198, 0.0 ], [ 16.3179473, 52.759482, 0.0 ], [ 16.3179724, 52.7594678, 0.0 ], [ 16.3179944, 52.7594602, 0.0 ], [ 16.3180133, 52.7594549, 0.0 ], [ 16.3180354, 52.7594515, 0.0 ], [ 16.3180574, 52.7594481, 0.0 ], [ 16.3180792, 52.7594405, 0.0 ], [ 16.3181041, 52.7594349, 0.0 ], [ 16.3181197, 52.7594319, 0.0 ], [ 16.3181445, 52.7594262, 0.0 ], [ 16.3181568, 52.7594213, 0.0 ], [ 16.3181721, 52.7594141, 0.0 ], [ 16.3181933, 52.7594025, 0.0 ], [ 16.3182145, 52.7593909, 0.0 ], [ 16.3182236, 52.7593883, 0.0 ], [ 16.3182538, 52.7593741, 0.0 ], [ 16.3182715, 52.7593608, 0.0 ], [ 16.3182894, 52.7593516, 0.0 ], [ 16.3183043, 52.7593446, 0.0 ], [ 16.3183218, 52.7593315, 0.0 ], [ 16.3183422, 52.7593162, 0.0 ], [ 16.3183595, 52.7593031, 0.0 ], [ 16.318374, 52.7592923, 0.0 ], [ 16.3183855, 52.7592836, 0.0 ], [ 16.3183998, 52.7592728, 0.0 ], [ 16.3184112, 52.7592642, 0.0 ], [ 16.3184226, 52.7592557, 0.0 ], [ 16.3184311, 52.7592492, 0.0 ], [ 16.3184394, 52.7592389, 0.0 ], [ 16.3184532, 52.7592244, 0.0 ], [ 16.3184613, 52.7592141, 0.0 ], [ 16.3184776, 52.7591936, 0.0 ], [ 16.3184801, 52.7591877, 0.0 ], [ 16.3184941, 52.7591772, 0.0 ], [ 16.3185132, 52.7591587, 0.0 ], [ 16.3185212, 52.7591486, 0.0 ], [ 16.3185368, 52.7591247, 0.0 ], [ 16.3185475, 52.7591126, 0.0 ], [ 16.3185554, 52.7591027, 0.0 ], [ 16.3185719, 52.7590904, 0.0 ], [ 16.3185798, 52.7590803, 0.0 ], [ 16.3185876, 52.7590703, 0.0 ], [ 16.3186067, 52.759056, 0.0 ], [ 16.3186142, 52.7590423, 0.0 ], [ 16.3186331, 52.7590281, 0.0 ], [ 16.3186385, 52.759024, 0.0 ], [ 16.3186512, 52.7590064, 0.0 ], [ 16.3186612, 52.7589908, 0.0 ], [ 16.3186692, 52.7589848, 0.0 ], [ 16.3186791, 52.7589694, 0.0 ], [ 16.3186814, 52.7589636, 0.0 ], [ 16.3186969, 52.7589481, 0.0 ], [ 16.3187067, 52.7589329, 0.0 ], [ 16.3187142, 52.7589234, 0.0 ], [ 16.3187269, 52.75891, 0.0 ], [ 16.3187531, 52.7588919, 0.0 ], [ 16.3187703, 52.7588748, 0.0 ], [ 16.3187856, 52.7588634, 0.0 ], [ 16.3188017, 52.758848, 0.0 ], [ 16.3188195, 52.7588351, 0.0 ], [ 16.318841, 52.7588195, 0.0 ], [ 16.3188554, 52.7588045, 0.0 ], [ 16.3188767, 52.7587891, 0.0 ], [ 16.3188909, 52.7587788, 0.0 ], [ 16.3189154, 52.7587699, 0.0 ], [ 16.3189224, 52.7587648, 0.0 ], [ 16.3189467, 52.758756, 0.0 ], [ 16.3189675, 52.7587497, 0.0 ], [ 16.3189848, 52.7587415, 0.0 ], [ 16.3189987, 52.7587314, 0.0 ], [ 16.3190159, 52.7587233, 0.0 ], [ 16.3190331, 52.7587107, 0.0 ], [ 16.3190434, 52.7587032, 0.0 ], [ 16.3190638, 52.7586927, 0.0 ], [ 16.3190876, 52.7586797, 0.0 ], [ 16.3191043, 52.758672, 0.0 ], [ 16.3191209, 52.7586601, 0.0 ], [ 16.3191407, 52.7586501, 0.0 ], [ 16.3191606, 52.7586444, 0.0 ], [ 16.3191803, 52.7586345, 0.0 ], [ 16.3192098, 52.7586218, 0.0 ], [ 16.3192261, 52.7586143, 0.0 ], [ 16.3192359, 52.7586115, 0.0 ], [ 16.3192652, 52.7585989, 0.0 ], [ 16.3192781, 52.7585938, 0.0 ], [ 16.3193039, 52.7585794, 0.0 ], [ 16.3193232, 52.7585739, 0.0 ], [ 16.3193456, 52.7585619, 0.0 ], [ 16.3193745, 52.7585538, 0.0 ], [ 16.3193776, 52.7585515, 0.0 ], [ 16.3193999, 52.7585437, 0.0 ], [ 16.3194253, 52.7585338, 0.0 ], [ 16.3194507, 52.758528, 0.0 ], [ 16.3194663, 52.7585208, 0.0 ], [ 16.3194884, 52.7585132, 0.0 ], [ 16.3195103, 52.7585056, 0.0 ], [ 16.3195134, 52.7585033, 0.0 ], [ 16.319529, 52.758496, 0.0 ], [ 16.3195507, 52.7584842, 0.0 ], [ 16.3195785, 52.7584721, 0.0 ], [ 16.3195939, 52.7584649, 0.0 ], [ 16.3196246, 52.7584507, 0.0 ], [ 16.3196337, 52.7584439, 0.0 ], [ 16.3196671, 52.7584275, 0.0 ], [ 16.3196793, 52.7584227, 0.0 ], [ 16.3196989, 52.7584184, 0.0 ], [ 16.3197334, 52.7584074, 0.0 ], [ 16.3197643, 52.7583949, 0.0 ], [ 16.3197889, 52.7583818, 0.0 ], [ 16.3198149, 52.7583688, 0.0 ], [ 16.319836, 52.7583594, 0.0 ], [ 16.3198586, 52.75835, 0.0 ], [ 16.3198789, 52.7583397, 0.0 ], [ 16.3199008, 52.7583306, 0.0 ], [ 16.3199189, 52.7583218, 0.0 ], [ 16.3199357, 52.7583115, 0.0 ], [ 16.3199672, 52.7583014, 0.0 ], [ 16.3199983, 52.7582927, 0.0 ], [ 16.320022, 52.7582753, 0.0 ], [ 16.320063, 52.7582592, 0.0 ], [ 16.3200926, 52.7582468, 0.0 ], [ 16.3201128, 52.7582421, 0.0 ], [ 16.3201535, 52.7582207, 0.0 ], [ 16.3201852, 52.7582026, 0.0 ], [ 16.3202213, 52.7581811, 0.0 ], [ 16.3202499, 52.7581635, 0.0 ], [ 16.3202623, 52.7581488, 0.0 ], [ 16.3202656, 52.758132, 0.0 ], [ 16.3202633, 52.7581208, 0.0 ], [ 16.3202655, 52.7581107, 0.0 ], [ 16.3202632, 52.7580954, 0.0 ], [ 16.3202808, 52.7580859, 0.0 ], [ 16.3203059, 52.7580892, 0.0 ], [ 16.3203298, 52.7580946, 0.0 ], [ 16.3203494, 52.7581003, 0.0 ], [ 16.320359, 52.7580989, 0.0 ], [ 16.320377, 52.7580943, 0.0 ], [ 16.3204009, 52.7580825, 0.0 ], [ 16.3204039, 52.7580803, 0.0 ], [ 16.3204171, 52.7580707, 0.0 ], [ 16.3204242, 52.7580669, 0.0 ], [ 16.3204421, 52.7580538, 0.0 ], [ 16.3204597, 52.7580409, 0.0 ], [ 16.3204768, 52.7580379, 0.0 ], [ 16.3205067, 52.758035, 0.0 ], [ 16.3205199, 52.7580375, 0.0 ], [ 16.3205373, 52.7580327, 0.0 ], [ 16.3205449, 52.7580284, 0.0 ], [ 16.3205639, 52.7580331, 0.0 ], [ 16.320583, 52.7580392, 0.0 ], [ 16.320585, 52.7580403, 0.0 ], [ 16.3205912, 52.7580439, 0.0 ], [ 16.3206164, 52.7580353, 0.0 ], [ 16.3206296, 52.7580333, 0.0 ], [ 16.3206414, 52.7580365, 0.0 ], [ 16.3206609, 52.7580405, 0.0 ], [ 16.320684, 52.7580596, 0.0 ], [ 16.3206807, 52.758072, 0.0 ], [ 16.32068, 52.758074, 0.0 ], [ 16.3206743, 52.7580816, 0.0 ], [ 16.3206714, 52.7580927, 0.0 ] ] ] } }
]
}
