{
"type": "FeatureCollection",
"name": "zones_polygons",
"crs": { "type": "name", "properties": { "name": "urn:ogc:def:crs:EPSG::32633" } },
"features": [
{ "type": "Feature", "properties": { "zone": "A", "name": "Zone A: Floating Mat (499 px)", "code": 1, "n_pixels": 499 }, "geometry": { "type": "Polygon", "coordinates": [ [ [ 588760.0, 5846800.0 ], [ 588760.0, 5846760.0 ], [ 588800.0, 5846760.0 ], [ 588800.0, 5846800.0 ], [ 588760.0, 5846800.0 ] ] ] } },
{ "type": "Feature", "properties": { "zone": "A", "name": "Zone A: Floating Mat (499 px)", "code": 1, "n_pixels": 499 }, "geometry": { "type": "Polygon", "coordinates": [ [ [ 588800.0, 5846720.0 ], [ 588800.0, 5846640.0 ], [ 588880.0, 5846640.0 ], [ 588880.0, 5846680.0 ], [ 588840.0, 5846680.0 ], [ 588840.0, 5846720.0 ], [ 588800.0, 5846720.0 ] ] ] } },
{ "type": "Feature", "properties": { "zone": "A", "name": "Zone A: Floating Mat (499 px)", "code": 1, "n_pixels": 499 }, "geometry": { "type": "Polygon", "coordinates": [ [ [ 588880.0, 5846600.0 ], [ 588880.0, 5846560.0 ], [ 588920.0, 5846560.0 ], [ 588920.0, 5846600.0 ], [ 588880.0, 5846600.0 ] ] ] } },
{ "type": "Feature", "properties": { "zone": "A", "name": "Zone A: Floating Mat (499 px)", "code": 1, "n_pixels": 499 }, "geometry": { "type": "Polygon", "coordinates": [ [ [ 588520.0, 5847200.0 ], [ 588520.0, 5847040.0 ], [ 588400.0, 5847040.0 ], [ 588400.0, 5847080.0 ], [ 588320.0, 5847080.0 ], [ 588320.0, 5847120.0 ], [ 588280.0, 5847120.0 ], [ 588280.0, 5847080.0 ], [ 588240.0, 5847080.0 ], [ 588240.0, 5847040.0 ], [ 588200.0, 5847040.0 ], [ 588200.0, 5847000.0 ], [ 588160.0, 5847000.0 ], [ 588160.0, 5847040.0 ], [ 588080.0, 5847040.0 ], [ 588080.0, 5847080.0 ], [ 587960.0, 5847080.0 ], [ 587960.0, 5847120.0 ], [ 587880.0, 5847120.0 ], [ 587880.0, 5847160.0 ], [ 587720.0, 5847160.0 ], [ 587720.0, 5847040.0 ], [ 587760.0, 5847040.0 ], [ 587760.0, 5846920.0 ], [ 587800.0, 5846920.0 ], [ 587800.0, 5846840.0 ], [ 587760.0, 5846840.0 ], [ 587760.0, 5846800.0 ], [ 587800.0, 5846800.0 ], [ 587800.0, 5846720.0 ], [ 587960.0, 5846720.0 ], [ 587960.0, 5846760.0 ], [ 588080.0, 5846760.0 ], [ 588080.0, 5846720.0 ], [ 588160.0, 5846720.0 ], [ 588160.0, 5846600.0 ], [ 588120.0, 5846600.0 ], [ 588120.0, 5846560.0 ], [ 588160.0, 5846560.0 ], [ 588160.0, 5846480.0 ], [ 588200.0, 5846480.0 ], [ 588200.0, 5846400.0 ], [ 588240.0, 5846400.0 ], [ 588240.0, 5846320.0 ], [ 588360.0, 5846320.0 ], [ 588360.0, 5846200.0 ], [ 588520.0, 5846200.0 ], [ 588520.0, 5846320.0 ], [ 588560.0, 5846320.0 ], [ 588560.0, 5846280.0 ], [ 588600.0, 5846280.0 ], [ 588600.0, 5846320.0 ], [ 588640.0, 5846320.0 ], [ 588640.0, 5846360.0 ], [ 588680.0, 5846360.0 ], [ 588680.0, 5846400.0 ], [ 588720.0, 5846400.0 ], [ 588720.0, 5846440.0 ], [ 588800.0, 5846440.0 ], [ 588800.0, 5846400.0 ], [ 588880.0, 5846400.0 ], [ 588880.0, 5846360.0 ], [ 588920.0, 5846360.0 ], [ 588920.0, 5846320.0 ], [ 588960.0, 5846320.0 ], [ 588960.0, 5846280.0 ], [ 589000.0, 5846280.0 ], [ 589000.0, 5846240.0 ], [ 589040.0, 5846240.0 ], [ 589040.0, 5846200.0 ], [ 589080.0, 5846200.0 ], [ 589080.0, 5846160.0 ], [ 589120.0, 5846160.0 ], [ 589120.0, 5846240.0 ], [ 589160.0, 5846240.0 ], [ 589160.0, 5846360.0 ], [ 589200.0, 5846360.0 ], [ 589200.0, 5846400.0 ], [ 589160.0, 5846400.0 ], [ 589160.0, 5846520.0 ], [ 589200.0, 5846520.0 ], [ 589200.0, 5846760.0 ], [ 589160.0, 5846760.0 ], [ 589160.0, 5846840.0 ], [ 589120.0, 5846840.0 ], [ 589120.0, 5846880.0 ], [ 589080.0, 5846880.0 ], [ 589080.0, 5846920.0 ], [ 589040.0, 5846920.0 ], [ 589040.0, 5846960.0 ], [ 588960.0, 5846960.0 ], [ 588960.0, 5847000.0 ], [ 588920.0, 5847000.0 ], [ 588920.0, 5847040.0 ], [ 588840.0, 5847040.0 ], [ 588840.0, 5847080.0 ], [ 588800.0, 5847080.0 ], [ 588800.0, 5847120.0 ], [ 588680.0, 5847120.0 ], [ 588680.0, 5847200.0 ], [ 588640.0, 5847200.0 ], [ 588640.0, 5847160.0 ], [ 588600.0, 5847160.0 ], [ 588600.0, 5847200.0 ], [ 588520.0, 5847200.0 ] ], [ [ 588720.0, 5846880.0 ], [ 588760.0, 5846880.0 ], [ 588760.0, 5846840.0 ], [ 588840.0, 5846840.0 ], [ 588840.0, 5846880.0 ], [ 588880.0, 5846880.0 ], [ 588880.0, 5846840.0 ], [ 588920.0, 5846840.0 ], [ 588920.0, 5846800.0 ], [ 589000.0, 5846800.0 ], [ 589000.0, 5846760.0 ], [ 589040.0, 5846760.0 ], [ 589040.0, 5846720.0 ], [ 589080.0, 5846720.0 ], [ 589080.0, 5846640.0 ], [ 589040.0, 5846640.0 ], [ 589040.0, 5846560.0 ], [ 589000.0, 5846560.0 ], [ 589000.0, 5846520.0 ], [ 588800.0, 5846520.0 ], [ 588800.0, 5846560.0 ], [ 588720.0, 5846560.0 ], [ 588720.0, 5846600.0 ], [ 588680.0, 5846600.0 ], [ 588680.0, 5846680.0 ], [ 588640.0, 5846680.0 ], [ 588640.0, 5846720.0 ], [ 588600.0, 5846720.0 ], [ 588600.0, 5846760.0 ], [ 588640.0, 5846760.0 ], [ 588640.0, 5846800.0 ], [ 588720.0, 5846800.0 ], [ 588720.0, 5846880.0 ] ] ] } },
{ "type": "Feature", "properties": { "zone": "B", "name": "Zone B: Residual Lake (65 px)", "code": 2, "n_pixels": 65 }, "geometry": { "type": "Polygon", "coordinates": [ [ [ 588720.0, 5846880.0 ], [ 588720.0, 5846800.0 ], [ 588640.0, 5846800.0 ], [ 588640.0, 5846760.0 ], [ 588600.0, 5846760.0 ], [ 588600.0, 5846720.0 ], [ 588640.0, 5846720.0 ], [ 588640.0, 5846680.0 ], [ 588680.0, 5846680.0 ], [ 588680.0, 5846600.0 ], [ 588720.0, 5846600.0 ], [ 588720.0, 5846560.0 ], [ 588800.0, 5846560.0 ], [ 588800.0, 5846520.0 ], [ 589000.0, 5846520.0 ], [ 589000.0, 5846560.0 ], [ 589040.0, 5846560.0 ], [ 589040.0, 5846640.0 ], [ 589080.0, 5846640.0 ], [ 589080.0, 5846720.0 ], [ 589040.0, 5846720.0 ], [ 589040.0, 5846760.0 ], [ 589000.0, 5846760.0 ], [ 589000.0, 5846800.0 ], [ 588920.0, 5846800.0 ], [ 588920.0, 5846840.0 ], [ 588880.0, 5846840.0 ], [ 588880.0, 5846880.0 ], [ 588840.0, 5846880.0 ], [ 588840.0, 5846840.0 ], [ 588760.0, 5846840.0 ], [ 588760.0, 5846880.0 ], [ 588720.0, 5846880.0 ] ], [ [ 588760.0, 5846800.0 ], [ 588800.0, 5846800.0 ], [ 588800.0, 5846760.0 ], [ 588760.0, 5846760.0 ], [ 588760.0, 5846800.0 ] ], [ [ 588800.0, 5846720.0 ], [ 588840.0, 5846720.0 ], [ 588840.0, 5846680.0 ], [ 588880.0, 5846680.0 ], [ 588880.0, 5846640.0 ], [ 588800.0, 5846640.0 ], [ 588800.0, 5846720.0 ] ], [ [ 588880.0, 5846600.0 ], [ 588920.0, 5846600.0 ], [ 588920.0, 5846560.0 ], [ 588880.0, 5846560.0 ], [ 588880.0, 5846600.0 ] ] ] } },
{ "type": "Feature", "properties": { "zone": "C", "name": "Zone C: Grassland Control (398 px)", "code": 3, "n_pixels": 398 }, "geometry": { "type": "Polygon", "coordinates": [ [ [ 587360.0, 5849280.0 ], [ 587360.0, 5849240.0 ], [ 587440.0, 5849240.0 ], [ 587440.0, 5849280.0 ], [ 587360.0, 5849280.0 ] ] ] } },
{ "type": "Feature", "properties": { "zone": "C", "name": "Zone C: Grassland Control (398 px)", "code": 3, "n_pixels": 398 }, "geometry": { "type": "Polygon", "coordinates": [ [ [ 589960.0, 5849080.0 ], [ 589960.0, 5849040.0 ], [ 590000.0, 5849040.0 ], [ 590000.0, 5849080.0 ], [ 589960.0, 5849080.0 ] ] ] } },
{ "type": "Feature", "properties": { "zone": "C", "name": "Zone C: Grassland Control (398 px)", "code": 3, "n_pixels": 398 }, "geometry": { "type": "Polygon", "coordinates": [ [ [ 587440.0, 5849120.0 ], [ 587440.0, 5849000.0 ], [ 587480.0, 5849000.0 ], [ 587480.0, 5849120.0 ], [ 587440.0, 5849120.0 ] ] ] } },
{ "type": "Feature", "properties": { "zone": "C", "name": "Zone C: Grassland Control (398 px)", "code": 3, "n_pixels": 398 }, "geometry": { "type": "Polygon", "coordinates": [ [ [ 587920.0, 5849000.0 ], [ 587920.0, 5848960.0 ], [ 587960.0, 5848960.0 ], [ 587960.0, 5849000.0 ], [ 587920.0, 5849000.0 ] ] ] } },
{ "type": "Feature", "properties": { "zone": "C", "name": "Zone C: Grassland Control (398 px)", "code": 3, "n_pixels": 398 }, "geometry": { "type": "Polygon", "coordinates": [ [ [ 587480.0, 5849000.0 ], [ 587480.0, 5848840.0 ], [ 587560.0, 5848840.0 ], [ 587560.0, 5848880.0 ], [ 587520.0, 5848880.0 ], [ 587520.0, 5849000.0 ], [ 587480.0, 5849000.0 ] ] ] } },
{ "type": "Feature", "properties": { "zone": "C", "name": "Zone C: Grassland Control (398 px)", "code": 3, "n_pixels": 398 }, "geometry": { "type": "Polygon", "coordinates": [ [ [ 588040.0, 5848880.0 ], [ 588040.0, 5848840.0 ], [ 588120.0, 5848840.0 ], [ 588120.0, 5848880.0 ], [ 588040.0, 5848880.0 ] ] ] } },
{ "type": "Feature", "properties": { "zone": "C", "name": "Zone C: Grassland Control (398 px)", "code": 3, "n_pixels": 398 }, "geometry": { "type": "Polygon", "coordinates": [ [ [ 587040.0, 5848880.0 ], [ 587040.0, 5848800.0 ], [ 587080.0, 5848800.0 ], [ 587080.0, 5848880.0 ], [ 587040.0, 5848880.0 ] ] ] } },
{ "type": "Feature", "properties": { "zone": "C", "name": "Zone C: Grassland Control (398 px)", "code": 3, "n_pixels": 398 }, "geometry": { "type": "Polygon", "coordinates": [ [ [ 590040.0, 5848840.0 ], [ 590040.0, 5848800.0 ], [ 590080.0, 5848800.0 ], [ 590080.0, 5848840.0 ], [ 590040.0, 5848840.0 ] ] ] } },
{ "type": "Feature", "properties": { "zone": "C", "name": "Zone C: Grassland Control (398 px)", "code": 3, "n_pixels": 398 }, "geometry": { "type": "Polygon", "coordinates": [ [ [ 588080.0, 5848800.0 ], [ 588080.0, 5848760.0 ], [ 588120.0, 5848760.0 ], [ 588120.0, 5848800.0 ], [ 588080.0, 5848800.0 ] ] ] } },
{ "type": "Feature", "properties": { "zone": "C", "name": "Zone C: Grassland Control (398 px)", "code": 3, "n_pixels": 398 }, "geometry": { "type": "Polygon", "coordinates": [ [ [ 585880.0, 5848760.0 ], [ 585880.0, 5848720.0 ], [ 585920.0, 5848720.0 ], [ 585920.0, 5848760.0 ], [ 585880.0, 5848760.0 ] ] ] } },
{ "type": "Feature", "properties": { "zone": "C", "name": "Zone C: Grassland Control (398 px)", "code": 3, "n_pixels": 398 }, "geometry": { "type": "Polygon", "coordinates": [ [ [ 589000.0, 5848720.0 ], [ 589000.0, 5848680.0 ], [ 589040.0, 5848680.0 ], [ 589040.0, 5848720.0 ], [ 589000.0, 5848720.0 ] ] ] } },
{ "type": "Feature", "properties": { "zone": "C", "name": "Zone C: Grassland Control (398 px)", "code": 3, "n_pixels": 398 }, "geometry": { "type": "Polygon", "coordinates": [ [ [ 590440.0, 5848720.0 ], [ 590440.0, 5848640.0 ], [ 590480.0, 5848640.0 ], [ 590480.0, 5848720.0 ], [ 590440.0, 5848720.0 ] ] ] } },
{ "type": "Feature", "properties": { "zone": "C", "name": "Zone C: Grassland Control (398 px)", "code": 3, "n_pixels": 398 }, "geometry": { "type": "Polygon", "coordinates": [ [ [ 588200.0, 5848400.0 ], [ 588200.0, 5848360.0 ], [ 588240.0, 5848360.0 ], [ 588240.0, 5848400.0 ], [ 588200.0, 5848400.0 ] ] ] } },
{ "type": "Feature", "properties": { "zone": "C", "name": "Zone C: Grassland Control (398 px)", "code": 3, "n_pixels": 398 }, "geometry": { "type": "Polygon", "coordinates": [ [ [ 588240.0, 5848280.0 ], [ 588240.0, 5848240.0 ], [ 588280.0, 5848240.0 ], [ 588280.0, 5848280.0 ], [ 588240.0, 5848280.0 ] ] ] } },
{ "type": "Feature", "properties": { "zone": "C", "name": "Zone C: Grassland Control (398 px)", "code": 3, "n_pixels": 398 }, "geometry": { "type": "Polygon", "coordinates": [ [ [ 590480.0, 5848160.0 ], [ 590480.0, 5848120.0 ], [ 590520.0, 5848120.0 ], [ 590520.0, 5848160.0 ], [ 590480.0, 5848160.0 ] ] ] } },
{ "type": "Feature", "properties": { "zone": "C", "name": "Zone C: Grassland Control (398 px)", "code": 3, "n_pixels": 398 }, "geometry": { "type": "Polygon", "coordinates": [ [ [ 590320.0, 5848120.0 ], [ 590320.0, 5848080.0 ], [ 590360.0, 5848080.0 ], [ 590360.0, 5848120.0 ], [ 590320.0, 5848120.0 ] ] ] } },
{ "type": "Feature", "properties": { "zone": "C", "name": "Zone C: Grassland Control (398 px)", "code": 3, "n_pixels": 398 }, "geometry": { "type": "Polygon", "coordinates": [ [ [ 590160.0, 5848080.0 ], [ 590160.0, 5848040.0 ], [ 590200.0, 5848040.0 ], [ 590200.0, 5848080.0 ], [ 590160.0, 5848080.0 ] ] ] } },
{ "type": "Feature", "properties": { "zone": "C", "name": "Zone C: Grassland Control (398 px)", "code": 3, "n_pixels": 398 }, "geometry": { "type": "Polygon", "coordinates": [ [ [ 591120.0, 5848000.0 ], [ 591120.0, 5847960.0 ], [ 591160.0, 5847960.0 ], [ 591160.0, 5848000.0 ], [ 591120.0, 5848000.0 ] ] ] } },
{ "type": "Feature", "properties": { "zone": "C", "name": "Zone C: Grassland Control (398 px)", "code": 3, "n_pixels": 398 }, "geometry": { "type": "Polygon", "coordinates": [ [ [ 588880.0, 5847720.0 ], [ 588880.0, 5847680.0 ], [ 588920.0, 5847680.0 ], [ 588920.0, 5847720.0 ], [ 588880.0, 5847720.0 ] ] ] } },
{ "type": "Feature", "properties": { "zone": "C", "name": "Zone C: Grassland Control (398 px)", "code": 3, "n_pixels": 398 }, "geometry": { "type": "Polygon", "coordinates": [ [ [ 588560.0, 5847680.0 ], [ 588560.0, 5847640.0 ], [ 588600.0, 5847640.0 ], [ 588600.0, 5847680.0 ], [ 588560.0, 5847680.0 ] ] ] } },
{ "type": "Feature", "properties": { "zone": "C", "name": "Zone C: Grassland Control (398 px)", "code": 3, "n_pixels": 398 }, "geometry": { "type": "Polygon", "coordinates": [ [ [ 589960.0, 5847600.0 ], [ 589960.0, 5847560.0 ], [ 590000.0, 5847560.0 ], [ 590000.0, 5847600.0 ], [ 589960.0, 5847600.0 ] ] ] } },
{ "type": "Feature", "properties": { "zone": "C", "name": "Zone C: Grassland Control (398 px)", "code": 3, "n_pixels": 398 }, "geometry": { "type": "Polygon", "coordinates": [ [ [ 590000.0, 5847440.0 ], [ 590000.0, 5847400.0 ], [ 590040.0, 5847400.0 ], [ 590040.0, 5847440.0 ], [ 590000.0, 5847440.0 ] ] ] } },
{ "type": "Feature", "properties": { "zone": "C", "name": "Zone C: Grassland Control (398 px)", "code": 3, "n_pixels": 398 }, "geometry": { "type": "Polygon", "coordinates": [ [ [ 591040.0, 5847480.0 ], [ 591040.0, 5847360.0 ], [ 591080.0, 5847360.0 ], [ 591080.0, 5847480.0 ], [ 591040.0, 5847480.0 ] ] ] } },
{ "type": "Feature", "properties": { "zone": "C", "name": "Zone C: Grassland Control (398 px)", "code": 3, "n_pixels": 398 }, "geometry": { "type": "Polygon", "coordinates": [ [ [ 588640.0, 5847400.0 ], [ 588640.0, 5847360.0 ], [ 588680.0, 5847360.0 ], [ 588680.0, 5847400.0 ], [ 588640.0, 5847400.0 ] ] ] } },
{ "type": "Feature", "properties": { "zone": "C", "name": "Zone C: Grassland Control (398 px)", "code": 3, "n_pixels": 398 }, "geometry": { "type": "Polygon", "coordinates": [ [ [ 588600.0, 5847360.0 ], [ 588600.0, 5847320.0 ], [ 588640.0, 5847320.0 ], [ 588640.0, 5847360.0 ], [ 588600.0, 5847360.0 ] ] ] } },
{ "type": "Feature", "properties": { "zone": "C", "name": "Zone C: Grassland Control (398 px)", "code": 3, "n_pixels": 398 }, "geometry": { "type": "Polygon", "coordinates": [ [ [ 588680.0, 5847360.0 ], [ 588680.0, 5847320.0 ], [ 588720.0, 5847320.0 ], [ 588720.0, 5847360.0 ], [ 588680.0, 5847360.0 ] ] ] } },
{ "type": "Feature", "properties": { "zone": "C", "name": "Zone C: Grassland Control (398 px)", "code": 3, "n_pixels": 398 }, "geometry": { "type": "Polygon", "coordinates": [ [ [ 591080.0, 5847360.0 ], [ 591080.0, 5847280.0 ], [ 591160.0, 5847280.0 ], [ 591160.0, 5847320.0 ], [ 591120.0, 5847320.0 ], [ 591120.0, 5847360.0 ], [ 591080.0, 5847360.0 ] ] ] } },
{ "type": "Feature", "properties": { "zone": "C", "name": "Zone C: Grassland Control (398 px)", "code": 3, "n_pixels": 398 }, "geometry": { "type": "Polygon", "coordinates": [ [ [ 589160.0, 5847320.0 ], [ 589160.0, 5847280.0 ], [ 589200.0, 5847280.0 ], [ 589200.0, 5847320.0 ], [ 589160.0, 5847320.0 ] ] ] } },
{ "type": "Feature", "properties": { "zone": "C", "name": "Zone C: Grassland Control (398 px)", "code": 3, "n_pixels": 398 }, "geometry": { "type": "Polygon", "coordinates": [ [ [ 589280.0, 5847320.0 ], [ 589280.0, 5847280.0 ], [ 589320.0, 5847280.0 ], [ 589320.0, 5847320.0 ], [ 589280.0, 5847320.0 ] ] ] } },
{ "type": "Feature", "properties": { "zone": "C", "name": "Zone C: Grassland Control (398 px)", "code": 3, "n_pixels": 398 }, "geometry": { "type": "Polygon", "coordinates": [ [ [ 590320.0, 5847320.0 ], [ 590320.0, 5847280.0 ], [ 590360.0, 5847280.0 ], [ 590360.0, 5847320.0 ], [ 590320.0, 5847320.0 ] ] ] } },
{ "type": "Feature", "properties": { "zone": "C", "name": "Zone C: Grassland Control (398 px)", "code": 3, "n_pixels": 398 }, "geometry": { "type": "Polygon", "coordinates": [ [ [ 588920.0, 5847440.0 ], [ 588920.0, 5847360.0 ], [ 588880.0, 5847360.0 ], [ 588880.0, 5847320.0 ], [ 588760.0, 5847320.0 ], [ 588760.0, 5847280.0 ], [ 588840.0, 5847280.0 ], [ 588840.0, 5847240.0 ], [ 588960.0, 5847240.0 ], [ 588960.0, 5847440.0 ], [ 588920.0, 5847440.0 ] ], [ [ 588880.0, 5847320.0 ], [ 588920.0, 5847320.0 ], [ 588920.0, 5847280.0 ], [ 588880.0, 5847280.0 ], [ 588880.0, 5847320.0 ] ] ] } },
{ "type": "Feature", "properties": { "zone": "C", "name": "Zone C: Grassland Control (398 px)", "code": 3, "n_pixels": 398 }, "geometry": { "type": "Polygon", "coordinates": [ [ [ 588480.0, 5847280.0 ], [ 588480.0, 5847240.0 ], [ 588520.0, 5847240.0 ], [ 588520.0, 5847280.0 ], [ 588480.0, 5847280.0 ] ] ] } },
{ "type": "Feature", "properties": { "zone": "C", "name": "Zone C: Grassland Control (398 px)", "code": 3, "n_pixels": 398 }, "geometry": { "type": "Polygon", "coordinates": [ [ [ 590400.0, 5847280.0 ], [ 590400.0, 5847240.0 ], [ 590440.0, 5847240.0 ], [ 590440.0, 5847280.0 ], [ 590400.0, 5847280.0 ] ] ] } },
{ "type": "Feature", "properties": { "zone": "C", "name": "Zone C: Grassland Control (398 px)", "code": 3, "n_pixels": 398 }, "geometry": { "type": "Polygon", "coordinates": [ [ [ 588440.0, 5847240.0 ], [ 588440.0, 5847200.0 ], [ 588480.0, 5847200.0 ], [ 588480.0, 5847240.0 ], [ 588440.0, 5847240.0 ] ] ] } },
{ "type": "Feature", "properties": { "zone": "C", "name": "Zone C: Grassland Control (398 px)", "code": 3, "n_pixels": 398 }, "geometry": { "type": "Polygon", "coordinates": [ [ [ 588560.0, 5847240.0 ], [ 588560.0, 5847200.0 ], [ 588600.0, 5847200.0 ], [ 588600.0, 5847240.0 ], [ 588560.0, 5847240.0 ] ] ] } },
{ "type": "Feature", "properties": { "zone": "C", "name": "Zone C: Grassland Control (398 px)", "code": 3, "n_pixels": 398 }, "geometry": { "type": "Polygon", "coordinates": [ [ [ 587640.0, 5847360.0 ], [ 587640.0, 5847320.0 ], [ 587560.0, 5847320.0 ], [ 587560.0, 5847160.0 ], [ 587600.0, 5847160.0 ], [ 587600.0, 5847240.0 ], [ 587640.0, 5847240.0 ], [ 587640.0, 5847280.0 ], [ 587760.0, 5847280.0 ], [ 587760.0, 5847320.0 ], [ 587680.0, 5847320.0 ], [ 587680.0, 5847360.0 ], [ 587640.0, 5847360.0 ] ] ] } },
{ "type": "Feature", "properties": { "zone": "C", "name": "Zone C: Grassland Control (398 px)", "code": 3, "n_pixels": 398 }, "geometry": { "type": "Polygon", "coordinates": [ [ [ 587800.0, 5847240.0 ], [ 587800.0, 5847200.0 ], [ 587760.0, 5847200.0 ], [ 587760.0, 5847160.0 ], [ 587840.0, 5847160.0 ], [ 587840.0, 5847240.0 ], [ 587800.0, 5847240.0 ] ] ] } },
{ "type": "Feature", "properties": { "zone": "C", "name": "Zone C: Grassland Control (398 px)", "code": 3, "n_pixels": 398 }, "geometry": { "type": "Polygon", "coordinates": [ [ [ 588320.0, 5847200.0 ], [ 588320.0, 5847160.0 ], [ 588360.0, 5847160.0 ], [ 588360.0, 5847200.0 ], [ 588320.0, 5847200.0 ] ] ] } },
{ "type": "Feature", "properties": { "zone": "C", "name": "Zone C: Grassland Control (398 px)", "code": 3, "n_pixels": 398 }, "geometry": { "type": "Polygon", "coordinates": [ [ [ 588480.0, 5847200.0 ], [ 588480.0, 5847160.0 ], [ 588520.0, 5847160.0 ], [ 588520.0, 5847200.0 ], [ 588480.0, 5847200.0 ] ] ] } },
{ "type": "Feature", "properties": { "zone": "C", "name": "Zone C: Grassland Control (398 px)", "code": 3, "n_pixels": 398 }, "geometry": { "type": "Polygon", "coordinates": [ [ [ 588600.0, 5847200.0 ], [ 588600.0, 5847160.0 ], [ 588640.0, 5847160.0 ], [ 588640.0, 5847200.0 ], [ 588600.0, 5847200.0 ] ] ] } },
{ "type": "Feature", "properties": { "zone": "C", "name": "Zone C: Grassland Control (398 px)", "code": 3, "n_pixels": 398 }, "geometry": { "type": "Polygon", "coordinates": [ [ [ 591120.0, 5847200.0 ], [ 591120.0, 5847160.0 ], [ 591160.0, 5847160.0 ], [ 591160.0, 5847200.0 ], [ 591120.0, 5847200.0 ] ] ] } },
{ "type": "Feature", "properties": { "zone": "C", "name": "Zone C: Grassland Control (398 px)", "code": 3, "n_pixels": 398 }, "geometry": { "type": "Polygon", "coordinates": [ [ [ 589000.0, 5847200.0 ], [ 589000.0, 5847120.0 ], [ 589080.0, 5847120.0 ], [ 589080.0, 5847160.0 ], [ 589040.0, 5847160.0 ], [ 589040.0, 5847200.0 ], [ 589000.0, 5847200.0 ] ] ] } },
{ "type": "Feature", "properties": { "zone": "C", "name": "Zone C: Grassland Control (398 px)", "code": 3, "n_pixels": 398 }, "geometry": { "type": "Polygon", "coordinates": [ [ [ 586400.0, 5847160.0 ], [ 586400.0, 5847120.0 ], [ 586440.0, 5847120.0 ], [ 586440.0, 5847160.0 ], [ 586400.0, 5847160.0 ] ] ] } },
{ "type": "Feature", "properties": { "zone": "C", "name": "Zone C: Grassland Control (398 px)", "code": 3, "n_pixels": 398 }, "geometry": { "type": "Polygon", "coordinates": [ [ [ 587480.0, 5847160.0 ], [ 587480.0, 5847120.0 ], [ 587520.0, 5847120.0 ], [ 587520.0, 5847160.0 ], [ 587480.0, 5847160.0 ] ] ] } },
{ "type": "Feature", "properties": { "zone": "C", "name": "Zone C: Grassland Control (398 px)", "code": 3, "n_pixels": 398 }, "geometry": { "type": "Polygon", "coordinates": [ [ [ 587880.0, 5847160.0 ], [ 587880.0, 5847120.0 ], [ 587920.0, 5847120.0 ], [ 587920.0, 5847160.0 ], [ 587880.0, 5847160.0 ] ] ] } },
{ "type": "Feature", "properties": { "zone": "C", "name": "Zone C: Grassland Control (398 px)", "code": 3, "n_pixels": 398 }, "geometry": { "type": "Polygon", "coordinates": [ [ [ 588400.0, 5847160.0 ], [ 588400.0, 5847120.0 ], [ 588480.0, 5847120.0 ], [ 588480.0, 5847160.0 ], [ 588400.0, 5847160.0 ] ] ] } },
{ "type": "Feature", "properties": { "zone": "C", "name": "Zone C: Grassland Control (398 px)", "code": 3, "n_pixels": 398 }, "geometry": { "type": "Polygon", "coordinates": [ [ [ 588760.0, 5847160.0 ], [ 588760.0, 5847120.0 ], [ 588800.0, 5847120.0 ], [ 588800.0, 5847080.0 ], [ 588840.0, 5847080.0 ], [ 588840.0, 5847160.0 ], [ 588760.0, 5847160.0 ] ] ] } },
{ "type": "Feature", "properties": { "zone": "C", "name": "Zone C: Grassland Control (398 px)", "code": 3, "n_pixels": 398 }, "geometry": { "type": "Polygon", "coordinates": [ [ [ 587560.0, 5847120.0 ], [ 587560.0, 5847080.0 ], [ 587600.0, 5847080.0 ], [ 587600.0, 5847120.0 ], [ 587560.0, 5847120.0 ] ] ] } },
{ "type": "Feature", "properties": { "zone": "C", "name": "Zone C: Grassland Control (398 px)", "code": 3, "n_pixels": 398 }, "geometry": { "type": "Polygon", "coordinates": [ [ [ 587640.0, 5847120.0 ], [ 587640.0, 5847080.0 ], [ 587680.0, 5847080.0 ], [ 587680.0, 5847120.0 ], [ 587640.0, 5847120.0 ] ] ] } },
{ "type": "Feature", "properties": { "zone": "C", "name": "Zone C: Grassland Control (398 px)", "code": 3, "n_pixels": 398 }, "geometry": { "type": "Polygon", "coordinates": [ [ [ 588120.0, 5847120.0 ], [ 588120.0, 5847080.0 ], [ 588200.0, 5847080.0 ], [ 588200.0, 5847120.0 ], [ 588120.0, 5847120.0 ] ] ] } },
{ "type": "Feature", "properties": { "zone": "C", "name": "Zone C: Grassland Control (398 px)", "code": 3, "n_pixels": 398 }, "geometry": { "type": "Polygon", "coordinates": [ [ [ 587600.0, 5847080.0 ], [ 587600.0, 5847040.0 ], [ 587640.0, 5847040.0 ], [ 587640.0, 5847080.0 ], [ 587600.0, 5847080.0 ] ] ] } },
{ "type": "Feature", "properties": { "zone": "C", "name": "Zone C: Grassland Control (398 px)", "code": 3, "n_pixels": 398 }, "geometry": { "type": "Polygon", "coordinates": [ [ [ 589040.0, 5847080.0 ], [ 589040.0, 5847040.0 ], [ 589080.0, 5847040.0 ], [ 589080.0, 5847080.0 ], [ 589040.0, 5847080.0 ] ] ] } },
{ "type": "Feature", "properties": { "zone": "C", "name": "Zone C: Grassland Control (398 px)", "code": 3, "n_pixels": 398 }, "geometry": { "type": "Polygon", "coordinates": [ [ [ 590040.0, 5847080.0 ], [ 590040.0, 5847040.0 ], [ 590080.0, 5847040.0 ], [ 590080.0, 5847080.0 ], [ 590040.0, 5847080.0 ] ] ] } },
{ "type": "Feature", "properties": { "zone": "C", "name": "Zone C: Grassland Control (398 px)", "code": 3, "n_pixels": 398 }, "geometry": { "type": "Polygon", "coordinates": [ [ [ 591160.0, 5847040.0 ], [ 591160.0, 5847000.0 ], [ 591200.0, 5847000.0 ], [ 591200.0, 5847040.0 ], [ 591160.0, 5847040.0 ] ] ] } },
{ "type": "Feature", "properties": { "zone": "C", "name": "Zone C: Grassland Control (398 px)", "code": 3, "n_pixels": 398 }, "geometry": { "type": "Polygon", "coordinates": [ [ [ 588960.0, 5847000.0 ], [ 588960.0, 5846960.0 ], [ 589000.0, 5846960.0 ], [ 589000.0, 5847000.0 ], [ 588960.0, 5847000.0 ] ] ] } },
{ "type": "Feature", "properties": { "zone": "C", "name": "Zone C: Grassland Control (398 px)", "code": 3, "n_pixels": 398 }, "geometry": { "type": "Polygon", "coordinates": [ [ [ 590240.0, 5847000.0 ], [ 590240.0, 5846960.0 ], [ 590280.0, 5846960.0 ], [ 590280.0, 5847000.0 ], [ 590240.0, 5847000.0 ] ] ] } },
{ "type": "Feature", "properties": { "zone": "C", "name": "Zone C: Grassland Control (398 px)", "code": 3, "n_pixels": 398 }, "geometry": { "type": "Polygon", "coordinates": [ [ [ 587600.0, 5847000.0 ], [ 587600.0, 5846960.0 ], [ 587640.0, 5846960.0 ], [ 587640.0, 5846920.0 ], [ 587680.0, 5846920.0 ], [ 587680.0, 5847000.0 ], [ 587600.0, 5847000.0 ] ] ] } },
{ "type": "Feature", "properties": { "zone": "C", "name": "Zone C: Grassland Control (398 px)", "code": 3, "n_pixels": 398 }, "geometry": { "type": "Polygon", "coordinates": [ [ [ 590080.0, 5846960.0 ], [ 590080.0, 5846920.0 ], [ 590120.0, 5846920.0 ], [ 590120.0, 5846960.0 ], [ 590080.0, 5846960.0 ] ] ] } },
{ "type": "Feature", "properties": { "zone": "C", "name": "Zone C: Grassland Control (398 px)", "code": 3, "n_pixels": 398 }, "geometry": { "type": "Polygon", "coordinates": [ [ [ 587520.0, 5847000.0 ], [ 587520.0, 5846920.0 ], [ 587560.0, 5846920.0 ], [ 587560.0, 5846880.0 ], [ 587640.0, 5846880.0 ], [ 587640.0, 5846920.0 ], [ 587600.0, 5846920.0 ], [ 587600.0, 5846960.0 ], [ 587560.0, 5846960.0 ], [ 587560.0, 5847000.0 ], [ 587520.0, 5847000.0 ] ] ] } },
{ "type": "Feature", "properties": { "zone": "C", "name": "Zone C: Grassland Control (398 px)", "code": 3, "n_pixels": 398 }, "geometry": { "type": "Polygon", "coordinates": [ [ [ 589160.0, 5846960.0 ], [ 589160.0, 5846880.0 ], [ 589200.0, 5846880.0 ], [ 589200.0, 5846960.0 ], [ 589160.0, 5846960.0 ] ] ] } },
{ "type": "Feature", "properties": { "zone": "C", "name": "Zone C: Grassland Control (398 px)", "code": 3, "n_pixels": 398 }, "geometry": { "type": "Polygon", "coordinates": [ [ [ 590280.0, 5846960.0 ], [ 590280.0, 5846840.0 ], [ 590320.0, 5846840.0 ], [ 590320.0, 5846960.0 ], [ 590280.0, 5846960.0 ] ] ] } },
{ "type": "Feature", "properties": { "zone": "C", "name": "Zone C: Grassland Control (398 px)", "code": 3, "n_pixels": 398 }, "geometry": { "type": "Polygon", "coordinates": [ [ [ 586080.0, 5846920.0 ], [ 586080.0, 5846840.0 ], [ 586120.0, 5846840.0 ], [ 586120.0, 5846920.0 ], [ 586080.0, 5846920.0 ] ] ] } },
{ "type": "Feature", "properties": { "zone": "C", "name": "Zone C: Grassland Control (398 px)", "code": 3, "n_pixels": 398 }, "geometry": { "type": "Polygon", "coordinates": [ [ [ 587680.0, 5846920.0 ], [ 587680.0, 5846800.0 ], [ 587720.0, 5846800.0 ], [ 587720.0, 5846920.0 ], [ 587680.0, 5846920.0 ] ] ] } },
{ "type": "Feature", "properties": { "zone": "C", "name": "Zone C: Grassland Control (398 px)", "code": 3, "n_pixels": 398 }, "geometry": { "type": "Polygon", "coordinates": [ [ [ 586120.0, 5846800.0 ], [ 586120.0, 5846760.0 ], [ 586160.0, 5846760.0 ], [ 586160.0, 5846800.0 ], [ 586120.0, 5846800.0 ] ] ] } },
{ "type": "Feature", "properties": { "zone": "C", "name": "Zone C: Grassland Control (398 px)", "code": 3, "n_pixels": 398 }, "geometry": { "type": "Polygon", "coordinates": [ [ [ 587720.0, 5846800.0 ], [ 587720.0, 5846760.0 ], [ 587760.0, 5846760.0 ], [ 587760.0, 5846800.0 ], [ 587720.0, 5846800.0 ] ] ] } },
{ "type": "Feature", "properties": { "zone": "C", "name": "Zone C: Grassland Control (398 px)", "code": 3, "n_pixels": 398 }, "geometry": { "type": "Polygon", "coordinates": [ [ [ 587960.0, 5846760.0 ], [ 587960.0, 5846720.0 ], [ 588000.0, 5846720.0 ], [ 588000.0, 5846760.0 ], [ 587960.0, 5846760.0 ] ] ] } },
{ "type": "Feature", "properties": { "zone": "C", "name": "Zone C: Grassland Control (398 px)", "code": 3, "n_pixels": 398 }, "geometry": { "type": "Polygon", "coordinates": [ [ [ 588040.0, 5846760.0 ], [ 588040.0, 5846720.0 ], [ 588080.0, 5846720.0 ], [ 588080.0, 5846760.0 ], [ 588040.0, 5846760.0 ] ] ] } },
{ "type": "Feature", "properties": { "zone": "C", "name": "Zone C: Grassland Control (398 px)", "code": 3, "n_pixels": 398 }, "geometry": { "type": "Polygon", "coordinates": [ [ [ 590160.0, 5846760.0 ], [ 590160.0, 5846720.0 ], [ 590200.0, 5846720.0 ], [ 590200.0, 5846760.0 ], [ 590160.0, 5846760.0 ] ] ] } },
{ "type": "Feature", "properties": { "zone": "C", "name": "Zone C: Grassland Control (398 px)", "code": 3, "n_pixels": 398 }, "geometry": { "type": "Polygon", "coordinates": [ [ [ 587720.0, 5846720.0 ], [ 587720.0, 5846680.0 ], [ 587760.0, 5846680.0 ], [ 587760.0, 5846720.0 ], [ 587720.0, 5846720.0 ] ] ] } },
{ "type": "Feature", "properties": { "zone": "C", "name": "Zone C: Grassland Control (398 px)", "code": 3, "n_pixels": 398 }, "geometry": { "type": "Polygon", "coordinates": [ [ [ 590200.0, 5846720.0 ], [ 590200.0, 5846680.0 ], [ 590240.0, 5846680.0 ], [ 590240.0, 5846720.0 ], [ 590200.0, 5846720.0 ] ] ] } },
{ "type": "Feature", "properties": { "zone": "C", "name": "Zone C: Grassland Control (398 px)", "code": 3, "n_pixels": 398 }, "geometry": { "type": "Polygon", "coordinates": [ [ [ 590600.0, 5846720.0 ], [ 590600.0, 5846680.0 ], [ 590640.0, 5846680.0 ], [ 590640.0, 5846720.0 ], [ 590600.0, 5846720.0 ] ] ] } },
{ "type": "Feature", "properties": { "zone": "C", "name": "Zone C: Grassland Control (398 px)", "code": 3, "n_pixels": 398 }, "geometry": { "type": "Polygon", "coordinates": [ [ [ 589160.0, 5846840.0 ], [ 589160.0, 5846800.0 ], [ 589200.0, 5846800.0 ], [ 589200.0, 5846640.0 ], [ 589240.0, 5846640.0 ], [ 589240.0, 5846840.0 ], [ 589160.0, 5846840.0 ] ] ] } },
{ "type": "Feature", "properties": { "zone": "C", "name": "Zone C: Grassland Control (398 px)", "code": 3, "n_pixels": 398 }, "geometry": { "type": "Polygon", "coordinates": [ [ [ 587880.0, 5846640.0 ], [ 587880.0, 5846600.0 ], [ 587920.0, 5846600.0 ], [ 587920.0, 5846640.0 ], [ 587880.0, 5846640.0 ] ] ] } },
{ "type": "Feature", "properties": { "zone": "C", "name": "Zone C: Grassland Control (398 px)", "code": 3, "n_pixels": 398 }, "geometry": { "type": "Polygon", "coordinates": [ [ [ 587960.0, 5846640.0 ], [ 587960.0, 5846600.0 ], [ 588000.0, 5846600.0 ], [ 588000.0, 5846640.0 ], [ 587960.0, 5846640.0 ] ] ] } },
{ "type": "Feature", "properties": { "zone": "C", "name": "Zone C: Grassland Control (398 px)", "code": 3, "n_pixels": 398 }, "geometry": { "type": "Polygon", "coordinates": [ [ [ 590600.0, 5846640.0 ], [ 590600.0, 5846600.0 ], [ 590640.0, 5846600.0 ], [ 590640.0, 5846640.0 ], [ 590600.0, 5846640.0 ] ] ] } },
{ "type": "Feature", "properties": { "zone": "C", "name": "Zone C: Grassland Control (398 px)", "code": 3, "n_pixels": 398 }, "geometry": { "type": "Polygon", "coordinates": [ [ [ 590920.0, 5846640.0 ], [ 590920.0, 5846600.0 ], [ 591040.0, 5846600.0 ], [ 591040.0, 5846640.0 ], [ 590920.0, 5846640.0 ] ] ] } },
{ "type": "Feature", "properties": { "zone": "C", "name": "Zone C: Grassland Control (398 px)", "code": 3, "n_pixels": 398 }, "geometry": { "type": "Polygon", "coordinates": [ [ [ 588000.0, 5846600.0 ], [ 588000.0, 5846520.0 ], [ 588040.0, 5846520.0 ], [ 588040.0, 5846600.0 ], [ 588000.0, 5846600.0 ] ] ] } },
{ "type": "Feature", "properties": { "zone": "C", "name": "Zone C: Grassland Control (398 px)", "code": 3, "n_pixels": 398 }, "geometry": { "type": "Polygon", "coordinates": [ [ [ 590640.0, 5846600.0 ], [ 590640.0, 5846520.0 ], [ 590680.0, 5846520.0 ], [ 590680.0, 5846600.0 ], [ 590640.0, 5846600.0 ] ] ] } },
{ "type": "Feature", "properties": { "zone": "C", "name": "Zone C: Grassland Control (398 px)", "code": 3, "n_pixels": 398 }, "geometry": { "type": "Polygon", "coordinates": [ [ [ 588120.0, 5846560.0 ], [ 588120.0, 5846520.0 ], [ 588160.0, 5846520.0 ], [ 588160.0, 5846560.0 ], [ 588120.0, 5846560.0 ] ] ] } },
{ "type": "Feature", "properties": { "zone": "C", "name": "Zone C: Grassland Control (398 px)", "code": 3, "n_pixels": 398 }, "geometry": { "type": "Polygon", "coordinates": [ [ [ 589600.0, 5846560.0 ], [ 589600.0, 5846520.0 ], [ 589640.0, 5846520.0 ], [ 589640.0, 5846560.0 ], [ 589600.0, 5846560.0 ] ] ] } },
{ "type": "Feature", "properties": { "zone": "C", "name": "Zone C: Grassland Control (398 px)", "code": 3, "n_pixels": 398 }, "geometry": { "type": "Polygon", "coordinates": [ [ [ 589640.0, 5846520.0 ], [ 589640.0, 5846480.0 ], [ 589680.0, 5846480.0 ], [ 589680.0, 5846520.0 ], [ 589640.0, 5846520.0 ] ] ] } },
{ "type": "Feature", "properties": { "zone": "C", "name": "Zone C: Grassland Control (398 px)", "code": 3, "n_pixels": 398 }, "geometry": { "type": "Polygon", "coordinates": [ [ [ 589160.0, 5846520.0 ], [ 589160.0, 5846480.0 ], [ 589200.0, 5846480.0 ], [ 589200.0, 5846440.0 ], [ 589240.0, 5846440.0 ], [ 589240.0, 5846520.0 ], [ 589160.0, 5846520.0 ] ] ] } },
{ "type": "Feature", "properties": { "zone": "C", "name": "Zone C: Grassland Control (398 px)", "code": 3, "n_pixels": 398 }, "geometry": { "type": "Polygon", "coordinates": [ [ [ 586200.0, 5846480.0 ], [ 586200.0, 5846440.0 ], [ 586240.0, 5846440.0 ], [ 586240.0, 5846480.0 ], [ 586200.0, 5846480.0 ] ] ] } },
{ "type": "Feature", "properties": { "zone": "C", "name": "Zone C: Grassland Control (398 px)", "code": 3, "n_pixels": 398 }, "geometry": { "type": "Polygon", "coordinates": [ [ [ 589760.0, 5846440.0 ], [ 589760.0, 5846400.0 ], [ 589800.0, 5846400.0 ], [ 589800.0, 5846440.0 ], [ 589760.0, 5846440.0 ] ] ] } },
{ "type": "Feature", "properties": { "zone": "C", "name": "Zone C: Grassland Control (398 px)", "code": 3, "n_pixels": 398 }, "geometry": { "type": "Polygon", "coordinates": [ [ [ 586240.0, 5846400.0 ], [ 586240.0, 5846360.0 ], [ 586280.0, 5846360.0 ], [ 586280.0, 5846400.0 ], [ 586240.0, 5846400.0 ] ] ] } },
{ "type": "Feature", "properties": { "zone": "C", "name": "Zone C: Grassland Control (398 px)", "code": 3, "n_pixels": 398 }, "geometry": { "type": "Polygon", "coordinates": [ [ [ 589680.0, 5846400.0 ], [ 589680.0, 5846360.0 ], [ 589720.0, 5846360.0 ], [ 589720.0, 5846400.0 ], [ 589680.0, 5846400.0 ] ] ] } },
{ "type": "Feature", "properties": { "zone": "C", "name": "Zone C: Grassland Control (398 px)", "code": 3, "n_pixels": 398 }, "geometry": { "type": "Polygon", "coordinates": [ [ [ 590680.0, 5846400.0 ], [ 590680.0, 5846360.0 ], [ 590720.0, 5846360.0 ], [ 590720.0, 5846400.0 ], [ 590680.0, 5846400.0 ] ] ] } },
{ "type": "Feature", "properties": { "zone": "C", "name": "Zone C: Grassland Control (398 px)", "code": 3, "n_pixels": 398 }, "geometry": { "type": "Polygon", "coordinates": [ [ [ 588760.0, 5846440.0 ], [ 588760.0, 5846400.0 ], [ 588720.0, 5846400.0 ], [ 588720.0, 5846360.0 ], [ 588760.0, 5846360.0 ], [ 588760.0, 5846320.0 ], [ 588800.0, 5846320.0 ], [ 588800.0, 5846360.0 ], [ 588880.0, 5846360.0 ], [ 588880.0, 5846400.0 ], [ 588800.0, 5846400.0 ], [ 588800.0, 5846440.0 ], [ 588760.0, 5846440.0 ] ] ] } },
{ "type": "Feature", "properties": { "zone": "C", "name": "Zone C: Grassland Control (398 px)", "code": 3, "n_pixels": 398 }, "geometry": { "type": "Polygon", "coordinates": [ [ [ 590920.0, 5846400.0 ], [ 590920.0, 5846320.0 ], [ 591000.0, 5846320.0 ], [ 591000.0, 5846400.0 ], [ 590920.0, 5846400.0 ] ] ] } },
{ "type": "Feature", "properties": { "zone": "C", "name": "Zone C: Grassland Control (398 px)", "code": 3, "n_pixels": 398 }, "geometry": { "type": "Polygon", "coordinates": [ [ [ 589160.0, 5846360.0 ], [ 589160.0, 5846320.0 ], [ 589200.0, 5846320.0 ], [ 589200.0, 5846360.0 ], [ 589160.0, 5846360.0 ] ] ] } },
{ "type": "Feature", "properties": { "zone": "C", "name": "Zone C: Grassland Control (398 px)", "code": 3, "n_pixels": 398 }, "geometry": { "type": "Polygon", "coordinates": [ [ [ 590720.0, 5846360.0 ], [ 590720.0, 5846320.0 ], [ 590760.0, 5846320.0 ], [ 590760.0, 5846360.0 ], [ 590720.0, 5846360.0 ] ] ] } },
{ "type": "Feature", "properties": { "zone": "C", "name": "Zone C: Grassland Control (398 px)", "code": 3, "n_pixels": 398 }, "geometry": { "type": "Polygon", "coordinates": [ [ [ 589800.0, 5846400.0 ], [ 589800.0, 5846360.0 ], [ 589760.0, 5846360.0 ], [ 589760.0, 5846280.0 ], [ 589800.0, 5846280.0 ], [ 589800.0, 5846320.0 ], [ 589840.0, 5846320.0 ], [ 589840.0, 5846400.0 ], [ 589800.0, 5846400.0 ] ] ] } },
{ "type": "Feature", "properties": { "zone": "C", "name": "Zone C: Grassland Control (398 px)", "code": 3, "n_pixels": 398 }, "geometry": { "type": "Polygon", "coordinates": [ [ [ 588640.0, 5846320.0 ], [ 588640.0, 5846280.0 ], [ 588680.0, 5846280.0 ], [ 588680.0, 5846320.0 ], [ 588640.0, 5846320.0 ] ] ] } },
{ "type": "Feature", "properties": { "zone": "C", "name": "Zone C: Grassland Control (398 px)", "code": 3, "n_pixels": 398 }, "geometry": { "type": "Polygon", "coordinates": [ [ [ 588840.0, 5846320.0 ], [ 588840.0, 5846280.0 ], [ 588880.0, 5846280.0 ], [ 588880.0, 5846320.0 ], [ 588840.0, 5846320.0 ] ] ] } },
{ "type": "Feature", "properties": { "zone": "C", "name": "Zone C: Grassland Control (398 px)", "code": 3, "n_pixels": 398 }, "geometry": { "type": "Polygon", "coordinates": [ [ [ 588960.0, 5846280.0 ], [ 588960.0, 5846240.0 ], [ 589000.0, 5846240.0 ], [ 589000.0, 5846280.0 ], [ 588960.0, 5846280.0 ] ] ] } },
{ "type": "Feature", "properties": { "zone": "C", "name": "Zone C: Grassland Control (398 px)", "code": 3, "n_pixels": 398 }, "geometry": { "type": "Polygon", "coordinates": [ [ [ 589320.0, 5846280.0 ], [ 589320.0, 5846240.0 ], [ 589440.0, 5846240.0 ], [ 589440.0, 5846280.0 ], [ 589320.0, 5846280.0 ] ] ] } },
{ "type": "Feature", "properties": { "zone": "C", "name": "Zone C: Grassland Control (398 px)", "code": 3, "n_pixels": 398 }, "geometry": { "type": "Polygon", "coordinates": [ [ [ 586120.0, 5846240.0 ], [ 586120.0, 5846200.0 ], [ 586160.0, 5846200.0 ], [ 586160.0, 5846240.0 ], [ 586120.0, 5846240.0 ] ] ] } },
{ "type": "Feature", "properties": { "zone": "C", "name": "Zone C: Grassland Control (398 px)", "code": 3, "n_pixels": 398 }, "geometry": { "type": "Polygon", "coordinates": [ [ [ 589000.0, 5846240.0 ], [ 589000.0, 5846200.0 ], [ 589040.0, 5846200.0 ], [ 589040.0, 5846240.0 ], [ 589000.0, 5846240.0 ] ] ] } },
{ "type": "Feature", "properties": { "zone": "C", "name": "Zone C: Grassland Control (398 px)", "code": 3, "n_pixels": 398 }, "geometry": { "type": "Polygon", "coordinates": [ [ [ 589120.0, 5846240.0 ], [ 589120.0, 5846200.0 ], [ 589160.0, 5846200.0 ], [ 589160.0, 5846240.0 ], [ 589120.0, 5846240.0 ] ] ] } },
{ "type": "Feature", "properties": { "zone": "C", "name": "Zone C: Grassland Control (398 px)", "code": 3, "n_pixels": 398 }, "geometry": { "type": "Polygon", "coordinates": [ [ [ 589560.0, 5846280.0 ], [ 589560.0, 5846160.0 ], [ 589600.0, 5846160.0 ], [ 589600.0, 5846240.0 ], [ 589640.0, 5846240.0 ], [ 589640.0, 5846280.0 ], [ 589560.0, 5846280.0 ] ] ] } },
{ "type": "Feature", "properties": { "zone": "C", "name": "Zone C: Grassland Control (398 px)", "code": 3, "n_pixels": 398 }, "geometry": { "type": "Polygon", "coordinates": [ [ [ 589720.0, 5846240.0 ], [ 589720.0, 5846160.0 ], [ 589760.0, 5846160.0 ], [ 589760.0, 5846240.0 ], [ 589720.0, 5846240.0 ] ] ] } },
{ "type": "Feature", "properties": { "zone": "C", "name": "Zone C: Grassland Control (398 px)", "code": 3, "n_pixels": 398 }, "geometry": { "type": "Polygon", "coordinates": [ [ [ 589840.0, 5846240.0 ], [ 589840.0, 5846160.0 ], [ 589880.0, 5846160.0 ], [ 589880.0, 5846240.0 ], [ 589840.0, 5846240.0 ] ] ] } },
{ "type": "Feature", "properties": { "zone": "C", "name": "Zone C: Grassland Control (398 px)", "code": 3, "n_pixels": 398 }, "geometry": { "type": "Polygon", "coordinates": [ [ [ 590760.0, 5846240.0 ], [ 590760.0, 5846160.0 ], [ 590800.0, 5846160.0 ], [ 590800.0, 5846240.0 ], [ 590760.0, 5846240.0 ] ] ] } },
{ "type": "Feature", "properties": { "zone": "C", "name": "Zone C: Grassland Control (398 px)", "code": 3, "n_pixels": 398 }, "geometry": { "type": "Polygon", "coordinates": [ [ [ 585880.0, 5846200.0 ], [ 585880.0, 5846160.0 ], [ 585920.0, 5846160.0 ], [ 585920.0, 5846200.0 ], [ 585880.0, 5846200.0 ] ] ] } },
{ "type": "Feature", "properties": { "zone": "C", "name": "Zone C: Grassland Control (398 px)", "code": 3, "n_pixels": 398 }, "geometry": { "type": "Polygon", "coordinates": [ [ [ 588400.0, 5846200.0 ], [ 588400.0, 5846160.0 ], [ 588440.0, 5846160.0 ], [ 588440.0, 5846200.0 ], [ 588400.0, 5846200.0 ] ] ] } },
{ "type": "Feature", "properties": { "zone": "C", "name": "Zone C: Grassland Control (398 px)", "code": 3, "n_pixels": 398 }, "geometry": { "type": "Polygon", "coordinates": [ [ [ 588960.0, 5846200.0 ], [ 588960.0, 5846160.0 ], [ 589000.0, 5846160.0 ], [ 589000.0, 5846200.0 ], [ 588960.0, 5846200.0 ] ] ] } },
{ "type": "Feature", "properties": { "zone": "C", "name": "Zone C: Grassland Control (398 px)", "code": 3, "n_pixels": 398 }, "geometry": { "type": "Polygon", "coordinates": [ [ [ 589640.0, 5846200.0 ], [ 589640.0, 5846160.0 ], [ 589680.0, 5846160.0 ], [ 589680.0, 5846200.0 ], [ 589640.0, 5846200.0 ] ] ] } },
{ "type": "Feature", "properties": { "zone": "C", "name": "Zone C: Grassland Control (398 px)", "code": 3, "n_pixels": 398 }, "geometry": { "type": "Polygon", "coordinates": [ [ [ 589680.0, 5846160.0 ], [ 589680.0, 5846120.0 ], [ 589720.0, 5846120.0 ], [ 589720.0, 5846160.0 ], [ 589680.0, 5846160.0 ] ] ] } },
{ "type": "Feature", "properties": { "zone": "C", "name": "Zone C: Grassland Control (398 px)", "code": 3, "n_pixels": 398 }, "geometry": { "type": "Polygon", "coordinates": [ [ [ 586600.0, 5846120.0 ], [ 586600.0, 5846080.0 ], [ 586640.0, 5846080.0 ], [ 586640.0, 5846120.0 ], [ 586600.0, 5846120.0 ] ] ] } },
{ "type": "Feature", "properties": { "zone": "C", "name": "Zone C: Grassland Control (398 px)", "code": 3, "n_pixels": 398 }, "geometry": { "type": "Polygon", "coordinates": [ [ [ 590200.0, 5846080.0 ], [ 590200.0, 5846040.0 ], [ 590240.0, 5846040.0 ], [ 590240.0, 5846080.0 ], [ 590200.0, 5846080.0 ] ] ] } },
{ "type": "Feature", "properties": { "zone": "C", "name": "Zone C: Grassland Control (398 px)", "code": 3, "n_pixels": 398 }, "geometry": { "type": "Polygon", "coordinates": [ [ [ 589360.0, 5846120.0 ], [ 589360.0, 5846080.0 ], [ 589400.0, 5846080.0 ], [ 589400.0, 5846000.0 ], [ 589440.0, 5846000.0 ], [ 589440.0, 5846120.0 ], [ 589360.0, 5846120.0 ] ] ] } },
{ "type": "Feature", "properties": { "zone": "C", "name": "Zone C: Grassland Control (398 px)", "code": 3, "n_pixels": 398 }, "geometry": { "type": "Polygon", "coordinates": [ [ [ 589280.0, 5846200.0 ], [ 589280.0, 5846160.0 ], [ 589240.0, 5846160.0 ], [ 589240.0, 5846080.0 ], [ 589200.0, 5846080.0 ], [ 589200.0, 5846040.0 ], [ 589240.0, 5846040.0 ], [ 589240.0, 5846000.0 ], [ 589280.0, 5846000.0 ], [ 589280.0, 5846120.0 ], [ 589320.0, 5846120.0 ], [ 589320.0, 5846200.0 ], [ 589280.0, 5846200.0 ] ] ] } },
{ "type": "Feature", "properties": { "zone": "C", "name": "Zone C: Grassland Control (398 px)", "code": 3, "n_pixels": 398 }, "geometry": { "type": "Polygon", "coordinates": [ [ [ 586600.0, 5846040.0 ], [ 586600.0, 5846000.0 ], [ 586640.0, 5846000.0 ], [ 586640.0, 5846040.0 ], [ 586600.0, 5846040.0 ] ] ] } },
{ "type": "Feature", "properties": { "zone": "C", "name": "Zone C: Grassland Control (398 px)", "code": 3, "n_pixels": 398 }, "geometry": { "type": "Polygon", "coordinates": [ [ [ 587040.0, 5846040.0 ], [ 587040.0, 5846000.0 ], [ 587080.0, 5846000.0 ], [ 587080.0, 5846040.0 ], [ 587040.0, 5846040.0 ] ] ] } },
{ "type": "Feature", "properties": { "zone": "C", "name": "Zone C: Grassland Control (398 px)", "code": 3, "n_pixels": 398 }, "geometry": { "type": "Polygon", "coordinates": [ [ [ 590120.0, 5846040.0 ], [ 590120.0, 5846000.0 ], [ 590200.0, 5846000.0 ], [ 590200.0, 5846040.0 ], [ 590120.0, 5846040.0 ] ] ] } },
{ "type": "Feature", "properties": { "zone": "C", "name": "Zone C: Grassland Control (398 px)", "code": 3, "n_pixels": 398 }, "geometry": { "type": "Polygon", "coordinates": [ [ [ 589320.0, 5846000.0 ], [ 589320.0, 5845960.0 ], [ 589360.0, 5845960.0 ], [ 589360.0, 5846000.0 ], [ 589320.0, 5846000.0 ] ] ] } },
{ "type": "Feature", "properties": { "zone": "C", "name": "Zone C: Grassland Control (398 px)", "code": 3, "n_pixels": 398 }, "geometry": { "type": "Polygon", "coordinates": [ [ [ 589800.0, 5846000.0 ], [ 589800.0, 5845920.0 ], [ 589840.0, 5845920.0 ], [ 589840.0, 5846000.0 ], [ 589800.0, 5846000.0 ] ] ] } },
{ "type": "Feature", "properties": { "zone": "C", "name": "Zone C: Grassland Control (398 px)", "code": 3, "n_pixels": 398 }, "geometry": { "type": "Polygon", "coordinates": [ [ [ 589200.0, 5845960.0 ], [ 589200.0, 5845920.0 ], [ 589240.0, 5845920.0 ], [ 589240.0, 5845960.0 ], [ 589200.0, 5845960.0 ] ] ] } },
{ "type": "Feature", "properties": { "zone": "C", "name": "Zone C: Grassland Control (398 px)", "code": 3, "n_pixels": 398 }, "geometry": { "type": "Polygon", "coordinates": [ [ [ 589280.0, 5845960.0 ], [ 589280.0, 5845920.0 ], [ 589320.0, 5845920.0 ], [ 589320.0, 5845960.0 ], [ 589280.0, 5845960.0 ] ] ] } },
{ "type": "Feature", "properties": { "zone": "C", "name": "Zone C: Grassland Control (398 px)", "code": 3, "n_pixels": 398 }, "geometry": { "type": "Polygon", "coordinates": [ [ [ 589360.0, 5845960.0 ], [ 589360.0, 5845920.0 ], [ 589400.0, 5845920.0 ], [ 589400.0, 5845960.0 ], [ 589360.0, 5845960.0 ] ] ] } },
{ "type": "Feature", "properties": { "zone": "C", "name": "Zone C: Grassland Control (398 px)", "code": 3, "n_pixels": 398 }, "geometry": { "type": "Polygon", "coordinates": [ [ [ 589400.0, 5845920.0 ], [ 589400.0, 5845880.0 ], [ 589440.0, 5845880.0 ], [ 589440.0, 5845920.0 ], [ 589400.0, 5845920.0 ] ] ] } },
{ "type": "Feature", "properties": { "zone": "C", "name": "Zone C: Grassland Control (398 px)", "code": 3, "n_pixels": 398 }, "geometry": { "type": "Polygon", "coordinates": [ [ [ 589440.0, 5846000.0 ], [ 589440.0, 5845960.0 ], [ 589480.0, 5845960.0 ], [ 589480.0, 5845920.0 ], [ 589520.0, 5845920.0 ], [ 589520.0, 5845880.0 ], [ 589600.0, 5845880.0 ], [ 589600.0, 5845840.0 ], [ 589720.0, 5845840.0 ], [ 589720.0, 5845880.0 ], [ 589640.0, 5845880.0 ], [ 589640.0, 5845920.0 ], [ 589560.0, 5845920.0 ], [ 589560.0, 5845960.0 ], [ 589640.0, 5845960.0 ], [ 589640.0, 5846000.0 ], [ 589440.0, 5846000.0 ] ] ] } },
{ "type": "Feature", "properties": { "zone": "C", "name": "Zone C: Grassland Control (398 px)", "code": 3, "n_pixels": 398 }, "geometry": { "type": "Polygon", "coordinates": [ [ [ 587080.0, 5845960.0 ], [ 587080.0, 5845840.0 ], [ 587120.0, 5845840.0 ], [ 587120.0, 5845960.0 ], [ 587080.0, 5845960.0 ] ] ] } },
{ "type": "Feature", "properties": { "zone": "C", "name": "Zone C: Grassland Control (398 px)", "code": 3, "n_pixels": 398 }, "geometry": { "type": "Polygon", "coordinates": [ [ [ 587840.0, 5845880.0 ], [ 587840.0, 5845800.0 ], [ 587880.0, 5845800.0 ], [ 587880.0, 5845880.0 ], [ 587840.0, 5845880.0 ] ] ] } },
{ "type": "Feature", "properties": { "zone": "C", "name": "Zone C: Grassland Control (398 px)", "code": 3, "n_pixels": 398 }, "geometry": { "type": "Polygon", "coordinates": [ [ [ 585920.0, 5846080.0 ], [ 585920.0, 5845880.0 ], [ 585960.0, 5845880.0 ], [ 585960.0, 5845760.0 ], [ 586000.0, 5845760.0 ], [ 586000.0, 5845960.0 ], [ 585960.0, 5845960.0 ], [ 585960.0, 5846080.0 ], [ 585920.0, 5846080.0 ] ] ] } },
{ "type": "Feature", "properties": { "zone": "C", "name": "Zone C: Grassland Control (398 px)", "code": 3, "n_pixels": 398 }, "geometry": { "type": "Polygon", "coordinates": [ [ [ 588000.0, 5845760.0 ], [ 588000.0, 5845720.0 ], [ 588040.0, 5845720.0 ], [ 588040.0, 5845760.0 ], [ 588000.0, 5845760.0 ] ] ] } },
{ "type": "Feature", "properties": { "zone": "C", "name": "Zone C: Grassland Control (398 px)", "code": 3, "n_pixels": 398 }, "geometry": { "type": "Polygon", "coordinates": [ [ [ 589480.0, 5845760.0 ], [ 589480.0, 5845720.0 ], [ 589520.0, 5845720.0 ], [ 589520.0, 5845760.0 ], [ 589480.0, 5845760.0 ] ] ] } },
{ "type": "Feature", "properties": { "zone": "C", "name": "Zone C: Grassland Control (398 px)", "code": 3, "n_pixels": 398 }, "geometry": { "type": "Polygon", "coordinates": [ [ [ 589720.0, 5845840.0 ], [ 589720.0, 5845800.0 ], [ 589560.0, 5845800.0 ], [ 589560.0, 5845720.0 ], [ 589640.0, 5845720.0 ], [ 589640.0, 5845680.0 ], [ 589720.0, 5845680.0 ], [ 589720.0, 5845720.0 ], [ 589680.0, 5845720.0 ], [ 589680.0, 5845760.0 ], [ 589800.0, 5845760.0 ], [ 589800.0, 5845800.0 ], [ 589760.0, 5845800.0 ], [ 589760.0, 5845840.0 ], [ 589720.0, 5845840.0 ] ] ] } },
{ "type": "Feature", "properties": { "zone": "C", "name": "Zone C: Grassland Control (398 px)", "code": 3, "n_pixels": 398 }, "geometry": { "type": "Polygon", "coordinates": [ [ [ 589320.0, 5845840.0 ], [ 589320.0, 5845760.0 ], [ 589280.0, 5845760.0 ], [ 589280.0, 5845720.0 ], [ 589360.0, 5845720.0 ], [ 589360.0, 5845680.0 ], [ 589400.0, 5845680.0 ], [ 589400.0, 5845720.0 ], [ 589440.0, 5845720.0 ], [ 589440.0, 5845840.0 ], [ 589320.0, 5845840.0 ] ], [ [ 589360.0, 5845800.0 ], [ 589400.0, 5845800.0 ], [ 589400.0, 5845760.0 ], [ 589360.0, 5845760.0 ], [ 589360.0, 5845800.0 ] ] ] } },
{ "type": "Feature", "properties": { "zone": "C", "name": "Zone C: Grassland Control (398 px)", "code": 3, "n_pixels": 398 }, "geometry": { "type": "Polygon", "coordinates": [ [ [ 589160.0, 5845720.0 ], [ 589160.0, 5845680.0 ], [ 589200.0, 5845680.0 ], [ 589200.0, 5845720.0 ], [ 589160.0, 5845720.0 ] ] ] } },
{ "type": "Feature", "properties": { "zone": "C", "name": "Zone C: Grassland Control (398 px)", "code": 3, "n_pixels": 398 }, "geometry": { "type": "Polygon", "coordinates": [ [ [ 589760.0, 5845720.0 ], [ 589760.0, 5845680.0 ], [ 589800.0, 5845680.0 ], [ 589800.0, 5845720.0 ], [ 589760.0, 5845720.0 ] ] ] } },
{ "type": "Feature", "properties": { "zone": "C", "name": "Zone C: Grassland Control (398 px)", "code": 3, "n_pixels": 398 }, "geometry": { "type": "Polygon", "coordinates": [ [ [ 586000.0, 5845760.0 ], [ 586000.0, 5845640.0 ], [ 586040.0, 5845640.0 ], [ 586040.0, 5845760.0 ], [ 586000.0, 5845760.0 ] ] ] } },
{ "type": "Feature", "properties": { "zone": "C", "name": "Zone C: Grassland Control (398 px)", "code": 3, "n_pixels": 398 }, "geometry": { "type": "Polygon", "coordinates": [ [ [ 588040.0, 5845720.0 ], [ 588040.0, 5845640.0 ], [ 588080.0, 5845640.0 ], [ 588080.0, 5845720.0 ], [ 588040.0, 5845720.0 ] ] ] } },
{ "type": "Feature", "properties": { "zone": "C", "name": "Zone C: Grassland Control (398 px)", "code": 3, "n_pixels": 398 }, "geometry": { "type": "Polygon", "coordinates": [ [ [ 589720.0, 5845680.0 ], [ 589720.0, 5845640.0 ], [ 589760.0, 5845640.0 ], [ 589760.0, 5845680.0 ], [ 589720.0, 5845680.0 ] ] ] } },
{ "type": "Feature", "properties": { "zone": "C", "name": "Zone C: Grassland Control (398 px)", "code": 3, "n_pixels": 398 }, "geometry": { "type": "Polygon", "coordinates": [ [ [ 587880.0, 5845720.0 ], [ 587880.0, 5845680.0 ], [ 587840.0, 5845680.0 ], [ 587840.0, 5845600.0 ], [ 587880.0, 5845600.0 ], [ 587880.0, 5845640.0 ], [ 587920.0, 5845640.0 ], [ 587920.0, 5845720.0 ], [ 587880.0, 5845720.0 ] ] ] } },
{ "type": "Feature", "properties": { "zone": "C", "name": "Zone C: Grassland Control (398 px)", "code": 3, "n_pixels": 398 }, "geometry": { "type": "Polygon", "coordinates": [ [ [ 588720.0, 5845640.0 ], [ 588720.0, 5845600.0 ], [ 588760.0, 5845600.0 ], [ 588760.0, 5845640.0 ], [ 588720.0, 5845640.0 ] ] ] } },
{ "type": "Feature", "properties": { "zone": "C", "name": "Zone C: Grassland Control (398 px)", "code": 3, "n_pixels": 398 }, "geometry": { "type": "Polygon", "coordinates": [ [ [ 589560.0, 5845680.0 ], [ 589560.0, 5845640.0 ], [ 589520.0, 5845640.0 ], [ 589520.0, 5845600.0 ], [ 589640.0, 5845600.0 ], [ 589640.0, 5845680.0 ], [ 589560.0, 5845680.0 ] ] ] } },
{ "type": "Feature", "properties": { "zone": "C", "name": "Zone C: Grassland Control (398 px)", "code": 3, "n_pixels": 398 }, "geometry": { "type": "Polygon", "coordinates": [ [ [ 589760.0, 5845640.0 ], [ 589760.0, 5845600.0 ], [ 589800.0, 5845600.0 ], [ 589800.0, 5845640.0 ], [ 589760.0, 5845640.0 ] ] ] } },
{ "type": "Feature", "properties": { "zone": "C", "name": "Zone C: Grassland Control (398 px)", "code": 3, "n_pixels": 398 }, "geometry": { "type": "Polygon", "coordinates": [ [ [ 589920.0, 5845640.0 ], [ 589920.0, 5845600.0 ], [ 589960.0, 5845600.0 ], [ 589960.0, 5845640.0 ], [ 589920.0, 5845640.0 ] ] ] } },
{ "type": "Feature", "properties": { "zone": "C", "name": "Zone C: Grassland Control (398 px)", "code": 3, "n_pixels": 398 }, "geometry": { "type": "Polygon", "coordinates": [ [ [ 589400.0, 5845640.0 ], [ 589400.0, 5845560.0 ], [ 589440.0, 5845560.0 ], [ 589440.0, 5845600.0 ], [ 589480.0, 5845600.0 ], [ 589480.0, 5845640.0 ], [ 589400.0, 5845640.0 ] ] ] } },
{ "type": "Feature", "properties": { "zone": "C", "name": "Zone C: Grassland Control (398 px)", "code": 3, "n_pixels": 398 }, "geometry": { "type": "Polygon", "coordinates": [ [ [ 586400.0, 5845600.0 ], [ 586400.0, 5845520.0 ], [ 586440.0, 5845520.0 ], [ 586440.0, 5845600.0 ], [ 586400.0, 5845600.0 ] ] ] } },
{ "type": "Feature", "properties": { "zone": "C", "name": "Zone C: Grassland Control (398 px)", "code": 3, "n_pixels": 398 }, "geometry": { "type": "Polygon", "coordinates": [ [ [ 587560.0, 5845600.0 ], [ 587560.0, 5845480.0 ], [ 587600.0, 5845480.0 ], [ 587600.0, 5845600.0 ], [ 587560.0, 5845600.0 ] ] ] } },
{ "type": "Feature", "properties": { "zone": "C", "name": "Zone C: Grassland Control (398 px)", "code": 3, "n_pixels": 398 }, "geometry": { "type": "Polygon", "coordinates": [ [ [ 587880.0, 5845600.0 ], [ 587880.0, 5845560.0 ], [ 587920.0, 5845560.0 ], [ 587920.0, 5845480.0 ], [ 587880.0, 5845480.0 ], [ 587880.0, 5845440.0 ], [ 587960.0, 5845440.0 ], [ 587960.0, 5845600.0 ], [ 587880.0, 5845600.0 ] ] ] } },
{ "type": "Feature", "properties": { "zone": "C", "name": "Zone C: Grassland Control (398 px)", "code": 3, "n_pixels": 398 }, "geometry": { "type": "Polygon", "coordinates": [ [ [ 589960.0, 5845560.0 ], [ 589960.0, 5845480.0 ], [ 590000.0, 5845480.0 ], [ 590000.0, 5845400.0 ], [ 590080.0, 5845400.0 ], [ 590080.0, 5845440.0 ], [ 590040.0, 5845440.0 ], [ 590040.0, 5845520.0 ], [ 590000.0, 5845520.0 ], [ 590000.0, 5845560.0 ], [ 589960.0, 5845560.0 ] ] ] } },
{ "type": "Feature", "properties": { "zone": "C", "name": "Zone C: Grassland Control (398 px)", "code": 3, "n_pixels": 398 }, "geometry": { "type": "Polygon", "coordinates": [ [ [ 589560.0, 5845440.0 ], [ 589560.0, 5845400.0 ], [ 589640.0, 5845400.0 ], [ 589640.0, 5845440.0 ], [ 589560.0, 5845440.0 ] ] ] } },
{ "type": "Feature", "properties": { "zone": "C", "name": "Zone C: Grassland Control (398 px)", "code": 3, "n_pixels": 398 }, "geometry": { "type": "Polygon", "coordinates": [ [ [ 589680.0, 5845600.0 ], [ 589680.0, 5845560.0 ], [ 589720.0, 5845560.0 ], [ 589720.0, 5845520.0 ], [ 589760.0, 5845520.0 ], [ 589760.0, 5845480.0 ], [ 589800.0, 5845480.0 ], [ 589800.0, 5845440.0 ], [ 589840.0, 5845440.0 ], [ 589840.0, 5845400.0 ], [ 589880.0, 5845400.0 ], [ 589880.0, 5845360.0 ], [ 589920.0, 5845360.0 ], [ 589920.0, 5845440.0 ], [ 589880.0, 5845440.0 ], [ 589880.0, 5845480.0 ], [ 589840.0, 5845480.0 ], [ 589840.0, 5845520.0 ], [ 589800.0, 5845520.0 ], [ 589800.0, 5845560.0 ], [ 589760.0, 5845560.0 ], [ 589760.0, 5845600.0 ], [ 589680.0, 5845600.0 ] ] ] } },
{ "type": "Feature", "properties": { "zone": "C", "name": "Zone C: Grassland Control (398 px)", "code": 3, "n_pixels": 398 }, "geometry": { "type": "Polygon", "coordinates": [ [ [ 588520.0, 5845400.0 ], [ 588520.0, 5845360.0 ], [ 588560.0, 5845360.0 ], [ 588560.0, 5845400.0 ], [ 588520.0, 5845400.0 ] ] ] } },
{ "type": "Feature", "properties": { "zone": "C", "name": "Zone C: Grassland Control (398 px)", "code": 3, "n_pixels": 398 }, "geometry": { "type": "Polygon", "coordinates": [ [ [ 589640.0, 5845400.0 ], [ 589640.0, 5845360.0 ], [ 589680.0, 5845360.0 ], [ 589680.0, 5845400.0 ], [ 589640.0, 5845400.0 ] ] ] } },
{ "type": "Feature", "properties": { "zone": "C", "name": "Zone C: Grassland Control (398 px)", "code": 3, "n_pixels": 398 }, "geometry": { "type": "Polygon", "coordinates": [ [ [ 589960.0, 5845400.0 ], [ 589960.0, 5845360.0 ], [ 590000.0, 5845360.0 ], [ 590000.0, 5845400.0 ], [ 589960.0, 5845400.0 ] ] ] } },
{ "type": "Feature", "properties": { "zone": "C", "name": "Zone C: Grassland Control (398 px)", "code": 3, "n_pixels": 398 }, "geometry": { "type": "Polygon", "coordinates": [ [ [ 589680.0, 5845360.0 ], [ 589680.0, 5845320.0 ], [ 589720.0, 5845320.0 ], [ 589720.0, 5845360.0 ], [ 589680.0, 5845360.0 ] ] ] } },
{ "type": "Feature", "properties": { "zone": "C", "name": "Zone C: Grassland Control (398 px)", "code": 3, "n_pixels": 398 }, "geometry": { "type": "Polygon", "coordinates": [ [ [ 589840.0, 5845360.0 ], [ 589840.0, 5845320.0 ], [ 589880.0, 5845320.0 ], [ 589880.0, 5845360.0 ], [ 589840.0, 5845360.0 ] ] ] } },
{ "type": "Feature", "properties": { "zone": "C", "name": "Zone C: Grassland Control (398 px)", "code": 3, "n_pixels": 398 }, "geometry": { "type": "Polygon", "coordinates": [ [ [ 589560.0, 5845320.0 ], [ 589560.0, 5845280.0 ], [ 589600.0, 5845280.0 ], [ 589600.0, 5845320.0 ], [ 589560.0, 5845320.0 ] ] ] } },
{ "type": "Feature", "properties": { "zone": "C", "name": "Zone C: Grassland Control (398 px)", "code": 3, "n_pixels": 398 }, "geometry": { "type": "Polygon", "coordinates": [ [ [ 589800.0, 5845320.0 ], [ 589800.0, 5845280.0 ], [ 589840.0, 5845280.0 ], [ 589840.0, 5845320.0 ], [ 589800.0, 5845320.0 ] ] ] } },
{ "type": "Feature", "properties": { "zone": "C", "name": "Zone C: Grassland Control (398 px)", "code": 3, "n_pixels": 398 }, "geometry": { "type": "Polygon", "coordinates": [ [ [ 588560.0, 5845320.0 ], [ 588560.0, 5845240.0 ], [ 588600.0, 5845240.0 ], [ 588600.0, 5845320.0 ], [ 588560.0, 5845320.0 ] ] ] } },
{ "type": "Feature", "properties": { "zone": "C", "name": "Zone C: Grassland Control (398 px)", "code": 3, "n_pixels": 398 }, "geometry": { "type": "Polygon", "coordinates": [ [ [ 590200.0, 5845280.0 ], [ 590200.0, 5845240.0 ], [ 590240.0, 5845240.0 ], [ 590240.0, 5845200.0 ], [ 590320.0, 5845200.0 ], [ 590320.0, 5845240.0 ], [ 590280.0, 5845240.0 ], [ 590280.0, 5845280.0 ], [ 590200.0, 5845280.0 ] ] ] } },
{ "type": "Feature", "properties": { "zone": "C", "name": "Zone C: Grassland Control (398 px)", "code": 3, "n_pixels": 398 }, "geometry": { "type": "Polygon", "coordinates": [ [ [ 590800.0, 5845240.0 ], [ 590800.0, 5845200.0 ], [ 590840.0, 5845200.0 ], [ 590840.0, 5845240.0 ], [ 590800.0, 5845240.0 ] ] ] } },
{ "type": "Feature", "properties": { "zone": "C", "name": "Zone C: Grassland Control (398 px)", "code": 3, "n_pixels": 398 }, "geometry": { "type": "Polygon", "coordinates": [ [ [ 588320.0, 5845160.0 ], [ 588320.0, 5845120.0 ], [ 588360.0, 5845120.0 ], [ 588360.0, 5845160.0 ], [ 588320.0, 5845160.0 ] ] ] } },
{ "type": "Feature", "properties": { "zone": "C", "name": "Zone C: Grassland Control (398 px)", "code": 3, "n_pixels": 398 }, "geometry": { "type": "Polygon", "coordinates": [ [ [ 588600.0, 5845160.0 ], [ 588600.0, 5845120.0 ], [ 588640.0, 5845120.0 ], [ 588640.0, 5845160.0 ], [ 588600.0, 5845160.0 ] ] ] } },
{ "type": "Feature", "properties": { "zone": "C", "name": "Zone C: Grassland Control (398 px)", "code": 3, "n_pixels": 398 }, "geometry": { "type": "Polygon", "coordinates": [ [ [ 590320.0, 5845160.0 ], [ 590320.0, 5845120.0 ], [ 590360.0, 5845120.0 ], [ 590360.0, 5845160.0 ], [ 590320.0, 5845160.0 ] ] ] } },
{ "type": "Feature", "properties": { "zone": "C", "name": "Zone C: Grassland Control (398 px)", "code": 3, "n_pixels": 398 }, "geometry": { "type": "Polygon", "coordinates": [ [ [ 585760.0, 5845120.0 ], [ 585760.0, 5845080.0 ], [ 585800.0, 5845080.0 ], [ 585800.0, 5845120.0 ], [ 585760.0, 5845120.0 ] ] ] } },
{ "type": "Feature", "properties": { "zone": "C", "name": "Zone C: Grassland Control (398 px)", "code": 3, "n_pixels": 398 }, "geometry": { "type": "Polygon", "coordinates": [ [ [ 589400.0, 5845120.0 ], [ 589400.0, 5845080.0 ], [ 589440.0, 5845080.0 ], [ 589440.0, 5845120.0 ], [ 589400.0, 5845120.0 ] ] ] } },
{ "type": "Feature", "properties": { "zone": "C", "name": "Zone C: Grassland Control (398 px)", "code": 3, "n_pixels": 398 }, "geometry": { "type": "Polygon", "coordinates": [ [ [ 590360.0, 5845120.0 ], [ 590360.0, 5845080.0 ], [ 590400.0, 5845080.0 ], [ 590400.0, 5845120.0 ], [ 590360.0, 5845120.0 ] ] ] } },
{ "type": "Feature", "properties": { "zone": "C", "name": "Zone C: Grassland Control (398 px)", "code": 3, "n_pixels": 398 }, "geometry": { "type": "Polygon", "coordinates": [ [ [ 587160.0, 5845080.0 ], [ 587160.0, 5845040.0 ], [ 587200.0, 5845040.0 ], [ 587200.0, 5845000.0 ], [ 587240.0, 5845000.0 ], [ 587240.0, 5845080.0 ], [ 587160.0, 5845080.0 ] ] ] } },
{ "type": "Feature", "properties": { "zone": "C", "name": "Zone C: Grassland Control (398 px)", "code": 3, "n_pixels": 398 }, "geometry": { "type": "Polygon", "coordinates": [ [ [ 586720.0, 5845040.0 ], [ 586720.0, 5845000.0 ], [ 586760.0, 5845000.0 ], [ 586760.0, 5845040.0 ], [ 586720.0, 5845040.0 ] ] ] } },
{ "type": "Feature", "properties": { "zone": "C", "name": "Zone C: Grassland Control (398 px)", "code": 3, "n_pixels": 398 }, "geometry": { "type": "Polygon", "coordinates": [ [ [ 588640.0, 5845040.0 ], [ 588640.0, 5845000.0 ], [ 588680.0, 5845000.0 ], [ 588680.0, 5845040.0 ], [ 588640.0, 5845040.0 ] ] ] } },
{ "type": "Feature", "properties": { "zone": "C", "name": "Zone C: Grassland Control (398 px)", "code": 3, "n_pixels": 398 }, "geometry": { "type": "Polygon", "coordinates": [ [ [ 589760.0, 5845000.0 ], [ 589760.0, 5844960.0 ], [ 589800.0, 5844960.0 ], [ 589800.0, 5845000.0 ], [ 589760.0, 5845000.0 ] ] ] } },
{ "type": "Feature", "properties": { "zone": "C", "name": "Zone C: Grassland Control (398 px)", "code": 3, "n_pixels": 398 }, "geometry": { "type": "Polygon", "coordinates": [ [ [ 588680.0, 5844960.0 ], [ 588680.0, 5844920.0 ], [ 588720.0, 5844920.0 ], [ 588720.0, 5844960.0 ], [ 588680.0, 5844960.0 ] ] ] } },
{ "type": "Feature", "properties": { "zone": "C", "name": "Zone C: Grassland Control (398 px)", "code": 3, "n_pixels": 398 }, "geometry": { "type": "Polygon", "coordinates": [ [ [ 589800.0, 5844920.0 ], [ 589800.0, 5844880.0 ], [ 589840.0, 5844880.0 ], [ 589840.0, 5844920.0 ], [ 589800.0, 5844920.0 ] ] ] } },
{ "type": "Feature", "properties": { "zone": "C", "name": "Zone C: Grassland Control (398 px)", "code": 3, "n_pixels": 398 }, "geometry": { "type": "Polygon", "coordinates": [ [ [ 587160.0, 5844960.0 ], [ 587160.0, 5844880.0 ], [ 587200.0, 5844880.0 ], [ 587200.0, 5844800.0 ], [ 587240.0, 5844800.0 ], [ 587240.0, 5844920.0 ], [ 587200.0, 5844920.0 ], [ 587200.0, 5844960.0 ], [ 587160.0, 5844960.0 ] ] ] } },
{ "type": "Feature", "properties": { "zone": "C", "name": "Zone C: Grassland Control (398 px)", "code": 3, "n_pixels": 398 }, "geometry": { "type": "Polygon", "coordinates": [ [ [ 590440.0, 5844840.0 ], [ 590440.0, 5844800.0 ], [ 590480.0, 5844800.0 ], [ 590480.0, 5844840.0 ], [ 590440.0, 5844840.0 ] ] ] } },
{ "type": "Feature", "properties": { "zone": "C", "name": "Zone C: Grassland Control (398 px)", "code": 3, "n_pixels": 398 }, "geometry": { "type": "Polygon", "coordinates": [ [ [ 585720.0, 5844680.0 ], [ 585720.0, 5844640.0 ], [ 585760.0, 5844640.0 ], [ 585760.0, 5844680.0 ], [ 585720.0, 5844680.0 ] ] ] } },
{ "type": "Feature", "properties": { "zone": "C", "name": "Zone C: Grassland Control (398 px)", "code": 3, "n_pixels": 398 }, "geometry": { "type": "Polygon", "coordinates": [ [ [ 588920.0, 5844640.0 ], [ 588920.0, 5844600.0 ], [ 588960.0, 5844600.0 ], [ 588960.0, 5844640.0 ], [ 588920.0, 5844640.0 ] ] ] } },
{ "type": "Feature", "properties": { "zone": "C", "name": "Zone C: Grassland Control (398 px)", "code": 3, "n_pixels": 398 }, "geometry": { "type": "Polygon", "coordinates": [ [ [ 590520.0, 5844640.0 ], [ 590520.0, 5844600.0 ], [ 590560.0, 5844600.0 ], [ 590560.0, 5844640.0 ], [ 590520.0, 5844640.0 ] ] ] } },
{ "type": "Feature", "properties": { "zone": "C", "name": "Zone C: Grassland Control (398 px)", "code": 3, "n_pixels": 398 }, "geometry": { "type": "Polygon", "coordinates": [ [ [ 588040.0, 5844560.0 ], [ 588040.0, 5844520.0 ], [ 588080.0, 5844520.0 ], [ 588080.0, 5844560.0 ], [ 588040.0, 5844560.0 ] ] ] } },
{ "type": "Feature", "properties": { "zone": "C", "name": "Zone C: Grassland Control (398 px)", "code": 3, "n_pixels": 398 }, "geometry": { "type": "Polygon", "coordinates": [ [ [ 585880.0, 5844560.0 ], [ 585880.0, 5844520.0 ], [ 585840.0, 5844520.0 ], [ 585840.0, 5844480.0 ], [ 585920.0, 5844480.0 ], [ 585920.0, 5844560.0 ], [ 585880.0, 5844560.0 ] ] ] } },
{ "type": "Feature", "properties": { "zone": "C", "name": "Zone C: Grassland Control (398 px)", "code": 3, "n_pixels": 398 }, "geometry": { "type": "Polygon", "coordinates": [ [ [ 590600.0, 5844520.0 ], [ 590600.0, 5844480.0 ], [ 590680.0, 5844480.0 ], [ 590680.0, 5844520.0 ], [ 590600.0, 5844520.0 ] ] ] } },
{ "type": "Feature", "properties": { "zone": "C", "name": "Zone C: Grassland Control (398 px)", "code": 3, "n_pixels": 398 }, "geometry": { "type": "Polygon", "coordinates": [ [ [ 585920.0, 5844480.0 ], [ 585920.0, 5844440.0 ], [ 585960.0, 5844440.0 ], [ 585960.0, 5844480.0 ], [ 585920.0, 5844480.0 ] ] ] } },
{ "type": "Feature", "properties": { "zone": "C", "name": "Zone C: Grassland Control (398 px)", "code": 3, "n_pixels": 398 }, "geometry": { "type": "Polygon", "coordinates": [ [ [ 587040.0, 5844480.0 ], [ 587040.0, 5844400.0 ], [ 587080.0, 5844400.0 ], [ 587080.0, 5844480.0 ], [ 587040.0, 5844480.0 ] ] ] } },
{ "type": "Feature", "properties": { "zone": "C", "name": "Zone C: Grassland Control (398 px)", "code": 3, "n_pixels": 398 }, "geometry": { "type": "Polygon", "coordinates": [ [ [ 589800.0, 5844480.0 ], [ 589800.0, 5844400.0 ], [ 589840.0, 5844400.0 ], [ 589840.0, 5844480.0 ], [ 589800.0, 5844480.0 ] ] ] } },
{ "type": "Feature", "properties": { "zone": "C", "name": "Zone C: Grassland Control (398 px)", "code": 3, "n_pixels": 398 }, "geometry": { "type": "Polygon", "coordinates": [ [ [ 586200.0, 5844520.0 ], [ 586200.0, 5844480.0 ], [ 586080.0, 5844480.0 ], [ 586080.0, 5844440.0 ], [ 586040.0, 5844440.0 ], [ 586040.0, 5844480.0 ], [ 586000.0, 5844480.0 ], [ 586000.0, 5844400.0 ], [ 586080.0, 5844400.0 ], [ 586080.0, 5844360.0 ], [ 586120.0, 5844360.0 ], [ 586120.0, 5844440.0 ], [ 586200.0, 5844440.0 ], [ 586200.0, 5844400.0 ], [ 586240.0, 5844400.0 ], [ 586240.0, 5844440.0 ], [ 586280.0, 5844440.0 ], [ 586280.0, 5844480.0 ], [ 586240.0, 5844480.0 ], [ 586240.0, 5844520.0 ], [ 586200.0, 5844520.0 ] ] ] } },
{ "type": "Feature", "properties": { "zone": "C", "name": "Zone C: Grassland Control (398 px)", "code": 3, "n_pixels": 398 }, "geometry": { "type": "Polygon", "coordinates": [ [ [ 585920.0, 5844400.0 ], [ 585920.0, 5844360.0 ], [ 585960.0, 5844360.0 ], [ 585960.0, 5844400.0 ], [ 585920.0, 5844400.0 ] ] ] } },
{ "type": "Feature", "properties": { "zone": "C", "name": "Zone C: Grassland Control (398 px)", "code": 3, "n_pixels": 398 }, "geometry": { "type": "Polygon", "coordinates": [ [ [ 586160.0, 5844400.0 ], [ 586160.0, 5844360.0 ], [ 586200.0, 5844360.0 ], [ 586200.0, 5844400.0 ], [ 586160.0, 5844400.0 ] ] ] } },
{ "type": "Feature", "properties": { "zone": "C", "name": "Zone C: Grassland Control (398 px)", "code": 3, "n_pixels": 398 }, "geometry": { "type": "Polygon", "coordinates": [ [ [ 587640.0, 5844400.0 ], [ 587640.0, 5844360.0 ], [ 587680.0, 5844360.0 ], [ 587680.0, 5844400.0 ], [ 587640.0, 5844400.0 ] ] ] } },
{ "type": "Feature", "properties": { "zone": "C", "name": "Zone C: Grassland Control (398 px)", "code": 3, "n_pixels": 398 }, "geometry": { "type": "Polygon", "coordinates": [ [ [ 590560.0, 5844360.0 ], [ 590560.0, 5844320.0 ], [ 590600.0, 5844320.0 ], [ 590600.0, 5844360.0 ], [ 590560.0, 5844360.0 ] ] ] } },
{ "type": "Feature", "properties": { "zone": "C", "name": "Zone C: Grassland Control (398 px)", "code": 3, "n_pixels": 398 }, "geometry": { "type": "Polygon", "coordinates": [ [ [ 589000.0, 5844320.0 ], [ 589000.0, 5844280.0 ], [ 589040.0, 5844280.0 ], [ 589040.0, 5844320.0 ], [ 589000.0, 5844320.0 ] ] ] } },
{ "type": "Feature", "properties": { "zone": "C", "name": "Zone C: Grassland Control (398 px)", "code": 3, "n_pixels": 398 }, "geometry": { "type": "Polygon", "coordinates": [ [ [ 586000.0, 5844360.0 ], [ 586000.0, 5844280.0 ], [ 585960.0, 5844280.0 ], [ 585960.0, 5844240.0 ], [ 586040.0, 5844240.0 ], [ 586040.0, 5844280.0 ], [ 586080.0, 5844280.0 ], [ 586080.0, 5844320.0 ], [ 586040.0, 5844320.0 ], [ 586040.0, 5844360.0 ], [ 586000.0, 5844360.0 ] ] ] } },
{ "type": "Feature", "properties": { "zone": "C", "name": "Zone C: Grassland Control (398 px)", "code": 3, "n_pixels": 398 }, "geometry": { "type": "Polygon", "coordinates": [ [ [ 587640.0, 5844280.0 ], [ 587640.0, 5844240.0 ], [ 587680.0, 5844240.0 ], [ 587680.0, 5844280.0 ], [ 587640.0, 5844280.0 ] ] ] } },
{ "type": "Feature", "properties": { "zone": "C", "name": "Zone C: Grassland Control (398 px)", "code": 3, "n_pixels": 398 }, "geometry": { "type": "Polygon", "coordinates": [ [ [ 588200.0, 5844240.0 ], [ 588200.0, 5844200.0 ], [ 588240.0, 5844200.0 ], [ 588240.0, 5844240.0 ], [ 588200.0, 5844240.0 ] ] ] } },
{ "type": "Feature", "properties": { "zone": "C", "name": "Zone C: Grassland Control (398 px)", "code": 3, "n_pixels": 398 }, "geometry": { "type": "Polygon", "coordinates": [ [ [ 585840.0, 5844200.0 ], [ 585840.0, 5844160.0 ], [ 585880.0, 5844160.0 ], [ 585880.0, 5844200.0 ], [ 585840.0, 5844200.0 ] ] ] } },
{ "type": "Feature", "properties": { "zone": "C", "name": "Zone C: Grassland Control (398 px)", "code": 3, "n_pixels": 398 }, "geometry": { "type": "Polygon", "coordinates": [ [ [ 588160.0, 5844200.0 ], [ 588160.0, 5844160.0 ], [ 588200.0, 5844160.0 ], [ 588200.0, 5844200.0 ], [ 588160.0, 5844200.0 ] ] ] } },
{ "type": "Feature", "properties": { "zone": "C", "name": "Zone C: Grassland Control (398 px)", "code": 3, "n_pixels": 398 }, "geometry": { "type": "Polygon", "coordinates": [ [ [ 590040.0, 5844200.0 ], [ 590040.0, 5844160.0 ], [ 590080.0, 5844160.0 ], [ 590080.0, 5844200.0 ], [ 590040.0, 5844200.0 ] ] ] } },
{ "type": "Feature", "properties": { "zone": "C", "name": "Zone C: Grassland Control (398 px)", "code": 3, "n_pixels": 398 }, "geometry": { "type": "Polygon", "coordinates": [ [ [ 589040.0, 5844160.0 ], [ 589040.0, 5844120.0 ], [ 589080.0, 5844120.0 ], [ 589080.0, 5844160.0 ], [ 589040.0, 5844160.0 ] ] ] } },
{ "type": "Feature", "properties": { "zone": "C", "name": "Zone C: Grassland Control (398 px)", "code": 3, "n_pixels": 398 }, "geometry": { "type": "Polygon", "coordinates": [ [ [ 589720.0, 5844160.0 ], [ 589720.0, 5844120.0 ], [ 589760.0, 5844120.0 ], [ 589760.0, 5844160.0 ], [ 589720.0, 5844160.0 ] ] ] } },
{ "type": "Feature", "properties": { "zone": "C", "name": "Zone C: Grassland Control (398 px)", "code": 3, "n_pixels": 398 }, "geometry": { "type": "Polygon", "coordinates": [ [ [ 590120.0, 5844160.0 ], [ 590120.0, 5844120.0 ], [ 590160.0, 5844120.0 ], [ 590160.0, 5844160.0 ], [ 590120.0, 5844160.0 ] ] ] } },
{ "type": "Feature", "properties": { "zone": "D", "name": "Zone D: Upland Baseline (10,750 px)", "code": 4, "n_pixels": 10750 }, "geometry": { "type": "Polygon", "coordinates": [ [ [ 586320.0, 5849280.0 ], [ 586320.0, 5849240.0 ], [ 586360.0, 5849240.0 ], [ 586360.0, 5849280.0 ], [ 586320.0, 5849280.0 ] ] ] } },
{ "type": "Feature", "properties": { "zone": "D", "name": "Zone D: Upland Baseline (10,750 px)", "code": 4, "n_pixels": 10750 }, "geometry": { "type": "Polygon", "coordinates": [ [ [ 586600.0, 5849280.0 ], [ 586600.0, 5849240.0 ], [ 586640.0, 5849240.0 ], [ 586640.0, 5849280.0 ], [ 586600.0, 5849280.0 ] ] ] } },
{ "type": "Feature", "properties": { "zone": "D", "name": "Zone D: Upland Baseline (10,750 px)", "code": 4, "n_pixels": 10750 }, "geometry": { "type": "Polygon", "coordinates": [ [ [ 586960.0, 5849280.0 ], [ 586960.0, 5849240.0 ], [ 587000.0, 5849240.0 ], [ 587000.0, 5849280.0 ], [ 586960.0, 5849280.0 ] ] ] } },
{ "type": "Feature", "properties": { "zone": "D", "name": "Zone D: Upland Baseline (10,750 px)", "code": 4, "n_pixels": 10750 }, "geometry": { "type": "Polygon", "coordinates": [ [ [ 587080.0, 5849280.0 ], [ 587080.0, 5849240.0 ], [ 587120.0, 5849240.0 ], [ 587120.0, 5849280.0 ], [ 587080.0, 5849280.0 ] ] ] } },
{ "type": "Feature", "properties": { "zone": "D", "name": "Zone D: Upland Baseline (10,750 px)", "code": 4, "n_pixels": 10750 }, "geometry": { "type": "Polygon", "coordinates": [ [ [ 587160.0, 5849280.0 ], [ 587160.0, 5849200.0 ], [ 587280.0, 5849200.0 ], [ 587280.0, 5849280.0 ], [ 587160.0, 5849280.0 ] ] ] } },
{ "type": "Feature", "properties": { "zone": "D", "name": "Zone D: Upland Baseline (10,750 px)", "code": 4, "n_pixels": 10750 }, "geometry": { "type": "Polygon", "coordinates": [ [ [ 590640.0, 5849280.0 ], [ 590640.0, 5849240.0 ], [ 590680.0, 5849240.0 ], [ 590680.0, 5849200.0 ], [ 590720.0, 5849200.0 ], [ 590720.0, 5849280.0 ], [ 590640.0, 5849280.0 ] ] ] } },
{ "type": "Feature", "properties": { "zone": "D", "name": "Zone D: Upland Baseline (10,750 px)", "code": 4, "n_pixels": 10750 }, "geometry": { "type": "Polygon", "coordinates": [ [ [ 587040.0, 5849240.0 ], [ 587040.0, 5849200.0 ], [ 587080.0, 5849200.0 ], [ 587080.0, 5849240.0 ], [ 587040.0, 5849240.0 ] ] ] } },
{ "type": "Feature", "properties": { "zone": "D", "name": "Zone D: Upland Baseline (10,750 px)", "code": 4, "n_pixels": 10750 }, "geometry": { "type": "Polygon", "coordinates": [ [ [ 587560.0, 5849280.0 ], [ 587560.0, 5849160.0 ], [ 587600.0, 5849160.0 ], [ 587600.0, 5849200.0 ], [ 587640.0, 5849200.0 ], [ 587640.0, 5849280.0 ], [ 587560.0, 5849280.0 ] ] ] } },
{ "type": "Feature", "properties": { "zone": "D", "name": "Zone D: Upland Baseline (10,750 px)", "code": 4, "n_pixels": 10750 }, "geometry": { "type": "Polygon", "coordinates": [ [ [ 587800.0, 5849280.0 ], [ 587800.0, 5849160.0 ], [ 587840.0, 5849160.0 ], [ 587840.0, 5849280.0 ], [ 587800.0, 5849280.0 ] ] ] } },
{ "type": "Feature", "properties": { "zone": "D", "name": "Zone D: Upland Baseline (10,750 px)", "code": 4, "n_pixels": 10750 }, "geometry": { "type": "Polygon", "coordinates": [ [ [ 587920.0, 5849280.0 ], [ 587920.0, 5849160.0 ], [ 587960.0, 5849160.0 ], [ 587960.0, 5849280.0 ], [ 587920.0, 5849280.0 ] ] ] } },
{ "type": "Feature", "properties": { "zone": "D", "name": "Zone D: Upland Baseline (10,750 px)", "code": 4, "n_pixels": 10750 }, "geometry": { "type": "Polygon", "coordinates": [ [ [ 590040.0, 5849280.0 ], [ 590040.0, 5849160.0 ], [ 590120.0, 5849160.0 ], [ 590120.0, 5849200.0 ], [ 590080.0, 5849200.0 ], [ 590080.0, 5849280.0 ], [ 590040.0, 5849280.0 ] ] ] } },
{ "type": "Feature", "properties": { "zone": "D", "name": "Zone D: Upland Baseline (10,750 px)", "code": 4, "n_pixels": 10750 }, "geometry": { "type": "Polygon", "coordinates": [ [ [ 590280.0, 5849280.0 ], [ 590280.0, 5849240.0 ], [ 590240.0, 5849240.0 ], [ 590240.0, 5849200.0 ], [ 590280.0, 5849200.0 ], [ 590280.0, 5849160.0 ], [ 590360.0, 5849160.0 ], [ 590360.0, 5849240.0 ], [ 590320.0, 5849240.0 ], [ 590320.0, 5849280.0 ], [ 590280.0, 5849280.0 ] ] ] } },
{ "type": "Feature", "properties": { "zone": "D", "name": "Zone D: Upland Baseline (10,750 px)", "code": 4, "n_pixels": 10750 }, "geometry": { "type": "Polygon", "coordinates": [ [ [ 587120.0, 5849200.0 ], [ 587120.0, 5849160.0 ], [ 587160.0, 5849160.0 ], [ 587160.0, 5849200.0 ], [ 587120.0, 5849200.0 ] ] ] } },
{ "type": "Feature", "properties": { "zone": "D", "name": "Zone D: Upland Baseline (10,750 px)", "code": 4, "n_pixels": 10750 }, "geometry": { "type": "Polygon", "coordinates": [ [ [ 587320.0, 5849280.0 ], [ 587320.0, 5849200.0 ], [ 587280.0, 5849200.0 ], [ 587280.0, 5849160.0 ], [ 587360.0, 5849160.0 ], [ 587360.0, 5849200.0 ], [ 587480.0, 5849200.0 ], [ 587480.0, 5849280.0 ], [ 587440.0, 5849280.0 ], [ 587440.0, 5849240.0 ], [ 587360.0, 5849240.0 ], [ 587360.0, 5849280.0 ], [ 587320.0, 5849280.0 ] ] ] } },
{ "type": "Feature", "properties": { "zone": "D", "name": "Zone D: Upland Baseline (10,750 px)", "code": 4, "n_pixels": 10750 }, "geometry": { "type": "Polygon", "coordinates": [ [ [ 589680.0, 5849200.0 ], [ 589680.0, 5849160.0 ], [ 589720.0, 5849160.0 ], [ 589720.0, 5849200.0 ], [ 589680.0, 5849200.0 ] ] ] } },
{ "type": "Feature", "properties": { "zone": "D", "name": "Zone D: Upland Baseline (10,750 px)", "code": 4, "n_pixels": 10750 }, "geometry": { "type": "Polygon", "coordinates": [ [ [ 586120.0, 5849280.0 ], [ 586120.0, 5849200.0 ], [ 586160.0, 5849200.0 ], [ 586160.0, 5849160.0 ], [ 586200.0, 5849160.0 ], [ 586200.0, 5849120.0 ], [ 586320.0, 5849120.0 ], [ 586320.0, 5849160.0 ], [ 586240.0, 5849160.0 ], [ 586240.0, 5849280.0 ], [ 586120.0, 5849280.0 ] ] ] } },
{ "type": "Feature", "properties": { "zone": "D", "name": "Zone D: Upland Baseline (10,750 px)", "code": 4, "n_pixels": 10750 }, "geometry": { "type": "Polygon", "coordinates": [ [ [ 587160.0, 5849160.0 ], [ 587160.0, 5849120.0 ], [ 587200.0, 5849120.0 ], [ 587200.0, 5849160.0 ], [ 587160.0, 5849160.0 ] ] ] } },
{ "type": "Feature", "properties": { "zone": "D", "name": "Zone D: Upland Baseline (10,750 px)", "code": 4, "n_pixels": 10750 }, "geometry": { "type": "Polygon", "coordinates": [ [ [ 587960.0, 5849160.0 ], [ 587960.0, 5849120.0 ], [ 588000.0, 5849120.0 ], [ 588000.0, 5849160.0 ], [ 587960.0, 5849160.0 ] ] ] } },
{ "type": "Feature", "properties": { "zone": "D", "name": "Zone D: Upland Baseline (10,750 px)", "code": 4, "n_pixels": 10750 }, "geometry": { "type": "Polygon", "coordinates": [ [ [ 590560.0, 5849240.0 ], [ 590560.0, 5849120.0 ], [ 590600.0, 5849120.0 ], [ 590600.0, 5849080.0 ], [ 590640.0, 5849080.0 ], [ 590640.0, 5849240.0 ], [ 590560.0, 5849240.0 ] ] ] } },
{ "type": "Feature", "properties": { "zone": "D", "name": "Zone D: Upland Baseline (10,750 px)", "code": 4, "n_pixels": 10750 }, "geometry": { "type": "Polygon", "coordinates": [ [ [ 586320.0, 5849120.0 ], [ 586320.0, 5849080.0 ], [ 586400.0, 5849080.0 ], [ 586400.0, 5849120.0 ], [ 586320.0, 5849120.0 ] ] ] } },
{ "type": "Feature", "properties": { "zone": "D", "name": "Zone D: Upland Baseline (10,750 px)", "code": 4, "n_pixels": 10750 }, "geometry": { "type": "Polygon", "coordinates": [ [ [ 590120.0, 5849120.0 ], [ 590120.0, 5849080.0 ], [ 590200.0, 5849080.0 ], [ 590200.0, 5849120.0 ], [ 590120.0, 5849120.0 ] ] ] } },
{ "type": "Feature", "properties": { "zone": "D", "name": "Zone D: Upland Baseline (10,750 px)", "code": 4, "n_pixels": 10750 }, "geometry": { "type": "Polygon", "coordinates": [ [ [ 587080.0, 5849120.0 ], [ 587080.0, 5849080.0 ], [ 587040.0, 5849080.0 ], [ 587040.0, 5849040.0 ], [ 587120.0, 5849040.0 ], [ 587120.0, 5849080.0 ], [ 587160.0, 5849080.0 ], [ 587160.0, 5849120.0 ], [ 587080.0, 5849120.0 ] ] ] } },
{ "type": "Feature", "properties": { "zone": "D", "name": "Zone D: Upland Baseline (10,750 px)", "code": 4, "n_pixels": 10750 }, "geometry": { "type": "Polygon", "coordinates": [ [ [ 590640.0, 5849080.0 ], [ 590640.0, 5849040.0 ], [ 590680.0, 5849040.0 ], [ 590680.0, 5849080.0 ], [ 590640.0, 5849080.0 ] ] ] } },
{ "type": "Feature", "properties": { "zone": "D", "name": "Zone D: Upland Baseline (10,750 px)", "code": 4, "n_pixels": 10750 }, "geometry": { "type": "Polygon", "coordinates": [ [ [ 588000.0, 5849080.0 ], [ 588000.0, 5849000.0 ], [ 588040.0, 5849000.0 ], [ 588040.0, 5849080.0 ], [ 588000.0, 5849080.0 ] ] ] } },
{ "type": "Feature", "properties": { "zone": "D", "name": "Zone D: Upland Baseline (10,750 px)", "code": 4, "n_pixels": 10750 }, "geometry": { "type": "Polygon", "coordinates": [ [ [ 590000.0, 5849040.0 ], [ 590000.0, 5849000.0 ], [ 590040.0, 5849000.0 ], [ 590040.0, 5849040.0 ], [ 590000.0, 5849040.0 ] ] ] } },
{ "type": "Feature", "properties": { "zone": "D", "name": "Zone D: Upland Baseline (10,750 px)", "code": 4, "n_pixels": 10750 }, "geometry": { "type": "Polygon", "coordinates": [ [ [ 586800.0, 5849280.0 ], [ 586800.0, 5849200.0 ], [ 586840.0, 5849200.0 ], [ 586840.0, 5848960.0 ], [ 586880.0, 5848960.0 ], [ 586880.0, 5849000.0 ], [ 586920.0, 5849000.0 ], [ 586920.0, 5849040.0 ], [ 587000.0, 5849040.0 ], [ 587000.0, 5849120.0 ], [ 587040.0, 5849120.0 ], [ 587040.0, 5849200.0 ], [ 586960.0, 5849200.0 ], [ 586960.0, 5849120.0 ], [ 586880.0, 5849120.0 ], [ 586880.0, 5849240.0 ], [ 586840.0, 5849240.0 ], [ 586840.0, 5849280.0 ], [ 586800.0, 5849280.0 ] ] ] } },
{ "type": "Feature", "properties": { "zone": "D", "name": "Zone D: Upland Baseline (10,750 px)", "code": 4, "n_pixels": 10750 }, "geometry": { "type": "Polygon", "coordinates": [ [ [ 588960.0, 5849240.0 ], [ 588960.0, 5849160.0 ], [ 589000.0, 5849160.0 ], [ 589000.0, 5848960.0 ], [ 589040.0, 5848960.0 ], [ 589040.0, 5849000.0 ], [ 589080.0, 5849000.0 ], [ 589080.0, 5849040.0 ], [ 589040.0, 5849040.0 ], [ 589040.0, 5849200.0 ], [ 589000.0, 5849200.0 ], [ 589000.0, 5849240.0 ], [ 588960.0, 5849240.0 ] ] ] } },
{ "type": "Feature", "properties": { "zone": "D", "name": "Zone D: Upland Baseline (10,750 px)", "code": 4, "n_pixels": 10750 }, "geometry": { "type": "Polygon", "coordinates": [ [ [ 591120.0, 5849080.0 ], [ 591120.0, 5849000.0 ], [ 591160.0, 5849000.0 ], [ 591160.0, 5848920.0 ], [ 591200.0, 5848920.0 ], [ 591200.0, 5849040.0 ], [ 591160.0, 5849040.0 ], [ 591160.0, 5849080.0 ], [ 591120.0, 5849080.0 ] ] ] } },
{ "type": "Feature", "properties": { "zone": "D", "name": "Zone D: Upland Baseline (10,750 px)", "code": 4, "n_pixels": 10750 }, "geometry": { "type": "Polygon", "coordinates": [ [ [ 590600.0, 5849000.0 ], [ 590600.0, 5848920.0 ], [ 590640.0, 5848920.0 ], [ 590640.0, 5849000.0 ], [ 590600.0, 5849000.0 ] ] ] } },
{ "type": "Feature", "properties": { "zone": "D", "name": "Zone D: Upland Baseline (10,750 px)", "code": 4, "n_pixels": 10750 }, "geometry": { "type": "Polygon", "coordinates": [ [ [ 586880.0, 5848960.0 ], [ 586880.0, 5848920.0 ], [ 586920.0, 5848920.0 ], [ 586920.0, 5848960.0 ], [ 586880.0, 5848960.0 ] ] ] } },
{ "type": "Feature", "properties": { "zone": "D", "name": "Zone D: Upland Baseline (10,750 px)", "code": 4, "n_pixels": 10750 }, "geometry": { "type": "Polygon", "coordinates": [ [ [ 590160.0, 5849040.0 ], [ 590160.0, 5848960.0 ], [ 590120.0, 5848960.0 ], [ 590120.0, 5848920.0 ], [ 590160.0, 5848920.0 ], [ 590160.0, 5848880.0 ], [ 590240.0, 5848880.0 ], [ 590240.0, 5848960.0 ], [ 590200.0, 5848960.0 ], [ 590200.0, 5849040.0 ], [ 590160.0, 5849040.0 ] ] ] } },
{ "type": "Feature", "properties": { "zone": "D", "name": "Zone D: Upland Baseline (10,750 px)", "code": 4, "n_pixels": 10750 }, "geometry": { "type": "Polygon", "coordinates": [ [ [ 587040.0, 5848920.0 ], [ 587040.0, 5848880.0 ], [ 587080.0, 5848880.0 ], [ 587080.0, 5848920.0 ], [ 587040.0, 5848920.0 ] ] ] } },
{ "type": "Feature", "properties": { "zone": "D", "name": "Zone D: Upland Baseline (10,750 px)", "code": 4, "n_pixels": 10750 }, "geometry": { "type": "Polygon", "coordinates": [ [ [ 587320.0, 5848920.0 ], [ 587320.0, 5848880.0 ], [ 587360.0, 5848880.0 ], [ 587360.0, 5848920.0 ], [ 587320.0, 5848920.0 ] ] ] } },
{ "type": "Feature", "properties": { "zone": "D", "name": "Zone D: Upland Baseline (10,750 px)", "code": 4, "n_pixels": 10750 }, "geometry": { "type": "Polygon", "coordinates": [ [ [ 589040.0, 5848960.0 ], [ 589040.0, 5848920.0 ], [ 589000.0, 5848920.0 ], [ 589000.0, 5848880.0 ], [ 589080.0, 5848880.0 ], [ 589080.0, 5848960.0 ], [ 589040.0, 5848960.0 ] ] ] } },
{ "type": "Feature", "properties": { "zone": "D", "name": "Zone D: Upland Baseline (10,750 px)", "code": 4, "n_pixels": 10750 }, "geometry": { "type": "Polygon", "coordinates": [ [ [ 590440.0, 5848920.0 ], [ 590440.0, 5848880.0 ], [ 590480.0, 5848880.0 ], [ 590480.0, 5848920.0 ], [ 590440.0, 5848920.0 ] ] ] } },
{ "type": "Feature", "properties": { "zone": "D", "name": "Zone D: Upland Baseline (10,750 px)", "code": 4, "n_pixels": 10750 }, "geometry": { "type": "Polygon", "coordinates": [ [ [ 591200.0, 5848920.0 ], [ 591200.0, 5848880.0 ], [ 591240.0, 5848880.0 ], [ 591240.0, 5848920.0 ], [ 591200.0, 5848920.0 ] ] ] } },
{ "type": "Feature", "properties": { "zone": "D", "name": "Zone D: Upland Baseline (10,750 px)", "code": 4, "n_pixels": 10750 }, "geometry": { "type": "Polygon", "coordinates": [ [ [ 587120.0, 5848920.0 ], [ 587120.0, 5848840.0 ], [ 587160.0, 5848840.0 ], [ 587160.0, 5848920.0 ], [ 587120.0, 5848920.0 ] ] ] } },
{ "type": "Feature", "properties": { "zone": "D", "name": "Zone D: Upland Baseline (10,750 px)", "code": 4, "n_pixels": 10750 }, "geometry": { "type": "Polygon", "coordinates": [ [ [ 588520.0, 5848920.0 ], [ 588520.0, 5848840.0 ], [ 588560.0, 5848840.0 ], [ 588560.0, 5848920.0 ], [ 588520.0, 5848920.0 ] ] ] } },
{ "type": "Feature", "properties": { "zone": "D", "name": "Zone D: Upland Baseline (10,750 px)", "code": 4, "n_pixels": 10750 }, "geometry": { "type": "Polygon", "coordinates": [ [ [ 589120.0, 5848920.0 ], [ 589120.0, 5848840.0 ], [ 589160.0, 5848840.0 ], [ 589160.0, 5848920.0 ], [ 589120.0, 5848920.0 ] ] ] } },
{ "type": "Feature", "properties": { "zone": "D", "name": "Zone D: Upland Baseline (10,750 px)", "code": 4, "n_pixels": 10750 }, "geometry": { "type": "Polygon", "coordinates": [ [ [ 587240.0, 5848880.0 ], [ 587240.0, 5848840.0 ], [ 587280.0, 5848840.0 ], [ 587280.0, 5848880.0 ], [ 587240.0, 5848880.0 ] ] ] } },
{ "type": "Feature", "properties": { "zone": "D", "name": "Zone D: Upland Baseline (10,750 px)", "code": 4, "n_pixels": 10750 }, "geometry": { "type": "Polygon", "coordinates": [ [ [ 585720.0, 5848840.0 ], [ 585720.0, 5848800.0 ], [ 585760.0, 5848800.0 ], [ 585760.0, 5848840.0 ], [ 585720.0, 5848840.0 ] ] ] } },
{ "type": "Feature", "properties": { "zone": "D", "name": "Zone D: Upland Baseline (10,750 px)", "code": 4, "n_pixels": 10750 }, "geometry": { "type": "Polygon", "coordinates": [ [ [ 587160.0, 5848800.0 ], [ 587160.0, 5848760.0 ], [ 587200.0, 5848760.0 ], [ 587200.0, 5848800.0 ], [ 587160.0, 5848800.0 ] ] ] } },
{ "type": "Feature", "properties": { "zone": "D", "name": "Zone D: Upland Baseline (10,750 px)", "code": 4, "n_pixels": 10750 }, "geometry": { "type": "Polygon", "coordinates": [ [ [ 587240.0, 5849120.0 ], [ 587240.0, 5849080.0 ], [ 587200.0, 5849080.0 ], [ 587200.0, 5848920.0 ], [ 587240.0, 5848920.0 ], [ 587240.0, 5848960.0 ], [ 587280.0, 5848960.0 ], [ 587280.0, 5849000.0 ], [ 587400.0, 5849000.0 ], [ 587400.0, 5848960.0 ], [ 587440.0, 5848960.0 ], [ 587440.0, 5848800.0 ], [ 587360.0, 5848800.0 ], [ 587360.0, 5848720.0 ], [ 587400.0, 5848720.0 ], [ 587400.0, 5848760.0 ], [ 587520.0, 5848760.0 ], [ 587520.0, 5848800.0 ], [ 587480.0, 5848800.0 ], [ 587480.0, 5849000.0 ], [ 587440.0, 5849000.0 ], [ 587440.0, 5849120.0 ], [ 587320.0, 5849120.0 ], [ 587320.0, 5849080.0 ], [ 587280.0, 5849080.0 ], [ 587280.0, 5849120.0 ], [ 587240.0, 5849120.0 ] ] ] } },
{ "type": "Feature", "properties": { "zone": "D", "name": "Zone D: Upland Baseline (10,750 px)", "code": 4, "n_pixels": 10750 }, "geometry": { "type": "Polygon", "coordinates": [ [ [ 585800.0, 5848800.0 ], [ 585800.0, 5848760.0 ], [ 585720.0, 5848760.0 ], [ 585720.0, 5848720.0 ], [ 585880.0, 5848720.0 ], [ 585880.0, 5848760.0 ], [ 585840.0, 5848760.0 ], [ 585840.0, 5848800.0 ], [ 585800.0, 5848800.0 ] ] ] } },
{ "type": "Feature", "properties": { "zone": "D", "name": "Zone D: Upland Baseline (10,750 px)", "code": 4, "n_pixels": 10750 }, "geometry": { "type": "Polygon", "coordinates": [ [ [ 587560.0, 5848760.0 ], [ 587560.0, 5848720.0 ], [ 587600.0, 5848720.0 ], [ 587600.0, 5848760.0 ], [ 587560.0, 5848760.0 ] ] ] } },
{ "type": "Feature", "properties": { "zone": "D", "name": "Zone D: Upland Baseline (10,750 px)", "code": 4, "n_pixels": 10750 }, "geometry": { "type": "Polygon", "coordinates": [ [ [ 586920.0, 5848880.0 ], [ 586920.0, 5848800.0 ], [ 586960.0, 5848800.0 ], [ 586960.0, 5848680.0 ], [ 587000.0, 5848680.0 ], [ 587000.0, 5848880.0 ], [ 586920.0, 5848880.0 ] ] ] } },
{ "type": "Feature", "properties": { "zone": "D", "name": "Zone D: Upland Baseline (10,750 px)", "code": 4, "n_pixels": 10750 }, "geometry": { "type": "Polygon", "coordinates": [ [ [ 588840.0, 5848720.0 ], [ 588840.0, 5848680.0 ], [ 588880.0, 5848680.0 ], [ 588880.0, 5848720.0 ], [ 588840.0, 5848720.0 ] ] ] } },
{ "type": "Feature", "properties": { "zone": "D", "name": "Zone D: Upland Baseline (10,750 px)", "code": 4, "n_pixels": 10750 }, "geometry": { "type": "Polygon", "coordinates": [ [ [ 586600.0, 5848680.0 ], [ 586600.0, 5848640.0 ], [ 586640.0, 5848640.0 ], [ 586640.0, 5848680.0 ], [ 586600.0, 5848680.0 ] ] ] } },
{ "type": "Feature", "properties": { "zone": "D", "name": "Zone D: Upland Baseline (10,750 px)", "code": 4, "n_pixels": 10750 }, "geometry": { "type": "Polygon", "coordinates": [ [ [ 587000.0, 5848680.0 ], [ 587000.0, 5848640.0 ], [ 587040.0, 5848640.0 ], [ 587040.0, 5848680.0 ], [ 587000.0, 5848680.0 ] ] ] } },
{ "type": "Feature", "properties": { "zone": "D", "name": "Zone D: Upland Baseline (10,750 px)", "code": 4, "n_pixels": 10750 }, "geometry": { "type": "Polygon", "coordinates": [ [ [ 589120.0, 5848760.0 ], [ 589120.0, 5848600.0 ], [ 589160.0, 5848600.0 ], [ 589160.0, 5848760.0 ], [ 589120.0, 5848760.0 ] ] ] } },
{ "type": "Feature", "properties": { "zone": "D", "name": "Zone D: Upland Baseline (10,750 px)", "code": 4, "n_pixels": 10750 }, "geometry": { "type": "Polygon", "coordinates": [ [ [ 589000.0, 5848680.0 ], [ 589000.0, 5848600.0 ], [ 589040.0, 5848600.0 ], [ 589040.0, 5848680.0 ], [ 589000.0, 5848680.0 ] ] ] } },
{ "type": "Feature", "properties": { "zone": "D", "name": "Zone D: Upland Baseline (10,750 px)", "code": 4, "n_pixels": 10750 }, "geometry": { "type": "Polygon", "coordinates": [ [ [ 585920.0, 5848640.0 ], [ 585920.0, 5848600.0 ], [ 585960.0, 5848600.0 ], [ 585960.0, 5848640.0 ], [ 585920.0, 5848640.0 ] ] ] } },
{ "type": "Feature", "properties": { "zone": "D", "name": "Zone D: Upland Baseline (10,750 px)", "code": 4, "n_pixels": 10750 }, "geometry": { "type": "Polygon", "coordinates": [ [ [ 586640.0, 5848640.0 ], [ 586640.0, 5848600.0 ], [ 586680.0, 5848600.0 ], [ 586680.0, 5848640.0 ], [ 586640.0, 5848640.0 ] ] ] } },
{ "type": "Feature", "properties": { "zone": "D", "name": "Zone D: Upland Baseline (10,750 px)", "code": 4, "n_pixels": 10750 }, "geometry": { "type": "Polygon", "coordinates": [ [ [ 587440.0, 5848680.0 ], [ 587440.0, 5848640.0 ], [ 587360.0, 5848640.0 ], [ 587360.0, 5848600.0 ], [ 587400.0, 5848600.0 ], [ 587400.0, 5848560.0 ], [ 587480.0, 5848560.0 ], [ 587480.0, 5848680.0 ], [ 587440.0, 5848680.0 ] ] ] } },
{ "type": "Feature", "properties": { "zone": "D", "name": "Zone D: Upland Baseline (10,750 px)", "code": 4, "n_pixels": 10750 }, "geometry": { "type": "Polygon", "coordinates": [ [ [ 588520.0, 5848600.0 ], [ 588520.0, 5848560.0 ], [ 588600.0, 5848560.0 ], [ 588600.0, 5848600.0 ], [ 588520.0, 5848600.0 ] ] ] } },
{ "type": "Feature", "properties": { "zone": "D", "name": "Zone D: Upland Baseline (10,750 px)", "code": 4, "n_pixels": 10750 }, "geometry": { "type": "Polygon", "coordinates": [ [ [ 588880.0, 5848600.0 ], [ 588880.0, 5848560.0 ], [ 588920.0, 5848560.0 ], [ 588920.0, 5848600.0 ], [ 588880.0, 5848600.0 ] ] ] } },
{ "type": "Feature", "properties": { "zone": "D", "name": "Zone D: Upland Baseline (10,750 px)", "code": 4, "n_pixels": 10750 }, "geometry": { "type": "Polygon", "coordinates": [ [ [ 589160.0, 5848600.0 ], [ 589160.0, 5848560.0 ], [ 589200.0, 5848560.0 ], [ 589200.0, 5848600.0 ], [ 589160.0, 5848600.0 ] ] ] } },
{ "type": "Feature", "properties": { "zone": "D", "name": "Zone D: Upland Baseline (10,750 px)", "code": 4, "n_pixels": 10750 }, "geometry": { "type": "Polygon", "coordinates": [ [ [ 590600.0, 5848600.0 ], [ 590600.0, 5848560.0 ], [ 590640.0, 5848560.0 ], [ 590640.0, 5848600.0 ], [ 590600.0, 5848600.0 ] ] ] } },
{ "type": "Feature", "properties": { "zone": "D", "name": "Zone D: Upland Baseline (10,750 px)", "code": 4, "n_pixels": 10750 }, "geometry": { "type": "Polygon", "coordinates": [ [ [ 587640.0, 5848680.0 ], [ 587640.0, 5848640.0 ], [ 587520.0, 5848640.0 ], [ 587520.0, 5848560.0 ], [ 587680.0, 5848560.0 ], [ 587680.0, 5848520.0 ], [ 587720.0, 5848520.0 ], [ 587720.0, 5848600.0 ], [ 587680.0, 5848600.0 ], [ 587680.0, 5848680.0 ], [ 587640.0, 5848680.0 ] ] ] } },
{ "type": "Feature", "properties": { "zone": "D", "name": "Zone D: Upland Baseline (10,750 px)", "code": 4, "n_pixels": 10750 }, "geometry": { "type": "Polygon", "coordinates": [ [ [ 589200.0, 5848560.0 ], [ 589200.0, 5848520.0 ], [ 589240.0, 5848520.0 ], [ 589240.0, 5848560.0 ], [ 589200.0, 5848560.0 ] ] ] } },
{ "type": "Feature", "properties": { "zone": "D", "name": "Zone D: Upland Baseline (10,750 px)", "code": 4, "n_pixels": 10750 }, "geometry": { "type": "Polygon", "coordinates": [ [ [ 589160.0, 5848520.0 ], [ 589160.0, 5848480.0 ], [ 589200.0, 5848480.0 ], [ 589200.0, 5848520.0 ], [ 589160.0, 5848520.0 ] ] ] } },
{ "type": "Feature", "properties": { "zone": "D", "name": "Zone D: Upland Baseline (10,750 px)", "code": 4, "n_pixels": 10750 }, "geometry": { "type": "Polygon", "coordinates": [ [ [ 589480.0, 5848520.0 ], [ 589480.0, 5848480.0 ], [ 589520.0, 5848480.0 ], [ 589520.0, 5848520.0 ], [ 589480.0, 5848520.0 ] ] ] } },
{ "type": "Feature", "properties": { "zone": "D", "name": "Zone D: Upland Baseline (10,750 px)", "code": 4, "n_pixels": 10750 }, "geometry": { "type": "Polygon", "coordinates": [ [ [ 586040.0, 5848520.0 ], [ 586040.0, 5848440.0 ], [ 586080.0, 5848440.0 ], [ 586080.0, 5848520.0 ], [ 586040.0, 5848520.0 ] ] ] } },
{ "type": "Feature", "properties": { "zone": "D", "name": "Zone D: Upland Baseline (10,750 px)", "code": 4, "n_pixels": 10750 }, "geometry": { "type": "Polygon", "coordinates": [ [ [ 590680.0, 5848480.0 ], [ 590680.0, 5848440.0 ], [ 590800.0, 5848440.0 ], [ 590800.0, 5848480.0 ], [ 590680.0, 5848480.0 ] ] ] } },
{ "type": "Feature", "properties": { "zone": "D", "name": "Zone D: Upland Baseline (10,750 px)", "code": 4, "n_pixels": 10750 }, "geometry": { "type": "Polygon", "coordinates": [ [ [ 591000.0, 5848480.0 ], [ 591000.0, 5848440.0 ], [ 591040.0, 5848440.0 ], [ 591040.0, 5848480.0 ], [ 591000.0, 5848480.0 ] ] ] } },
{ "type": "Feature", "properties": { "zone": "D", "name": "Zone D: Upland Baseline (10,750 px)", "code": 4, "n_pixels": 10750 }, "geometry": { "type": "Polygon", "coordinates": [ [ [ 585760.0, 5848680.0 ], [ 585760.0, 5848560.0 ], [ 585720.0, 5848560.0 ], [ 585720.0, 5848520.0 ], [ 585800.0, 5848520.0 ], [ 585800.0, 5848480.0 ], [ 585840.0, 5848480.0 ], [ 585840.0, 5848440.0 ], [ 585920.0, 5848440.0 ], [ 585920.0, 5848400.0 ], [ 586000.0, 5848400.0 ], [ 586000.0, 5848440.0 ], [ 585960.0, 5848440.0 ], [ 585960.0, 5848560.0 ], [ 585880.0, 5848560.0 ], [ 585880.0, 5848680.0 ], [ 585760.0, 5848680.0 ] ] ] } },
{ "type": "Feature", "properties": { "zone": "D", "name": "Zone D: Upland Baseline (10,750 px)", "code": 4, "n_pixels": 10750 }, "geometry": { "type": "Polygon", "coordinates": [ [ [ 587080.0, 5848440.0 ], [ 587080.0, 5848400.0 ], [ 587120.0, 5848400.0 ], [ 587120.0, 5848440.0 ], [ 587080.0, 5848440.0 ] ] ] } },
{ "type": "Feature", "properties": { "zone": "D", "name": "Zone D: Upland Baseline (10,750 px)", "code": 4, "n_pixels": 10750 }, "geometry": { "type": "Polygon", "coordinates": [ [ [ 589040.0, 5848560.0 ], [ 589040.0, 5848520.0 ], [ 589000.0, 5848520.0 ], [ 589000.0, 5848440.0 ], [ 588960.0, 5848440.0 ], [ 588960.0, 5848400.0 ], [ 589120.0, 5848400.0 ], [ 589120.0, 5848440.0 ], [ 589080.0, 5848440.0 ], [ 589080.0, 5848560.0 ], [ 589040.0, 5848560.0 ] ] ] } },
{ "type": "Feature", "properties": { "zone": "D", "name": "Zone D: Upland Baseline (10,750 px)", "code": 4, "n_pixels": 10750 }, "geometry": { "type": "Polygon", "coordinates": [ [ [ 590840.0, 5848440.0 ], [ 590840.0, 5848400.0 ], [ 590920.0, 5848400.0 ], [ 590920.0, 5848440.0 ], [ 590840.0, 5848440.0 ] ] ] } },
{ "type": "Feature", "properties": { "zone": "D", "name": "Zone D: Upland Baseline (10,750 px)", "code": 4, "n_pixels": 10750 }, "geometry": { "type": "Polygon", "coordinates": [ [ [ 590840.0, 5849280.0 ], [ 590840.0, 5849200.0 ], [ 590760.0, 5849200.0 ], [ 590760.0, 5849120.0 ], [ 590800.0, 5849120.0 ], [ 590800.0, 5849080.0 ], [ 590760.0, 5849080.0 ], [ 590760.0, 5849000.0 ], [ 590720.0, 5849000.0 ], [ 590720.0, 5848960.0 ], [ 590680.0, 5848960.0 ], [ 590680.0, 5848840.0 ], [ 590640.0, 5848840.0 ], [ 590640.0, 5848880.0 ], [ 590600.0, 5848880.0 ], [ 590600.0, 5848920.0 ], [ 590560.0, 5848920.0 ], [ 590560.0, 5848840.0 ], [ 590520.0, 5848840.0 ], [ 590520.0, 5848880.0 ], [ 590480.0, 5848880.0 ], [ 590480.0, 5848760.0 ], [ 590520.0, 5848760.0 ], [ 590520.0, 5848720.0 ], [ 590560.0, 5848720.0 ], [ 590560.0, 5848640.0 ], [ 590600.0, 5848640.0 ], [ 590600.0, 5848800.0 ], [ 590680.0, 5848800.0 ], [ 590680.0, 5848560.0 ], [ 590720.0, 5848560.0 ], [ 590720.0, 5848680.0 ], [ 590760.0, 5848680.0 ], [ 590760.0, 5848640.0 ], [ 590800.0, 5848640.0 ], [ 590800.0, 5848600.0 ], [ 590760.0, 5848600.0 ], [ 590760.0, 5848520.0 ], [ 590880.0, 5848520.0 ], [ 590880.0, 5848480.0 ], [ 590960.0, 5848480.0 ], [ 590960.0, 5848560.0 ], [ 590880.0, 5848560.0 ], [ 590880.0, 5848600.0 ], [ 591000.0, 5848600.0 ], [ 591000.0, 5848560.0 ], [ 591040.0, 5848560.0 ], [ 591040.0, 5848480.0 ], [ 591120.0, 5848480.0 ], [ 591120.0, 5848440.0 ], [ 591040.0, 5848440.0 ], [ 591040.0, 5848400.0 ], [ 591240.0, 5848400.0 ], [ 591240.0, 5848600.0 ], [ 591200.0, 5848600.0 ], [ 591200.0, 5848680.0 ], [ 591240.0, 5848680.0 ], [ 591240.0, 5848720.0 ], [ 591200.0, 5848720.0 ], [ 591200.0, 5848760.0 ], [ 591120.0, 5848760.0 ], [ 591120.0, 5848880.0 ], [ 591080.0, 5848880.0 ], [ 591080.0, 5849000.0 ], [ 591040.0, 5849000.0 ], [ 591040.0, 5849120.0 ], [ 591080.0, 5849120.0 ], [ 591080.0, 5849160.0 ], [ 591200.0, 5849160.0 ], [ 591200.0, 5849120.0 ], [ 591240.0, 5849120.0 ], [ 591240.0, 5849240.0 ], [ 591200.0, 5849240.0 ], [ 591200.0, 5849200.0 ], [ 591160.0, 5849200.0 ], [ 591160.0, 5849240.0 ], [ 591120.0, 5849240.0 ], [ 591120.0, 5849280.0 ], [ 590840.0, 5849280.0 ] ], [ [ 590880.0, 5848720.0 ], [ 590960.0, 5848720.0 ], [ 590960.0, 5848680.0 ], [ 591040.0, 5848680.0 ], [ 591040.0, 5848640.0 ], [ 590840.0, 5848640.0 ], [ 590840.0, 5848680.0 ], [ 590880.0, 5848680.0 ], [ 590880.0, 5848720.0 ] ], [ [ 591080.0, 5848640.0 ], [ 591120.0, 5848640.0 ], [ 591120.0, 5848600.0 ], [ 591080.0, 5848600.0 ], [ 591080.0, 5848640.0 ] ] ] } },
{ "type": "Feature", "properties": { "zone": "D", "name": "Zone D: Upland Baseline (10,750 px)", "code": 4, "n_pixels": 10750 }, "geometry": { "type": "Polygon", "coordinates": [ [ [ 587720.0, 5848520.0 ], [ 587720.0, 5848360.0 ], [ 587760.0, 5848360.0 ], [ 587760.0, 5848520.0 ], [ 587720.0, 5848520.0 ] ] ] } },
{ "type": "Feature", "properties": { "zone": "D", "name": "Zone D: Upland Baseline (10,750 px)", "code": 4, "n_pixels": 10750 }, "geometry": { "type": "Polygon", "coordinates": [ [ [ 587480.0, 5848480.0 ], [ 587480.0, 5848360.0 ], [ 587520.0, 5848360.0 ], [ 587520.0, 5848480.0 ], [ 587480.0, 5848480.0 ] ] ] } },
{ "type": "Feature", "properties": { "zone": "D", "name": "Zone D: Upland Baseline (10,750 px)", "code": 4, "n_pixels": 10750 }, "geometry": { "type": "Polygon", "coordinates": [ [ [ 587120.0, 5848680.0 ], [ 587120.0, 5848600.0 ], [ 587080.0, 5848600.0 ], [ 587080.0, 5848560.0 ], [ 587120.0, 5848560.0 ], [ 587120.0, 5848520.0 ], [ 587080.0, 5848520.0 ], [ 587080.0, 5848480.0 ], [ 587200.0, 5848480.0 ], [ 587200.0, 5848440.0 ], [ 587160.0, 5848440.0 ], [ 587160.0, 5848360.0 ], [ 587400.0, 5848360.0 ], [ 587400.0, 5848480.0 ], [ 587360.0, 5848480.0 ], [ 587360.0, 5848560.0 ], [ 587320.0, 5848560.0 ], [ 587320.0, 5848600.0 ], [ 587280.0, 5848600.0 ], [ 587280.0, 5848640.0 ], [ 587200.0, 5848640.0 ], [ 587200.0, 5848680.0 ], [ 587120.0, 5848680.0 ] ] ] } },
{ "type": "Feature", "properties": { "zone": "D", "name": "Zone D: Upland Baseline (10,750 px)", "code": 4, "n_pixels": 10750 }, "geometry": { "type": "Polygon", "coordinates": [ [ [ 588160.0, 5848440.0 ], [ 588160.0, 5848360.0 ], [ 588200.0, 5848360.0 ], [ 588200.0, 5848440.0 ], [ 588160.0, 5848440.0 ] ] ] } },
{ "type": "Feature", "properties": { "zone": "D", "name": "Zone D: Upland Baseline (10,750 px)", "code": 4, "n_pixels": 10750 }, "geometry": { "type": "Polygon", "coordinates": [ [ [ 585880.0, 5848400.0 ], [ 585880.0, 5848360.0 ], [ 585920.0, 5848360.0 ], [ 585920.0, 5848400.0 ], [ 585880.0, 5848400.0 ] ] ] } },
{ "type": "Feature", "properties": { "zone": "D", "name": "Zone D: Upland Baseline (10,750 px)", "code": 4, "n_pixels": 10750 }, "geometry": { "type": "Polygon", "coordinates": [ [ [ 589400.0, 5848480.0 ], [ 589400.0, 5848400.0 ], [ 589360.0, 5848400.0 ], [ 589360.0, 5848360.0 ], [ 589440.0, 5848360.0 ], [ 589440.0, 5848480.0 ], [ 589400.0, 5848480.0 ] ] ] } },
{ "type": "Feature", "properties": { "zone": "D", "name": "Zone D: Upland Baseline (10,750 px)", "code": 4, "n_pixels": 10750 }, "geometry": { "type": "Polygon", "coordinates": [ [ [ 589680.0, 5848400.0 ], [ 589680.0, 5848360.0 ], [ 589800.0, 5848360.0 ], [ 589800.0, 5848400.0 ], [ 589680.0, 5848400.0 ] ] ] } },
{ "type": "Feature", "properties": { "zone": "D", "name": "Zone D: Upland Baseline (10,750 px)", "code": 4, "n_pixels": 10750 }, "geometry": { "type": "Polygon", "coordinates": [ [ [ 586880.0, 5848360.0 ], [ 586880.0, 5848320.0 ], [ 586920.0, 5848320.0 ], [ 586920.0, 5848360.0 ], [ 586880.0, 5848360.0 ] ] ] } },
{ "type": "Feature", "properties": { "zone": "D", "name": "Zone D: Upland Baseline (10,750 px)", "code": 4, "n_pixels": 10750 }, "geometry": { "type": "Polygon", "coordinates": [ [ [ 587000.0, 5848360.0 ], [ 587000.0, 5848320.0 ], [ 587040.0, 5848320.0 ], [ 587040.0, 5848360.0 ], [ 587000.0, 5848360.0 ] ] ] } },
{ "type": "Feature", "properties": { "zone": "D", "name": "Zone D: Upland Baseline (10,750 px)", "code": 4, "n_pixels": 10750 }, "geometry": { "type": "Polygon", "coordinates": [ [ [ 589120.0, 5848360.0 ], [ 589120.0, 5848320.0 ], [ 589280.0, 5848320.0 ], [ 589280.0, 5848360.0 ], [ 589120.0, 5848360.0 ] ] ] } },
{ "type": "Feature", "properties": { "zone": "D", "name": "Zone D: Upland Baseline (10,750 px)", "code": 4, "n_pixels": 10750 }, "geometry": { "type": "Polygon", "coordinates": [ [ [ 585720.0, 5848400.0 ], [ 585720.0, 5848280.0 ], [ 585760.0, 5848280.0 ], [ 585760.0, 5848400.0 ], [ 585720.0, 5848400.0 ] ] ] } },
{ "type": "Feature", "properties": { "zone": "D", "name": "Zone D: Upland Baseline (10,750 px)", "code": 4, "n_pixels": 10750 }, "geometry": { "type": "Polygon", "coordinates": [ [ [ 590640.0, 5848360.0 ], [ 590640.0, 5848280.0 ], [ 590680.0, 5848280.0 ], [ 590680.0, 5848320.0 ], [ 590720.0, 5848320.0 ], [ 590720.0, 5848360.0 ], [ 590640.0, 5848360.0 ] ] ] } },
{ "type": "Feature", "properties": { "zone": "D", "name": "Zone D: Upland Baseline (10,750 px)", "code": 4, "n_pixels": 10750 }, "geometry": { "type": "Polygon", "coordinates": [ [ [ 590840.0, 5848360.0 ], [ 590840.0, 5848280.0 ], [ 590920.0, 5848280.0 ], [ 590920.0, 5848360.0 ], [ 590840.0, 5848360.0 ] ] ] } },
{ "type": "Feature", "properties": { "zone": "D", "name": "Zone D: Upland Baseline (10,750 px)", "code": 4, "n_pixels": 10750 }, "geometry": { "type": "Polygon", "coordinates": [ [ [ 586960.0, 5848320.0 ], [ 586960.0, 5848280.0 ], [ 587000.0, 5848280.0 ], [ 587000.0, 5848320.0 ], [ 586960.0, 5848320.0 ] ] ] } },
{ "type": "Feature", "properties": { "zone": "D", "name": "Zone D: Upland Baseline (10,750 px)", "code": 4, "n_pixels": 10750 }, "geometry": { "type": "Polygon", "coordinates": [ [ [ 587760.0, 5848320.0 ], [ 587760.0, 5848280.0 ], [ 587800.0, 5848280.0 ], [ 587800.0, 5848320.0 ], [ 587760.0, 5848320.0 ] ] ] } },
{ "type": "Feature", "properties": { "zone": "D", "name": "Zone D: Upland Baseline (10,750 px)", "code": 4, "n_pixels": 10750 }, "geometry": { "type": "Polygon", "coordinates": [ [ [ 590720.0, 5848320.0 ], [ 590720.0, 5848280.0 ], [ 590760.0, 5848280.0 ], [ 590760.0, 5848320.0 ], [ 590720.0, 5848320.0 ] ] ] } },
{ "type": "Feature", "properties": { "zone": "D", "name": "Zone D: Upland Baseline (10,750 px)", "code": 4, "n_pixels": 10750 }, "geometry": { "type": "Polygon", "coordinates": [ [ [ 588920.0, 5848320.0 ], [ 588920.0, 5848280.0 ], [ 588880.0, 5848280.0 ], [ 588880.0, 5848240.0 ], [ 589000.0, 5848240.0 ], [ 589000.0, 5848280.0 ], [ 589080.0, 5848280.0 ], [ 589080.0, 5848320.0 ], [ 588920.0, 5848320.0 ] ] ] } },
{ "type": "Feature", "properties": { "zone": "D", "name": "Zone D: Upland Baseline (10,750 px)", "code": 4, "n_pixels": 10750 }, "geometry": { "type": "Polygon", "coordinates": [ [ [ 590680.0, 5848280.0 ], [ 590680.0, 5848240.0 ], [ 590720.0, 5848240.0 ], [ 590720.0, 5848280.0 ], [ 590680.0, 5848280.0 ] ] ] } },
{ "type": "Feature", "properties": { "zone": "D", "name": "Zone D: Upland Baseline (10,750 px)", "code": 4, "n_pixels": 10750 }, "geometry": { "type": "Polygon", "coordinates": [ [ [ 590720.0, 5848240.0 ], [ 590720.0, 5848200.0 ], [ 590760.0, 5848200.0 ], [ 590760.0, 5848240.0 ], [ 590720.0, 5848240.0 ] ] ] } },
{ "type": "Feature", "properties": { "zone": "D", "name": "Zone D: Upland Baseline (10,750 px)", "code": 4, "n_pixels": 10750 }, "geometry": { "type": "Polygon", "coordinates": [ [ [ 587640.0, 5848280.0 ], [ 587640.0, 5848080.0 ], [ 587760.0, 5848080.0 ], [ 587760.0, 5848120.0 ], [ 587720.0, 5848120.0 ], [ 587720.0, 5848200.0 ], [ 587680.0, 5848200.0 ], [ 587680.0, 5848280.0 ], [ 587640.0, 5848280.0 ] ] ] } },
{ "type": "Feature", "properties": { "zone": "D", "name": "Zone D: Upland Baseline (10,750 px)", "code": 4, "n_pixels": 10750 }, "geometry": { "type": "Polygon", "coordinates": [ [ [ 589880.0, 5848120.0 ], [ 589880.0, 5848080.0 ], [ 589960.0, 5848080.0 ], [ 589960.0, 5848120.0 ], [ 589880.0, 5848120.0 ] ] ] } },
{ "type": "Feature", "properties": { "zone": "D", "name": "Zone D: Upland Baseline (10,750 px)", "code": 4, "n_pixels": 10750 }, "geometry": { "type": "Polygon", "coordinates": [ [ [ 588400.0, 5848160.0 ], [ 588400.0, 5848040.0 ], [ 588440.0, 5848040.0 ], [ 588440.0, 5848160.0 ], [ 588400.0, 5848160.0 ] ] ] } },
{ "type": "Feature", "properties": { "zone": "D", "name": "Zone D: Upland Baseline (10,750 px)", "code": 4, "n_pixels": 10750 }, "geometry": { "type": "Polygon", "coordinates": [ [ [ 590040.0, 5848080.0 ], [ 590040.0, 5848040.0 ], [ 590160.0, 5848040.0 ], [ 590160.0, 5848080.0 ], [ 590040.0, 5848080.0 ] ] ] } },
{ "type": "Feature", "properties": { "zone": "D", "name": "Zone D: Upland Baseline (10,750 px)", "code": 4, "n_pixels": 10750 }, "geometry": { "type": "Polygon", "coordinates": [ [ [ 587720.0, 5848040.0 ], [ 587720.0, 5848000.0 ], [ 587760.0, 5848000.0 ], [ 587760.0, 5848040.0 ], [ 587720.0, 5848040.0 ] ] ] } },
{ "type": "Feature", "properties": { "zone": "D", "name": "Zone D: Upland Baseline (10,750 px)", "code": 4, "n_pixels": 10750 }, "geometry": { "type": "Polygon", "coordinates": [ [ [ 588320.0, 5848040.0 ], [ 588320.0, 5848000.0 ], [ 588400.0, 5848000.0 ], [ 588400.0, 5848040.0 ], [ 588320.0, 5848040.0 ] ] ] } },
{ "type": "Feature", "properties": { "zone": "D", "name": "Zone D: Upland Baseline (10,750 px)", "code": 4, "n_pixels": 10750 }, "geometry": { "type": "Polygon", "coordinates": [ [ [ 585800.0, 5847960.0 ], [ 585800.0, 5847920.0 ], [ 585840.0, 5847920.0 ], [ 585840.0, 5847960.0 ], [ 585800.0, 5847960.0 ] ] ] } },
{ "type": "Feature", "properties": { "zone": "D", "name": "Zone D: Upland Baseline (10,750 px)", "code": 4, "n_pixels": 10750 }, "geometry": { "type": "Polygon", "coordinates": [ [ [ 588920.0, 5847960.0 ], [ 588920.0, 5847920.0 ], [ 588960.0, 5847920.0 ], [ 588960.0, 5847960.0 ], [ 588920.0, 5847960.0 ] ] ] } },
{ "type": "Feature", "properties": { "zone": "D", "name": "Zone D: Upland Baseline (10,750 px)", "code": 4, "n_pixels": 10750 }, "geometry": { "type": "Polygon", "coordinates": [ [ [ 589000.0, 5847960.0 ], [ 589000.0, 5847920.0 ], [ 589040.0, 5847920.0 ], [ 589040.0, 5847960.0 ], [ 589000.0, 5847960.0 ] ] ] } },
{ "type": "Feature", "properties": { "zone": "D", "name": "Zone D: Upland Baseline (10,750 px)", "code": 4, "n_pixels": 10750 }, "geometry": { "type": "Polygon", "coordinates": [ [ [ 590640.0, 5848000.0 ], [ 590640.0, 5847880.0 ], [ 590680.0, 5847880.0 ], [ 590680.0, 5848000.0 ], [ 590640.0, 5848000.0 ] ] ] } },
{ "type": "Feature", "properties": { "zone": "D", "name": "Zone D: Upland Baseline (10,750 px)", "code": 4, "n_pixels": 10750 }, "geometry": { "type": "Polygon", "coordinates": [ [ [ 590760.0, 5847960.0 ], [ 590760.0, 5847880.0 ], [ 590800.0, 5847880.0 ], [ 590800.0, 5847960.0 ], [ 590760.0, 5847960.0 ] ] ] } },
{ "type": "Feature", "properties": { "zone": "D", "name": "Zone D: Upland Baseline (10,750 px)", "code": 4, "n_pixels": 10750 }, "geometry": { "type": "Polygon", "coordinates": [ [ [ 588960.0, 5847920.0 ], [ 588960.0, 5847880.0 ], [ 589000.0, 5847880.0 ], [ 589000.0, 5847920.0 ], [ 588960.0, 5847920.0 ] ] ] } },
{ "type": "Feature", "properties": { "zone": "D", "name": "Zone D: Upland Baseline (10,750 px)", "code": 4, "n_pixels": 10750 }, "geometry": { "type": "Polygon", "coordinates": [ [ [ 590520.0, 5847920.0 ], [ 590520.0, 5847880.0 ], [ 590560.0, 5847880.0 ], [ 590560.0, 5847920.0 ], [ 590520.0, 5847920.0 ] ] ] } },
{ "type": "Feature", "properties": { "zone": "D", "name": "Zone D: Upland Baseline (10,750 px)", "code": 4, "n_pixels": 10750 }, "geometry": { "type": "Polygon", "coordinates": [ [ [ 588520.0, 5847920.0 ], [ 588520.0, 5847840.0 ], [ 588560.0, 5847840.0 ], [ 588560.0, 5847920.0 ], [ 588520.0, 5847920.0 ] ] ] } },
{ "type": "Feature", "properties": { "zone": "D", "name": "Zone D: Upland Baseline (10,750 px)", "code": 4, "n_pixels": 10750 }, "geometry": { "type": "Polygon", "coordinates": [ [ [ 587080.0, 5847880.0 ], [ 587080.0, 5847840.0 ], [ 587120.0, 5847840.0 ], [ 587120.0, 5847880.0 ], [ 587080.0, 5847880.0 ] ] ] } },
{ "type": "Feature", "properties": { "zone": "D", "name": "Zone D: Upland Baseline (10,750 px)", "code": 4, "n_pixels": 10750 }, "geometry": { "type": "Polygon", "coordinates": [ [ [ 590680.0, 5847880.0 ], [ 590680.0, 5847840.0 ], [ 590720.0, 5847840.0 ], [ 590720.0, 5847880.0 ], [ 590680.0, 5847880.0 ] ] ] } },
{ "type": "Feature", "properties": { "zone": "D", "name": "Zone D: Upland Baseline (10,750 px)", "code": 4, "n_pixels": 10750 }, "geometry": { "type": "Polygon", "coordinates": [ [ [ 590800.0, 5847880.0 ], [ 590800.0, 5847800.0 ], [ 590840.0, 5847800.0 ], [ 590840.0, 5847880.0 ], [ 590800.0, 5847880.0 ] ] ] } },
{ "type": "Feature", "properties": { "zone": "D", "name": "Zone D: Upland Baseline (10,750 px)", "code": 4, "n_pixels": 10750 }, "geometry": { "type": "Polygon", "coordinates": [ [ [ 590560.0, 5847840.0 ], [ 590560.0, 5847800.0 ], [ 590600.0, 5847800.0 ], [ 590600.0, 5847840.0 ], [ 590560.0, 5847840.0 ] ] ] } },
{ "type": "Feature", "properties": { "zone": "D", "name": "Zone D: Upland Baseline (10,750 px)", "code": 4, "n_pixels": 10750 }, "geometry": { "type": "Polygon", "coordinates": [ [ [ 589120.0, 5847920.0 ], [ 589120.0, 5847880.0 ], [ 589040.0, 5847880.0 ], [ 589040.0, 5847760.0 ], [ 589080.0, 5847760.0 ], [ 589080.0, 5847800.0 ], [ 589160.0, 5847800.0 ], [ 589160.0, 5847840.0 ], [ 589200.0, 5847840.0 ], [ 589200.0, 5847880.0 ], [ 589240.0, 5847880.0 ], [ 589240.0, 5847920.0 ], [ 589120.0, 5847920.0 ] ] ] } },
{ "type": "Feature", "properties": { "zone": "D", "name": "Zone D: Upland Baseline (10,750 px)", "code": 4, "n_pixels": 10750 }, "geometry": { "type": "Polygon", "coordinates": [ [ [ 587200.0, 5847800.0 ], [ 587200.0, 5847760.0 ], [ 587240.0, 5847760.0 ], [ 587240.0, 5847800.0 ], [ 587200.0, 5847800.0 ] ] ] } },
{ "type": "Feature", "properties": { "zone": "D", "name": "Zone D: Upland Baseline (10,750 px)", "code": 4, "n_pixels": 10750 }, "geometry": { "type": "Polygon", "coordinates": [ [ [ 588120.0, 5847800.0 ], [ 588120.0, 5847760.0 ], [ 588160.0, 5847760.0 ], [ 588160.0, 5847800.0 ], [ 588120.0, 5847800.0 ] ] ] } },
{ "type": "Feature", "properties": { "zone": "D", "name": "Zone D: Upland Baseline (10,750 px)", "code": 4, "n_pixels": 10750 }, "geometry": { "type": "Polygon", "coordinates": [ [ [ 590600.0, 5847800.0 ], [ 590600.0, 5847760.0 ], [ 590640.0, 5847760.0 ], [ 590640.0, 5847800.0 ], [ 590600.0, 5847800.0 ] ] ] } },
{ "type": "Feature", "properties": { "zone": "D", "name": "Zone D: Upland Baseline (10,750 px)", "code": 4, "n_pixels": 10750 }, "geometry": { "type": "Polygon", "coordinates": [ [ [ 587400.0, 5847840.0 ], [ 587400.0, 5847720.0 ], [ 587440.0, 5847720.0 ], [ 587440.0, 5847840.0 ], [ 587400.0, 5847840.0 ] ] ] } },
{ "type": "Feature", "properties": { "zone": "D", "name": "Zone D: Upland Baseline (10,750 px)", "code": 4, "n_pixels": 10750 }, "geometry": { "type": "Polygon", "coordinates": [ [ [ 587960.0, 5847760.0 ], [ 587960.0, 5847720.0 ], [ 588120.0, 5847720.0 ], [ 588120.0, 5847760.0 ], [ 587960.0, 5847760.0 ] ] ] } },
{ "type": "Feature", "properties": { "zone": "D", "name": "Zone D: Upland Baseline (10,750 px)", "code": 4, "n_pixels": 10750 }, "geometry": { "type": "Polygon", "coordinates": [ [ [ 590920.0, 5847760.0 ], [ 590920.0, 5847720.0 ], [ 590960.0, 5847720.0 ], [ 590960.0, 5847760.0 ], [ 590920.0, 5847760.0 ] ] ] } },
{ "type": "Feature", "properties": { "zone": "D", "name": "Zone D: Upland Baseline (10,750 px)", "code": 4, "n_pixels": 10750 }, "geometry": { "type": "Polygon", "coordinates": [ [ [ 590720.0, 5847800.0 ], [ 590720.0, 5847680.0 ], [ 590760.0, 5847680.0 ], [ 590760.0, 5847800.0 ], [ 590720.0, 5847800.0 ] ] ] } },
{ "type": "Feature", "properties": { "zone": "D", "name": "Zone D: Upland Baseline (10,750 px)", "code": 4, "n_pixels": 10750 }, "geometry": { "type": "Polygon", "coordinates": [ [ [ 587240.0, 5847720.0 ], [ 587240.0, 5847680.0 ], [ 587280.0, 5847680.0 ], [ 587280.0, 5847720.0 ], [ 587240.0, 5847720.0 ] ] ] } },
{ "type": "Feature", "properties": { "zone": "D", "name": "Zone D: Upland Baseline (10,750 px)", "code": 4, "n_pixels": 10750 }, "geometry": { "type": "Polygon", "coordinates": [ [ [ 588360.0, 5847960.0 ], [ 588360.0, 5847880.0 ], [ 588280.0, 5847880.0 ], [ 588280.0, 5847840.0 ], [ 588240.0, 5847840.0 ], [ 588240.0, 5847800.0 ], [ 588280.0, 5847800.0 ], [ 588280.0, 5847640.0 ], [ 588400.0, 5847640.0 ], [ 588400.0, 5847720.0 ], [ 588360.0, 5847720.0 ], [ 588360.0, 5847840.0 ], [ 588400.0, 5847840.0 ], [ 588400.0, 5847960.0 ], [ 588360.0, 5847960.0 ] ] ] } },
{ "type": "Feature", "properties": { "zone": "D", "name": "Zone D: Upland Baseline (10,750 px)", "code": 4, "n_pixels": 10750 }, "geometry": { "type": "Polygon", "coordinates": [ [ [ 590840.0, 5847800.0 ], [ 590840.0, 5847680.0 ], [ 590880.0, 5847680.0 ], [ 590880.0, 5847640.0 ], [ 590920.0, 5847640.0 ], [ 590920.0, 5847720.0 ], [ 590880.0, 5847720.0 ], [ 590880.0, 5847800.0 ], [ 590840.0, 5847800.0 ] ] ] } },
{ "type": "Feature", "properties": { "zone": "D", "name": "Zone D: Upland Baseline (10,750 px)", "code": 4, "n_pixels": 10750 }, "geometry": { "type": "Polygon", "coordinates": [ [ [ 589440.0, 5847680.0 ], [ 589440.0, 5847640.0 ], [ 589520.0, 5847640.0 ], [ 589520.0, 5847680.0 ], [ 589440.0, 5847680.0 ] ] ] } },
{ "type": "Feature", "properties": { "zone": "D", "name": "Zone D: Upland Baseline (10,750 px)", "code": 4, "n_pixels": 10750 }, "geometry": { "type": "Polygon", "coordinates": [ [ [ 590960.0, 5847680.0 ], [ 590960.0, 5847640.0 ], [ 591000.0, 5847640.0 ], [ 591000.0, 5847680.0 ], [ 590960.0, 5847680.0 ] ] ] } },
{ "type": "Feature", "properties": { "zone": "D", "name": "Zone D: Upland Baseline (10,750 px)", "code": 4, "n_pixels": 10750 }, "geometry": { "type": "Polygon", "coordinates": [ [ [ 586800.0, 5847640.0 ], [ 586800.0, 5847600.0 ], [ 586840.0, 5847600.0 ], [ 586840.0, 5847640.0 ], [ 586800.0, 5847640.0 ] ] ] } },
{ "type": "Feature", "properties": { "zone": "D", "name": "Zone D: Upland Baseline (10,750 px)", "code": 4, "n_pixels": 10750 }, "geometry": { "type": "Polygon", "coordinates": [ [ [ 587280.0, 5847640.0 ], [ 587280.0, 5847600.0 ], [ 587320.0, 5847600.0 ], [ 587320.0, 5847640.0 ], [ 587280.0, 5847640.0 ] ] ] } },
{ "type": "Feature", "properties": { "zone": "D", "name": "Zone D: Upland Baseline (10,750 px)", "code": 4, "n_pixels": 10750 }, "geometry": { "type": "Polygon", "coordinates": [ [ [ 589080.0, 5847600.0 ], [ 589080.0, 5847560.0 ], [ 589120.0, 5847560.0 ], [ 589120.0, 5847600.0 ], [ 589080.0, 5847600.0 ] ] ] } },
{ "type": "Feature", "properties": { "zone": "D", "name": "Zone D: Upland Baseline (10,750 px)", "code": 4, "n_pixels": 10750 }, "geometry": { "type": "Polygon", "coordinates": [ [ [ 591000.0, 5847600.0 ], [ 591000.0, 5847560.0 ], [ 591040.0, 5847560.0 ], [ 591040.0, 5847600.0 ], [ 591000.0, 5847600.0 ] ] ] } },
{ "type": "Feature", "properties": { "zone": "D", "name": "Zone D: Upland Baseline (10,750 px)", "code": 4, "n_pixels": 10750 }, "geometry": { "type": "Polygon", "coordinates": [ [ [ 585960.0, 5847600.0 ], [ 585960.0, 5847520.0 ], [ 586000.0, 5847520.0 ], [ 586000.0, 5847600.0 ], [ 585960.0, 5847600.0 ] ] ] } },
{ "type": "Feature", "properties": { "zone": "D", "name": "Zone D: Upland Baseline (10,750 px)", "code": 4, "n_pixels": 10750 }, "geometry": { "type": "Polygon", "coordinates": [ [ [ 589520.0, 5847560.0 ], [ 589520.0, 5847520.0 ], [ 589560.0, 5847520.0 ], [ 589560.0, 5847560.0 ], [ 589520.0, 5847560.0 ] ] ] } },
{ "type": "Feature", "properties": { "zone": "D", "name": "Zone D: Upland Baseline (10,750 px)", "code": 4, "n_pixels": 10750 }, "geometry": { "type": "Polygon", "coordinates": [ [ [ 590640.0, 5847680.0 ], [ 590640.0, 5847480.0 ], [ 590680.0, 5847480.0 ], [ 590680.0, 5847680.0 ], [ 590640.0, 5847680.0 ] ] ] } },
{ "type": "Feature", "properties": { "zone": "D", "name": "Zone D: Upland Baseline (10,750 px)", "code": 4, "n_pixels": 10750 }, "geometry": { "type": "Polygon", "coordinates": [ [ [ 589040.0, 5847520.0 ], [ 589040.0, 5847480.0 ], [ 589080.0, 5847480.0 ], [ 589080.0, 5847520.0 ], [ 589040.0, 5847520.0 ] ] ] } },
{ "type": "Feature", "properties": { "zone": "D", "name": "Zone D: Upland Baseline (10,750 px)", "code": 4, "n_pixels": 10750 }, "geometry": { "type": "Polygon", "coordinates": [ [ [ 589160.0, 5847520.0 ], [ 589160.0, 5847480.0 ], [ 589200.0, 5847480.0 ], [ 589200.0, 5847520.0 ], [ 589160.0, 5847520.0 ] ] ] } },
{ "type": "Feature", "properties": { "zone": "D", "name": "Zone D: Upland Baseline (10,750 px)", "code": 4, "n_pixels": 10750 }, "geometry": { "type": "Polygon", "coordinates": [ [ [ 587320.0, 5847600.0 ], [ 587320.0, 5847440.0 ], [ 587360.0, 5847440.0 ], [ 587360.0, 5847600.0 ], [ 587320.0, 5847600.0 ] ] ] } },
{ "type": "Feature", "properties": { "zone": "D", "name": "Zone D: Upland Baseline (10,750 px)", "code": 4, "n_pixels": 10750 }, "geometry": { "type": "Polygon", "coordinates": [ [ [ 587440.0, 5847480.0 ], [ 587440.0, 5847440.0 ], [ 587520.0, 5847440.0 ], [ 587520.0, 5847480.0 ], [ 587440.0, 5847480.0 ] ] ] } },
{ "type": "Feature", "properties": { "zone": "D", "name": "Zone D: Upland Baseline (10,750 px)", "code": 4, "n_pixels": 10750 }, "geometry": { "type": "Polygon", "coordinates": [ [ [ 588840.0, 5847480.0 ], [ 588840.0, 5847440.0 ], [ 588880.0, 5847440.0 ], [ 588880.0, 5847480.0 ], [ 588840.0, 5847480.0 ] ] ] } },
{ "type": "Feature", "properties": { "zone": "D", "name": "Zone D: Upland Baseline (10,750 px)", "code": 4, "n_pixels": 10750 }, "geometry": { "type": "Polygon", "coordinates": [ [ [ 587360.0, 5847440.0 ], [ 587360.0, 5847400.0 ], [ 587400.0, 5847400.0 ], [ 587400.0, 5847440.0 ], [ 587360.0, 5847440.0 ] ] ] } },
{ "type": "Feature", "properties": { "zone": "D", "name": "Zone D: Upland Baseline (10,750 px)", "code": 4, "n_pixels": 10750 }, "geometry": { "type": "Polygon", "coordinates": [ [ [ 587880.0, 5847440.0 ], [ 587880.0, 5847400.0 ], [ 587920.0, 5847400.0 ], [ 587920.0, 5847440.0 ], [ 587880.0, 5847440.0 ] ] ] } },
{ "type": "Feature", "properties": { "zone": "D", "name": "Zone D: Upland Baseline (10,750 px)", "code": 4, "n_pixels": 10750 }, "geometry": { "type": "Polygon", "coordinates": [ [ [ 588880.0, 5847440.0 ], [ 588880.0, 5847360.0 ], [ 588920.0, 5847360.0 ], [ 588920.0, 5847440.0 ], [ 588880.0, 5847440.0 ] ] ] } },
{ "type": "Feature", "properties": { "zone": "D", "name": "Zone D: Upland Baseline (10,750 px)", "code": 4, "n_pixels": 10750 }, "geometry": { "type": "Polygon", "coordinates": [ [ [ 587800.0, 5847400.0 ], [ 587800.0, 5847360.0 ], [ 587840.0, 5847360.0 ], [ 587840.0, 5847400.0 ], [ 587800.0, 5847400.0 ] ] ] } },
{ "type": "Feature", "properties": { "zone": "D", "name": "Zone D: Upland Baseline (10,750 px)", "code": 4, "n_pixels": 10750 }, "geometry": { "type": "Polygon", "coordinates": [ [ [ 587080.0, 5847400.0 ], [ 587080.0, 5847320.0 ], [ 587120.0, 5847320.0 ], [ 587120.0, 5847400.0 ], [ 587080.0, 5847400.0 ] ] ] } },
{ "type": "Feature", "properties": { "zone": "D", "name": "Zone D: Upland Baseline (10,750 px)", "code": 4, "n_pixels": 10750 }, "geometry": { "type": "Polygon", "coordinates": [ [ [ 587640.0, 5847400.0 ], [ 587640.0, 5847360.0 ], [ 587680.0, 5847360.0 ], [ 587680.0, 5847320.0 ], [ 587800.0, 5847320.0 ], [ 587800.0, 5847360.0 ], [ 587760.0, 5847360.0 ], [ 587760.0, 5847400.0 ], [ 587640.0, 5847400.0 ] ] ] } },
{ "type": "Feature", "properties": { "zone": "D", "name": "Zone D: Upland Baseline (10,750 px)", "code": 4, "n_pixels": 10750 }, "geometry": { "type": "Polygon", "coordinates": [ [ [ 586480.0, 5847480.0 ], [ 586480.0, 5847280.0 ], [ 586520.0, 5847280.0 ], [ 586520.0, 5847480.0 ], [ 586480.0, 5847480.0 ] ] ] } },
{ "type": "Feature", "properties": { "zone": "D", "name": "Zone D: Upland Baseline (10,750 px)", "code": 4, "n_pixels": 10750 }, "geometry": { "type": "Polygon", "coordinates": [ [ [ 585880.0, 5847320.0 ], [ 585880.0, 5847280.0 ], [ 585920.0, 5847280.0 ], [ 585920.0, 5847320.0 ], [ 585880.0, 5847320.0 ] ] ] } },
{ "type": "Feature", "properties": { "zone": "D", "name": "Zone D: Upland Baseline (10,750 px)", "code": 4, "n_pixels": 10750 }, "geometry": { "type": "Polygon", "coordinates": [ [ [ 588880.0, 5847320.0 ], [ 588880.0, 5847280.0 ], [ 588920.0, 5847280.0 ], [ 588920.0, 5847320.0 ], [ 588880.0, 5847320.0 ] ] ] } },
{ "type": "Feature", "properties": { "zone": "D", "name": "Zone D: Upland Baseline (10,750 px)", "code": 4, "n_pixels": 10750 }, "geometry": { "type": "Polygon", "coordinates": [ [ [ 589560.0, 5847320.0 ], [ 589560.0, 5847280.0 ], [ 589640.0, 5847280.0 ], [ 589640.0, 5847320.0 ], [ 589560.0, 5847320.0 ] ] ] } },
{ "type": "Feature", "properties": { "zone": "D", "name": "Zone D: Upland Baseline (10,750 px)", "code": 4, "n_pixels": 10750 }, "geometry": { "type": "Polygon", "coordinates": [ [ [ 586840.0, 5847280.0 ], [ 586840.0, 5847240.0 ], [ 586880.0, 5847240.0 ], [ 586880.0, 5847280.0 ], [ 586840.0, 5847280.0 ] ] ] } },
{ "type": "Feature", "properties": { "zone": "D", "name": "Zone D: Upland Baseline (10,750 px)", "code": 4, "n_pixels": 10750 }, "geometry": { "type": "Polygon", "coordinates": [ [ [ 589640.0, 5847280.0 ], [ 589640.0, 5847240.0 ], [ 589680.0, 5847240.0 ], [ 589680.0, 5847280.0 ], [ 589640.0, 5847280.0 ] ] ] } },
{ "type": "Feature", "properties": { "zone": "D", "name": "Zone D: Upland Baseline (10,750 px)", "code": 4, "n_pixels": 10750 }, "geometry": { "type": "Polygon", "coordinates": [ [ [ 589480.0, 5847240.0 ], [ 589480.0, 5847200.0 ], [ 589560.0, 5847200.0 ], [ 589560.0, 5847240.0 ], [ 589480.0, 5847240.0 ] ] ] } },
{ "type": "Feature", "properties": { "zone": "D", "name": "Zone D: Upland Baseline (10,750 px)", "code": 4, "n_pixels": 10750 }, "geometry": { "type": "Polygon", "coordinates": [ [ [ 589600.0, 5847240.0 ], [ 589600.0, 5847200.0 ], [ 589640.0, 5847200.0 ], [ 589640.0, 5847240.0 ], [ 589600.0, 5847240.0 ] ] ] } },
{ "type": "Feature", "properties": { "zone": "D", "name": "Zone D: Upland Baseline (10,750 px)", "code": 4, "n_pixels": 10750 }, "geometry": { "type": "Polygon", "coordinates": [ [ [ 590080.0, 5847240.0 ], [ 590080.0, 5847200.0 ], [ 590160.0, 5847200.0 ], [ 590160.0, 5847240.0 ], [ 590080.0, 5847240.0 ] ] ] } },
{ "type": "Feature", "properties": { "zone": "D", "name": "Zone D: Upland Baseline (10,750 px)", "code": 4, "n_pixels": 10750 }, "geometry": { "type": "Polygon", "coordinates": [ [ [ 585800.0, 5849280.0 ], [ 585800.0, 5849240.0 ], [ 585720.0, 5849240.0 ], [ 585720.0, 5849080.0 ], [ 585960.0, 5849080.0 ], [ 585960.0, 5849040.0 ], [ 585800.0, 5849040.0 ], [ 585800.0, 5849000.0 ], [ 585760.0, 5849000.0 ], [ 585760.0, 5848960.0 ], [ 585800.0, 5848960.0 ], [ 585800.0, 5848920.0 ], [ 585760.0, 5848920.0 ], [ 585760.0, 5848840.0 ], [ 585880.0, 5848840.0 ], [ 585880.0, 5848800.0 ], [ 586000.0, 5848800.0 ], [ 586000.0, 5848760.0 ], [ 585920.0, 5848760.0 ], [ 585920.0, 5848720.0 ], [ 585880.0, 5848720.0 ], [ 585880.0, 5848680.0 ], [ 586000.0, 5848680.0 ], [ 586000.0, 5848640.0 ], [ 586040.0, 5848640.0 ], [ 586040.0, 5848600.0 ], [ 585960.0, 5848600.0 ], [ 585960.0, 5848560.0 ], [ 586080.0, 5848560.0 ], [ 586080.0, 5848520.0 ], [ 586120.0, 5848520.0 ], [ 586120.0, 5848480.0 ], [ 586160.0, 5848480.0 ], [ 586160.0, 5848360.0 ], [ 586120.0, 5848360.0 ], [ 586120.0, 5848320.0 ], [ 586040.0, 5848320.0 ], [ 586040.0, 5848360.0 ], [ 586000.0, 5848360.0 ], [ 586000.0, 5848320.0 ], [ 585960.0, 5848320.0 ], [ 585960.0, 5848360.0 ], [ 585920.0, 5848360.0 ], [ 585920.0, 5848280.0 ], [ 585840.0, 5848280.0 ], [ 585840.0, 5848200.0 ], [ 585800.0, 5848200.0 ], [ 585800.0, 5848160.0 ], [ 585720.0, 5848160.0 ], [ 585720.0, 5848040.0 ], [ 585800.0, 5848040.0 ], [ 585800.0, 5848000.0 ], [ 585880.0, 5848000.0 ], [ 585880.0, 5847960.0 ], [ 585960.0, 5847960.0 ], [ 585960.0, 5847840.0 ], [ 585880.0, 5847840.0 ], [ 585880.0, 5847720.0 ], [ 585920.0, 5847720.0 ], [ 585920.0, 5847600.0 ], [ 585960.0, 5847600.0 ], [ 585960.0, 5847640.0 ], [ 586040.0, 5847640.0 ], [ 586040.0, 5847480.0 ], [ 586080.0, 5847480.0 ], [ 586080.0, 5847400.0 ], [ 586120.0, 5847400.0 ], [ 586120.0, 5847320.0 ], [ 586160.0, 5847320.0 ], [ 586160.0, 5847360.0 ], [ 586360.0, 5847360.0 ], [ 586360.0, 5847400.0 ], [ 586400.0, 5847400.0 ], [ 586400.0, 5847520.0 ], [ 586360.0, 5847520.0 ], [ 586360.0, 5847560.0 ], [ 586320.0, 5847560.0 ], [ 586320.0, 5847680.0 ], [ 586280.0, 5847680.0 ], [ 586280.0, 5847720.0 ], [ 586240.0, 5847720.0 ], [ 586240.0, 5847760.0 ], [ 586200.0, 5847760.0 ], [ 586200.0, 5847800.0 ], [ 586280.0, 5847800.0 ], [ 586280.0, 5847760.0 ], [ 586320.0, 5847760.0 ], [ 586320.0, 5847720.0 ], [ 586360.0, 5847720.0 ], [ 586360.0, 5847600.0 ], [ 586400.0, 5847600.0 ], [ 586400.0, 5847560.0 ], [ 586440.0, 5847560.0 ], [ 586440.0, 5847520.0 ], [ 586560.0, 5847520.0 ], [ 586560.0, 5847480.0 ], [ 586600.0, 5847480.0 ], [ 586600.0, 5847360.0 ], [ 586640.0, 5847360.0 ], [ 586640.0, 5847320.0 ], [ 586720.0, 5847320.0 ], [ 586720.0, 5847360.0 ], [ 586760.0, 5847360.0 ], [ 586760.0, 5847440.0 ], [ 586680.0, 5847440.0 ], [ 586680.0, 5847480.0 ], [ 586720.0, 5847480.0 ], [ 586720.0, 5847520.0 ], [ 586640.0, 5847520.0 ], [ 586640.0, 5847560.0 ], [ 586680.0, 5847560.0 ], [ 586680.0, 5847600.0 ], [ 586760.0, 5847600.0 ], [ 586760.0, 5847680.0 ], [ 586880.0, 5847680.0 ], [ 586880.0, 5847560.0 ], [ 586840.0, 5847560.0 ], [ 586840.0, 5847520.0 ], [ 586880.0, 5847520.0 ], [ 586880.0, 5847480.0 ], [ 586920.0, 5847480.0 ], [ 586920.0, 5847440.0 ], [ 586960.0, 5847440.0 ], [ 586960.0, 5847160.0 ], [ 587000.0, 5847160.0 ], [ 587000.0, 5847240.0 ], [ 587040.0, 5847240.0 ], [ 587040.0, 5847280.0 ], [ 587080.0, 5847280.0 ], [ 587080.0, 5847320.0 ], [ 587040.0, 5847320.0 ], [ 587040.0, 5847400.0 ], [ 587000.0, 5847400.0 ], [ 587000.0, 5847440.0 ], [ 587040.0, 5847440.0 ], [ 587040.0, 5847520.0 ], [ 587000.0, 5847520.0 ], [ 587000.0, 5847640.0 ], [ 587080.0, 5847640.0 ], [ 587080.0, 5847480.0 ], [ 587120.0, 5847480.0 ], [ 587120.0, 5847400.0 ], [ 587160.0, 5847400.0 ], [ 587160.0, 5847480.0 ], [ 587200.0, 5847480.0 ], [ 587200.0, 5847520.0 ], [ 587160.0, 5847520.0 ], [ 587160.0, 5847720.0 ], [ 587080.0, 5847720.0 ], [ 587080.0, 5847760.0 ], [ 587000.0, 5847760.0 ], [ 587000.0, 5847840.0 ], [ 586960.0, 5847840.0 ], [ 586960.0, 5847920.0 ], [ 586920.0, 5847920.0 ], [ 586920.0, 5847960.0 ], [ 587080.0, 5847960.0 ], [ 587080.0, 5847920.0 ], [ 587120.0, 5847920.0 ], [ 587120.0, 5847880.0 ], [ 587320.0, 5847880.0 ], [ 587320.0, 5847920.0 ], [ 587480.0, 5847920.0 ], [ 587480.0, 5847880.0 ], [ 587520.0, 5847880.0 ], [ 587520.0, 5847920.0 ], [ 587560.0, 5847920.0 ], [ 587560.0, 5848040.0 ], [ 587480.0, 5848040.0 ], [ 587480.0, 5848000.0 ], [ 587400.0, 5848000.0 ], [ 587400.0, 5848040.0 ], [ 587440.0, 5848040.0 ], [ 587440.0, 5848080.0 ], [ 587560.0, 5848080.0 ], [ 587560.0, 5848280.0 ], [ 587640.0, 5848280.0 ], [ 587640.0, 5848480.0 ], [ 587600.0, 5848480.0 ], [ 587600.0, 5848520.0 ], [ 587560.0, 5848520.0 ], [ 587560.0, 5848440.0 ], [ 587600.0, 5848440.0 ], [ 587600.0, 5848360.0 ], [ 587520.0, 5848360.0 ], [ 587520.0, 5848240.0 ], [ 587480.0, 5848240.0 ], [ 587480.0, 5848160.0 ], [ 587440.0, 5848160.0 ], [ 587440.0, 5848120.0 ], [ 587360.0, 5848120.0 ], [ 587360.0, 5848080.0 ], [ 587280.0, 5848080.0 ], [ 587280.0, 5848120.0 ], [ 587320.0, 5848120.0 ], [ 587320.0, 5848160.0 ], [ 587400.0, 5848160.0 ], [ 587400.0, 5848200.0 ], [ 587440.0, 5848200.0 ], [ 587440.0, 5848320.0 ], [ 587400.0, 5848320.0 ], [ 587400.0, 5848280.0 ], [ 587320.0, 5848280.0 ], [ 587320.0, 5848320.0 ], [ 587240.0, 5848320.0 ], [ 587240.0, 5848280.0 ], [ 587280.0, 5848280.0 ], [ 587280.0, 5848160.0 ], [ 587240.0, 5848160.0 ], [ 587240.0, 5848120.0 ], [ 587200.0, 5848120.0 ], [ 587200.0, 5848320.0 ], [ 587120.0, 5848320.0 ], [ 587120.0, 5848280.0 ], [ 587040.0, 5848280.0 ], [ 587040.0, 5848240.0 ], [ 587000.0, 5848240.0 ], [ 587000.0, 5848160.0 ], [ 587040.0, 5848160.0 ], [ 587040.0, 5848080.0 ], [ 586960.0, 5848080.0 ], [ 586960.0, 5848280.0 ], [ 586920.0, 5848280.0 ], [ 586920.0, 5848240.0 ], [ 586880.0, 5848240.0 ], [ 586880.0, 5848280.0 ], [ 586840.0, 5848280.0 ], [ 586840.0, 5848360.0 ], [ 586760.0, 5848360.0 ], [ 586760.0, 5848480.0 ], [ 586800.0, 5848480.0 ], [ 586800.0, 5848400.0 ], [ 586880.0, 5848400.0 ], [ 586880.0, 5848440.0 ], [ 586840.0, 5848440.0 ], [ 586840.0, 5848480.0 ], [ 586880.0, 5848480.0 ], [ 586880.0, 5848520.0 ], [ 586920.0, 5848520.0 ], [ 586920.0, 5848480.0 ], [ 586960.0, 5848480.0 ], [ 586960.0, 5848560.0 ], [ 586920.0, 5848560.0 ], [ 586920.0, 5848600.0 ], [ 586880.0, 5848600.0 ], [ 586880.0, 5848720.0 ], [ 586840.0, 5848720.0 ], [ 586840.0, 5848920.0 ], [ 586800.0, 5848920.0 ], [ 586800.0, 5849000.0 ], [ 586760.0, 5849000.0 ], [ 586760.0, 5849160.0 ], [ 586560.0, 5849160.0 ], [ 586560.0, 5849120.0 ], [ 586520.0, 5849120.0 ], [ 586520.0, 5849080.0 ], [ 586440.0, 5849080.0 ], [ 586440.0, 5849000.0 ], [ 586400.0, 5849000.0 ], [ 586400.0, 5849040.0 ], [ 586080.0, 5849040.0 ], [ 586080.0, 5849080.0 ], [ 586160.0, 5849080.0 ], [ 586160.0, 5849120.0 ], [ 586120.0, 5849120.0 ], [ 586120.0, 5849160.0 ], [ 586040.0, 5849160.0 ], [ 586040.0, 5849280.0 ], [ 585800.0, 5849280.0 ] ], [ [ 586400.0, 5848960.0 ], [ 586440.0, 5848960.0 ], [ 586440.0, 5848920.0 ], [ 586400.0, 5848920.0 ], [ 586400.0, 5848960.0 ] ], [ [ 586560.0, 5848760.0 ], [ 586720.0, 5848760.0 ], [ 586720.0, 5848720.0 ], [ 586760.0, 5848720.0 ], [ 586760.0, 5848680.0 ], [ 586840.0, 5848680.0 ], [ 586840.0, 5848600.0 ], [ 586880.0, 5848600.0 ], [ 586880.0, 5848560.0 ], [ 586800.0, 5848560.0 ], [ 586800.0, 5848600.0 ], [ 586760.0, 5848600.0 ], [ 586760.0, 5848560.0 ], [ 586680.0, 5848560.0 ], [ 586680.0, 5848480.0 ], [ 586640.0, 5848480.0 ], [ 586640.0, 5848560.0 ], [ 586600.0, 5848560.0 ], [ 586600.0, 5848600.0 ], [ 586480.0, 5848600.0 ], [ 586480.0, 5848640.0 ], [ 586520.0, 5848640.0 ], [ 586520.0, 5848720.0 ], [ 586560.0, 5848720.0 ], [ 586560.0, 5848760.0 ] ], [ [ 586200.0, 5848560.0 ], [ 586240.0, 5848560.0 ], [ 586240.0, 5848520.0 ], [ 586200.0, 5848520.0 ], [ 586200.0, 5848560.0 ] ], [ [ 586240.0, 5848520.0 ], [ 586280.0, 5848520.0 ], [ 586280.0, 5848480.0 ], [ 586240.0, 5848480.0 ], [ 586240.0, 5848520.0 ] ], [ [ 586720.0, 5848520.0 ], [ 586760.0, 5848520.0 ], [ 586760.0, 5848480.0 ], [ 586720.0, 5848480.0 ], [ 586720.0, 5848520.0 ] ], [ [ 586520.0, 5848440.0 ], [ 586600.0, 5848440.0 ], [ 586600.0, 5848360.0 ], [ 586560.0, 5848360.0 ], [ 586560.0, 5848400.0 ], [ 586520.0, 5848400.0 ], [ 586520.0, 5848440.0 ] ], [ [ 586240.0, 5848400.0 ], [ 586320.0, 5848400.0 ], [ 586320.0, 5848360.0 ], [ 586240.0, 5848360.0 ], [ 586240.0, 5848400.0 ] ], [ [ 586440.0, 5848320.0 ], [ 586520.0, 5848320.0 ], [ 586520.0, 5848280.0 ], [ 586480.0, 5848280.0 ], [ 586480.0, 5848240.0 ], [ 586440.0, 5848240.0 ], [ 586440.0, 5848320.0 ] ], [ [ 586640.0, 5848320.0 ], [ 586680.0, 5848320.0 ], [ 586680.0, 5848200.0 ], [ 586640.0, 5848200.0 ], [ 586640.0, 5848320.0 ] ], [ [ 585920.0, 5848280.0 ], [ 586000.0, 5848280.0 ], [ 586000.0, 5848240.0 ], [ 586040.0, 5848240.0 ], [ 586040.0, 5848200.0 ], [ 586080.0, 5848200.0 ], [ 586080.0, 5848000.0 ], [ 586160.0, 5848000.0 ], [ 586160.0, 5847960.0 ], [ 586040.0, 5847960.0 ], [ 586040.0, 5848000.0 ], [ 586000.0, 5848000.0 ], [ 586000.0, 5848120.0 ], [ 585960.0, 5848120.0 ], [ 585960.0, 5848160.0 ], [ 585920.0, 5848160.0 ], [ 585920.0, 5848120.0 ], [ 585840.0, 5848120.0 ], [ 585840.0, 5848160.0 ], [ 585880.0, 5848160.0 ], [ 585880.0, 5848200.0 ], [ 585920.0, 5848200.0 ], [ 585920.0, 5848280.0 ] ], [ [ 586400.0, 5848240.0 ], [ 586440.0, 5848240.0 ], [ 586440.0, 5848160.0 ], [ 586400.0, 5848160.0 ], [ 586400.0, 5848080.0 ], [ 586360.0, 5848080.0 ], [ 586360.0, 5848200.0 ], [ 586400.0, 5848200.0 ], [ 586400.0, 5848240.0 ] ], [ [ 586240.0, 5848200.0 ], [ 586280.0, 5848200.0 ], [ 586280.0, 5848160.0 ], [ 586240.0, 5848160.0 ], [ 586240.0, 5848200.0 ] ], [ [ 586520.0, 5848200.0 ], [ 586560.0, 5848200.0 ], [ 586560.0, 5847920.0 ], [ 586480.0, 5847920.0 ], [ 586480.0, 5848000.0 ], [ 586520.0, 5848000.0 ], [ 586520.0, 5848080.0 ], [ 586480.0, 5848080.0 ], [ 586480.0, 5848120.0 ], [ 586520.0, 5848120.0 ], [ 586520.0, 5848200.0 ] ], [ [ 586120.0, 5848160.0 ], [ 586200.0, 5848160.0 ], [ 586200.0, 5848040.0 ], [ 586240.0, 5848040.0 ], [ 586240.0, 5848000.0 ], [ 586280.0, 5848000.0 ], [ 586280.0, 5847960.0 ], [ 586320.0, 5847960.0 ], [ 586320.0, 5847920.0 ], [ 586360.0, 5847920.0 ], [ 586360.0, 5847880.0 ], [ 586280.0, 5847880.0 ], [ 586280.0, 5847920.0 ], [ 586240.0, 5847920.0 ], [ 586240.0, 5847960.0 ], [ 586200.0, 5847960.0 ], [ 586200.0, 5848000.0 ], [ 586160.0, 5848000.0 ], [ 586160.0, 5848040.0 ], [ 586120.0, 5848040.0 ], [ 586120.0, 5848160.0 ] ], [ [ 586640.0, 5848160.0 ], [ 586680.0, 5848160.0 ], [ 586680.0, 5847880.0 ], [ 586640.0, 5847880.0 ], [ 586640.0, 5847920.0 ], [ 586600.0, 5847920.0 ], [ 586600.0, 5847960.0 ], [ 586640.0, 5847960.0 ], [ 586640.0, 5848160.0 ] ], [ [ 585800.0, 5848120.0 ], [ 585840.0, 5848120.0 ], [ 585840.0, 5848080.0 ], [ 585800.0, 5848080.0 ], [ 585800.0, 5848120.0 ] ], [ [ 586320.0, 5848080.0 ], [ 586360.0, 5848080.0 ], [ 586360.0, 5848000.0 ], [ 586400.0, 5848000.0 ], [ 586400.0, 5847960.0 ], [ 586320.0, 5847960.0 ], [ 586320.0, 5848080.0 ] ], [ [ 586760.0, 5848040.0 ], [ 586800.0, 5848040.0 ], [ 586800.0, 5847960.0 ], [ 586760.0, 5847960.0 ], [ 586760.0, 5848040.0 ] ], [ [ 586160.0, 5847920.0 ], [ 586200.0, 5847920.0 ], [ 586200.0, 5847880.0 ], [ 586160.0, 5847880.0 ], [ 586160.0, 5847920.0 ] ], [ [ 586200.0, 5847880.0 ], [ 586240.0, 5847880.0 ], [ 586240.0, 5847840.0 ], [ 586200.0, 5847840.0 ], [ 586200.0, 5847880.0 ] ], [ [ 586880.0, 5847880.0 ], [ 586920.0, 5847880.0 ], [ 586920.0, 5847760.0 ], [ 587000.0, 5847760.0 ], [ 587000.0, 5847720.0 ], [ 586880.0, 5847720.0 ], [ 586880.0, 5847880.0 ] ], [ [ 586640.0, 5847840.0 ], [ 586680.0, 5847840.0 ], [ 586680.0, 5847800.0 ], [ 586640.0, 5847800.0 ], [ 586640.0, 5847840.0 ] ], [ [ 586600.0, 5847800.0 ], [ 586640.0, 5847800.0 ], [ 586640.0, 5847720.0 ], [ 586600.0, 5847720.0 ], [ 586600.0, 5847680.0 ], [ 586560.0, 5847680.0 ], [ 586560.0, 5847760.0 ], [ 586600.0, 5847760.0 ], [ 586600.0, 5847800.0 ] ], [ [ 586440.0, 5847760.0 ], [ 586520.0, 5847760.0 ], [ 586520.0, 5847720.0 ], [ 586480.0, 5847720.0 ], [ 586480.0, 5847560.0 ], [ 586440.0, 5847560.0 ], [ 586440.0, 5847760.0 ] ] ] } },
{ "type": "Feature", "properties": { "zone": "D", "name": "Zone D: Upland Baseline (10,750 px)", "code": 4, "n_pixels": 10750 }, "geometry": { "type": "Polygon", "coordinates": [ [ [ 587400.0, 5847400.0 ], [ 587400.0, 5847240.0 ], [ 587440.0, 5847240.0 ], [ 587440.0, 5847160.0 ], [ 587520.0, 5847160.0 ], [ 587520.0, 5847200.0 ], [ 587560.0, 5847200.0 ], [ 587560.0, 5847320.0 ], [ 587640.0, 5847320.0 ], [ 587640.0, 5847360.0 ], [ 587520.0, 5847360.0 ], [ 587520.0, 5847400.0 ], [ 587400.0, 5847400.0 ] ] ] } },
{ "type": "Feature", "properties": { "zone": "D", "name": "Zone D: Upland Baseline (10,750 px)", "code": 4, "n_pixels": 10750 }, "geometry": { "type": "Polygon", "coordinates": [ [ [ 586520.0, 5847240.0 ], [ 586520.0, 5847160.0 ], [ 586560.0, 5847160.0 ], [ 586560.0, 5847240.0 ], [ 586520.0, 5847240.0 ] ] ] } },
{ "type": "Feature", "properties": { "zone": "D", "name": "Zone D: Upland Baseline (10,750 px)", "code": 4, "n_pixels": 10750 }, "geometry": { "type": "Polygon", "coordinates": [ [ [ 586040.0, 5847200.0 ], [ 586040.0, 5847160.0 ], [ 586080.0, 5847160.0 ], [ 586080.0, 5847200.0 ], [ 586040.0, 5847200.0 ] ] ] } },
{ "type": "Feature", "properties": { "zone": "D", "name": "Zone D: Upland Baseline (10,750 px)", "code": 4, "n_pixels": 10750 }, "geometry": { "type": "Polygon", "coordinates": [ [ [ 587840.0, 5847200.0 ], [ 587840.0, 5847160.0 ], [ 587880.0, 5847160.0 ], [ 587880.0, 5847200.0 ], [ 587840.0, 5847200.0 ] ] ] } },
{ "type": "Feature", "properties": { "zone": "D", "name": "Zone D: Upland Baseline (10,750 px)", "code": 4, "n_pixels": 10750 }, "geometry": { "type": "Polygon", "coordinates": [ [ [ 589440.0, 5847200.0 ], [ 589440.0, 5847160.0 ], [ 589480.0, 5847160.0 ], [ 589480.0, 5847200.0 ], [ 589440.0, 5847200.0 ] ] ] } },
{ "type": "Feature", "properties": { "zone": "D", "name": "Zone D: Upland Baseline (10,750 px)", "code": 4, "n_pixels": 10750 }, "geometry": { "type": "Polygon", "coordinates": [ [ [ 589960.0, 5847200.0 ], [ 589960.0, 5847160.0 ], [ 590040.0, 5847160.0 ], [ 590040.0, 5847200.0 ], [ 589960.0, 5847200.0 ] ] ] } },
{ "type": "Feature", "properties": { "zone": "D", "name": "Zone D: Upland Baseline (10,750 px)", "code": 4, "n_pixels": 10750 }, "geometry": { "type": "Polygon", "coordinates": [ [ [ 590280.0, 5847200.0 ], [ 590280.0, 5847160.0 ], [ 590320.0, 5847160.0 ], [ 590320.0, 5847200.0 ], [ 590280.0, 5847200.0 ] ] ] } },
{ "type": "Feature", "properties": { "zone": "D", "name": "Zone D: Upland Baseline (10,750 px)", "code": 4, "n_pixels": 10750 }, "geometry": { "type": "Polygon", "coordinates": [ [ [ 589840.0, 5847200.0 ], [ 589840.0, 5847160.0 ], [ 589760.0, 5847160.0 ], [ 589760.0, 5847120.0 ], [ 589920.0, 5847120.0 ], [ 589920.0, 5847160.0 ], [ 589880.0, 5847160.0 ], [ 589880.0, 5847200.0 ], [ 589840.0, 5847200.0 ] ] ] } },
{ "type": "Feature", "properties": { "zone": "D", "name": "Zone D: Upland Baseline (10,750 px)", "code": 4, "n_pixels": 10750 }, "geometry": { "type": "Polygon", "coordinates": [ [ [ 586040.0, 5847120.0 ], [ 586040.0, 5847080.0 ], [ 586080.0, 5847080.0 ], [ 586080.0, 5847120.0 ], [ 586040.0, 5847120.0 ] ] ] } },
{ "type": "Feature", "properties": { "zone": "D", "name": "Zone D: Upland Baseline (10,750 px)", "code": 4, "n_pixels": 10750 }, "geometry": { "type": "Polygon", "coordinates": [ [ [ 586720.0, 5847120.0 ], [ 586720.0, 5847080.0 ], [ 586760.0, 5847080.0 ], [ 586760.0, 5847120.0 ], [ 586720.0, 5847120.0 ] ] ] } },
{ "type": "Feature", "properties": { "zone": "D", "name": "Zone D: Upland Baseline (10,750 px)", "code": 4, "n_pixels": 10750 }, "geometry": { "type": "Polygon", "coordinates": [ [ [ 586920.0, 5847120.0 ], [ 586920.0, 5847080.0 ], [ 586960.0, 5847080.0 ], [ 586960.0, 5847120.0 ], [ 586920.0, 5847120.0 ] ] ] } },
{ "type": "Feature", "properties": { "zone": "D", "name": "Zone D: Upland Baseline (10,750 px)", "code": 4, "n_pixels": 10750 }, "geometry": { "type": "Polygon", "coordinates": [ [ [ 589760.0, 5847080.0 ], [ 589760.0, 5847040.0 ], [ 589800.0, 5847040.0 ], [ 589800.0, 5847080.0 ], [ 589760.0, 5847080.0 ] ] ] } },
{ "type": "Feature", "properties": { "zone": "D", "name": "Zone D: Upland Baseline (10,750 px)", "code": 4, "n_pixels": 10750 }, "geometry": { "type": "Polygon", "coordinates": [ [ [ 588400.0, 5847240.0 ], [ 588400.0, 5847200.0 ], [ 588360.0, 5847200.0 ], [ 588360.0, 5847160.0 ], [ 588320.0, 5847160.0 ], [ 588320.0, 5847200.0 ], [ 588240.0, 5847200.0 ], [ 588240.0, 5847160.0 ], [ 588120.0, 5847160.0 ], [ 588120.0, 5847120.0 ], [ 588000.0, 5847120.0 ], [ 588000.0, 5847160.0 ], [ 587920.0, 5847160.0 ], [ 587920.0, 5847120.0 ], [ 587960.0, 5847120.0 ], [ 587960.0, 5847080.0 ], [ 588080.0, 5847080.0 ], [ 588080.0, 5847040.0 ], [ 588160.0, 5847040.0 ], [ 588160.0, 5847000.0 ], [ 588200.0, 5847000.0 ], [ 588200.0, 5847040.0 ], [ 588240.0, 5847040.0 ], [ 588240.0, 5847080.0 ], [ 588280.0, 5847080.0 ], [ 588280.0, 5847120.0 ], [ 588320.0, 5847120.0 ], [ 588320.0, 5847080.0 ], [ 588400.0, 5847080.0 ], [ 588400.0, 5847040.0 ], [ 588520.0, 5847040.0 ], [ 588520.0, 5847160.0 ], [ 588480.0, 5847160.0 ], [ 588480.0, 5847200.0 ], [ 588440.0, 5847200.0 ], [ 588440.0, 5847240.0 ], [ 588400.0, 5847240.0 ] ], [ [ 588400.0, 5847160.0 ], [ 588480.0, 5847160.0 ], [ 588480.0, 5847120.0 ], [ 588400.0, 5847120.0 ], [ 588400.0, 5847160.0 ] ], [ [ 588120.0, 5847120.0 ], [ 588200.0, 5847120.0 ], [ 588200.0, 5847080.0 ], [ 588120.0, 5847080.0 ], [ 588120.0, 5847120.0 ] ] ] } },
{ "type": "Feature", "properties": { "zone": "D", "name": "Zone D: Upland Baseline (10,750 px)", "code": 4, "n_pixels": 10750 }, "geometry": { "type": "Polygon", "coordinates": [ [ [ 590720.0, 5847080.0 ], [ 590720.0, 5847040.0 ], [ 590760.0, 5847040.0 ], [ 590760.0, 5847000.0 ], [ 590840.0, 5847000.0 ], [ 590840.0, 5847080.0 ], [ 590720.0, 5847080.0 ] ] ] } },
{ "type": "Feature", "properties": { "zone": "D", "name": "Zone D: Upland Baseline (10,750 px)", "code": 4, "n_pixels": 10750 }, "geometry": { "type": "Polygon", "coordinates": [ [ [ 586320.0, 5847040.0 ], [ 586320.0, 5847000.0 ], [ 586360.0, 5847000.0 ], [ 586360.0, 5847040.0 ], [ 586320.0, 5847040.0 ] ] ] } },
{ "type": "Feature", "properties": { "zone": "D", "name": "Zone D: Upland Baseline (10,750 px)", "code": 4, "n_pixels": 10750 }, "geometry": { "type": "Polygon", "coordinates": [ [ [ 589680.0, 5847040.0 ], [ 589680.0, 5847000.0 ], [ 589720.0, 5847000.0 ], [ 589720.0, 5847040.0 ], [ 589680.0, 5847040.0 ] ] ] } },
{ "type": "Feature", "properties": { "zone": "D", "name": "Zone D: Upland Baseline (10,750 px)", "code": 4, "n_pixels": 10750 }, "geometry": { "type": "Polygon", "coordinates": [ [ [ 587480.0, 5847000.0 ], [ 587480.0, 5846920.0 ], [ 587520.0, 5846920.0 ], [ 587520.0, 5847000.0 ], [ 587480.0, 5847000.0 ] ] ] } },
{ "type": "Feature", "properties": { "zone": "D", "name": "Zone D: Upland Baseline (10,750 px)", "code": 4, "n_pixels": 10750 }, "geometry": { "type": "Polygon", "coordinates": [ [ [ 586440.0, 5846960.0 ], [ 586440.0, 5846920.0 ], [ 586480.0, 5846920.0 ], [ 586480.0, 5846960.0 ], [ 586440.0, 5846960.0 ] ] ] } },
{ "type": "Feature", "properties": { "zone": "D", "name": "Zone D: Upland Baseline (10,750 px)", "code": 4, "n_pixels": 10750 }, "geometry": { "type": "Polygon", "coordinates": [ [ [ 587600.0, 5846960.0 ], [ 587600.0, 5846920.0 ], [ 587640.0, 5846920.0 ], [ 587640.0, 5846960.0 ], [ 587600.0, 5846960.0 ] ] ] } },
{ "type": "Feature", "properties": { "zone": "D", "name": "Zone D: Upland Baseline (10,750 px)", "code": 4, "n_pixels": 10750 }, "geometry": { "type": "Polygon", "coordinates": [ [ [ 589720.0, 5847000.0 ], [ 589720.0, 5846880.0 ], [ 589760.0, 5846880.0 ], [ 589760.0, 5847000.0 ], [ 589720.0, 5847000.0 ] ] ] } },
{ "type": "Feature", "properties": { "zone": "D", "name": "Zone D: Upland Baseline (10,750 px)", "code": 4, "n_pixels": 10750 }, "geometry": { "type": "Polygon", "coordinates": [ [ [ 587520.0, 5846920.0 ], [ 587520.0, 5846880.0 ], [ 587560.0, 5846880.0 ], [ 587560.0, 5846920.0 ], [ 587520.0, 5846920.0 ] ] ] } },
{ "type": "Feature", "properties": { "zone": "D", "name": "Zone D: Upland Baseline (10,750 px)", "code": 4, "n_pixels": 10750 }, "geometry": { "type": "Polygon", "coordinates": [ [ [ 590320.0, 5847160.0 ], [ 590320.0, 5847040.0 ], [ 590360.0, 5847040.0 ], [ 590360.0, 5846960.0 ], [ 590400.0, 5846960.0 ], [ 590400.0, 5846840.0 ], [ 590440.0, 5846840.0 ], [ 590440.0, 5846800.0 ], [ 590560.0, 5846800.0 ], [ 590560.0, 5846840.0 ], [ 590520.0, 5846840.0 ], [ 590520.0, 5846920.0 ], [ 590480.0, 5846920.0 ], [ 590480.0, 5847040.0 ], [ 590560.0, 5847040.0 ], [ 590560.0, 5847080.0 ], [ 590720.0, 5847080.0 ], [ 590720.0, 5847120.0 ], [ 590600.0, 5847120.0 ], [ 590600.0, 5847160.0 ], [ 590320.0, 5847160.0 ] ] ] } },
{ "type": "Feature", "properties": { "zone": "D", "name": "Zone D: Upland Baseline (10,750 px)", "code": 4, "n_pixels": 10750 }, "geometry": { "type": "Polygon", "coordinates": [ [ [ 587640.0, 5847280.0 ], [ 587640.0, 5847240.0 ], [ 587600.0, 5847240.0 ], [ 587600.0, 5847160.0 ], [ 587520.0, 5847160.0 ], [ 587520.0, 5847120.0 ], [ 587480.0, 5847120.0 ], [ 587480.0, 5847080.0 ], [ 587560.0, 5847080.0 ], [ 587560.0, 5847040.0 ], [ 587520.0, 5847040.0 ], [ 587520.0, 5847000.0 ], [ 587560.0, 5847000.0 ], [ 587560.0, 5846960.0 ], [ 587600.0, 5846960.0 ], [ 587600.0, 5847000.0 ], [ 587680.0, 5847000.0 ], [ 587680.0, 5846920.0 ], [ 587720.0, 5846920.0 ], [ 587720.0, 5846800.0 ], [ 587760.0, 5846800.0 ], [ 587760.0, 5846840.0 ], [ 587800.0, 5846840.0 ], [ 587800.0, 5846920.0 ], [ 587760.0, 5846920.0 ], [ 587760.0, 5847040.0 ], [ 587720.0, 5847040.0 ], [ 587720.0, 5847160.0 ], [ 587760.0, 5847160.0 ], [ 587760.0, 5847200.0 ], [ 587800.0, 5847200.0 ], [ 587800.0, 5847240.0 ], [ 587760.0, 5847240.0 ], [ 587760.0, 5847280.0 ], [ 587640.0, 5847280.0 ] ], [ [ 587560.0, 5847120.0 ], [ 587600.0, 5847120.0 ], [ 587600.0, 5847080.0 ], [ 587560.0, 5847080.0 ], [ 587560.0, 5847120.0 ] ], [ [ 587640.0, 5847120.0 ], [ 587680.0, 5847120.0 ], [ 587680.0, 5847080.0 ], [ 587640.0, 5847080.0 ], [ 587640.0, 5847120.0 ] ], [ [ 587600.0, 5847080.0 ], [ 587640.0, 5847080.0 ], [ 587640.0, 5847040.0 ], [ 587600.0, 5847040.0 ], [ 587600.0, 5847080.0 ] ] ] } },
{ "type": "Feature", "properties": { "zone": "D", "name": "Zone D: Upland Baseline (10,750 px)", "code": 4, "n_pixels": 10750 }, "geometry": { "type": "Polygon", "coordinates": [ [ [ 587640.0, 5846920.0 ], [ 587640.0, 5846880.0 ], [ 587560.0, 5846880.0 ], [ 587560.0, 5846840.0 ], [ 587600.0, 5846840.0 ], [ 587600.0, 5846800.0 ], [ 587640.0, 5846800.0 ], [ 587640.0, 5846840.0 ], [ 587680.0, 5846840.0 ], [ 587680.0, 5846920.0 ], [ 587640.0, 5846920.0 ] ] ] } },
{ "type": "Feature", "properties": { "zone": "D", "name": "Zone D: Upland Baseline (10,750 px)", "code": 4, "n_pixels": 10750 }, "geometry": { "type": "Polygon", "coordinates": [ [ [ 587480.0, 5846840.0 ], [ 587480.0, 5846800.0 ], [ 587520.0, 5846800.0 ], [ 587520.0, 5846840.0 ], [ 587480.0, 5846840.0 ] ] ] } },
{ "type": "Feature", "properties": { "zone": "D", "name": "Zone D: Upland Baseline (10,750 px)", "code": 4, "n_pixels": 10750 }, "geometry": { "type": "Polygon", "coordinates": [ [ [ 589160.0, 5846800.0 ], [ 589160.0, 5846760.0 ], [ 589200.0, 5846760.0 ], [ 589200.0, 5846800.0 ], [ 589160.0, 5846800.0 ] ] ] } },
{ "type": "Feature", "properties": { "zone": "D", "name": "Zone D: Upland Baseline (10,750 px)", "code": 4, "n_pixels": 10750 }, "geometry": { "type": "Polygon", "coordinates": [ [ [ 590840.0, 5846840.0 ], [ 590840.0, 5846720.0 ], [ 591000.0, 5846720.0 ], [ 591000.0, 5846760.0 ], [ 590960.0, 5846760.0 ], [ 590960.0, 5846840.0 ], [ 590840.0, 5846840.0 ] ] ] } },
{ "type": "Feature", "properties": { "zone": "D", "name": "Zone D: Upland Baseline (10,750 px)", "code": 4, "n_pixels": 10750 }, "geometry": { "type": "Polygon", "coordinates": [ [ [ 585760.0, 5846640.0 ], [ 585760.0, 5846600.0 ], [ 585800.0, 5846600.0 ], [ 585800.0, 5846640.0 ], [ 585760.0, 5846640.0 ] ] ] } },
{ "type": "Feature", "properties": { "zone": "D", "name": "Zone D: Upland Baseline (10,750 px)", "code": 4, "n_pixels": 10750 }, "geometry": { "type": "Polygon", "coordinates": [ [ [ 585800.0, 5846560.0 ], [ 585800.0, 5846520.0 ], [ 585840.0, 5846520.0 ], [ 585840.0, 5846560.0 ], [ 585800.0, 5846560.0 ] ] ] } },
{ "type": "Feature", "properties": { "zone": "D", "name": "Zone D: Upland Baseline (10,750 px)", "code": 4, "n_pixels": 10750 }, "geometry": { "type": "Polygon", "coordinates": [ [ [ 586720.0, 5847320.0 ], [ 586720.0, 5847280.0 ], [ 586680.0, 5847280.0 ], [ 586680.0, 5847240.0 ], [ 586640.0, 5847240.0 ], [ 586640.0, 5847160.0 ], [ 586760.0, 5847160.0 ], [ 586760.0, 5847120.0 ], [ 586800.0, 5847120.0 ], [ 586800.0, 5847080.0 ], [ 586760.0, 5847080.0 ], [ 586760.0, 5847040.0 ], [ 586720.0, 5847040.0 ], [ 586720.0, 5847000.0 ], [ 586680.0, 5847000.0 ], [ 586680.0, 5847080.0 ], [ 586640.0, 5847080.0 ], [ 586640.0, 5847040.0 ], [ 586520.0, 5847040.0 ], [ 586520.0, 5847000.0 ], [ 586640.0, 5847000.0 ], [ 586640.0, 5846960.0 ], [ 586600.0, 5846960.0 ], [ 586600.0, 5846920.0 ], [ 586560.0, 5846920.0 ], [ 586560.0, 5846840.0 ], [ 586600.0, 5846840.0 ], [ 586600.0, 5846720.0 ], [ 586640.0, 5846720.0 ], [ 586640.0, 5846600.0 ], [ 586680.0, 5846600.0 ], [ 586680.0, 5846480.0 ], [ 586840.0, 5846480.0 ], [ 586840.0, 5846720.0 ], [ 586800.0, 5846720.0 ], [ 586800.0, 5846840.0 ], [ 586920.0, 5846840.0 ], [ 586920.0, 5846800.0 ], [ 586880.0, 5846800.0 ], [ 586880.0, 5846720.0 ], [ 586960.0, 5846720.0 ], [ 586960.0, 5846760.0 ], [ 587000.0, 5846760.0 ], [ 587000.0, 5846840.0 ], [ 587120.0, 5846840.0 ], [ 587120.0, 5846800.0 ], [ 587200.0, 5846800.0 ], [ 587200.0, 5846840.0 ], [ 587240.0, 5846840.0 ], [ 587240.0, 5846880.0 ], [ 587320.0, 5846880.0 ], [ 587320.0, 5846840.0 ], [ 587440.0, 5846840.0 ], [ 587440.0, 5846880.0 ], [ 587400.0, 5846880.0 ], [ 587400.0, 5847160.0 ], [ 587360.0, 5847160.0 ], [ 587360.0, 5847200.0 ], [ 587320.0, 5847200.0 ], [ 587320.0, 5847320.0 ], [ 587240.0, 5847320.0 ], [ 587240.0, 5847280.0 ], [ 587200.0, 5847280.0 ], [ 587200.0, 5847200.0 ], [ 587160.0, 5847200.0 ], [ 587160.0, 5847160.0 ], [ 587120.0, 5847160.0 ], [ 587120.0, 5847120.0 ], [ 587000.0, 5847120.0 ], [ 587000.0, 5847080.0 ], [ 586960.0, 5847080.0 ], [ 586960.0, 5847040.0 ], [ 586880.0, 5847040.0 ], [ 586880.0, 5847080.0 ], [ 586840.0, 5847080.0 ], [ 586840.0, 5847120.0 ], [ 586920.0, 5847120.0 ], [ 586920.0, 5847200.0 ], [ 586880.0, 5847200.0 ], [ 586880.0, 5847160.0 ], [ 586840.0, 5847160.0 ], [ 586840.0, 5847200.0 ], [ 586800.0, 5847200.0 ], [ 586800.0, 5847240.0 ], [ 586760.0, 5847240.0 ], [ 586760.0, 5847320.0 ], [ 586720.0, 5847320.0 ] ], [ [ 587200.0, 5847200.0 ], [ 587240.0, 5847200.0 ], [ 587240.0, 5847160.0 ], [ 587200.0, 5847160.0 ], [ 587200.0, 5847200.0 ] ], [ [ 587200.0, 5847120.0 ], [ 587240.0, 5847120.0 ], [ 587240.0, 5847080.0 ], [ 587200.0, 5847080.0 ], [ 587200.0, 5847120.0 ] ], [ [ 587080.0, 5847080.0 ], [ 587160.0, 5847080.0 ], [ 587160.0, 5847040.0 ], [ 587200.0, 5847040.0 ], [ 587200.0, 5847000.0 ], [ 587120.0, 5847000.0 ], [ 587120.0, 5847040.0 ], [ 587080.0, 5847040.0 ], [ 587080.0, 5847080.0 ] ], [ [ 587280.0, 5847080.0 ], [ 587360.0, 5847080.0 ], [ 587360.0, 5847040.0 ], [ 587280.0, 5847040.0 ], [ 587280.0, 5847080.0 ] ], [ [ 586920.0, 5846920.0 ], [ 586960.0, 5846920.0 ], [ 586960.0, 5846840.0 ], [ 586920.0, 5846840.0 ], [ 586920.0, 5846920.0 ] ], [ [ 587080.0, 5846920.0 ], [ 587120.0, 5846920.0 ], [ 587120.0, 5846880.0 ], [ 587080.0, 5846880.0 ], [ 587080.0, 5846920.0 ] ] ] } },
{ "type": "Feature", "properties": { "zone": "D", "name": "Zone D: Upland Baseline (10,750 px)", "code": 4, "n_pixels": 10750 }, "geometry": { "type": "Polygon", "coordinates": [ [ [ 586920.0, 5846640.0 ], [ 586920.0, 5846480.0 ], [ 587000.0, 5846480.0 ], [ 587000.0, 5846560.0 ], [ 586960.0, 5846560.0 ], [ 586960.0, 5846640.0 ], [ 586920.0, 5846640.0 ] ] ] } },
{ "type": "Feature", "properties": { "zone": "D", "name": "Zone D: Upland Baseline (10,750 px)", "code": 4, "n_pixels": 10750 }, "geometry": { "type": "Polygon", "coordinates": [ [ [ 586720.0, 5846440.0 ], [ 586720.0, 5846400.0 ], [ 586880.0, 5846400.0 ], [ 586880.0, 5846440.0 ], [ 586720.0, 5846440.0 ] ] ] } },
{ "type": "Feature", "properties": { "zone": "D", "name": "Zone D: Upland Baseline (10,750 px)", "code": 4, "n_pixels": 10750 }, "geometry": { "type": "Polygon", "coordinates": [ [ [ 588720.0, 5846440.0 ], [ 588720.0, 5846400.0 ], [ 588760.0, 5846400.0 ], [ 588760.0, 5846440.0 ], [ 588720.0, 5846440.0 ] ] ] } },
{ "type": "Feature", "properties": { "zone": "D", "name": "Zone D: Upland Baseline (10,750 px)", "code": 4, "n_pixels": 10750 }, "geometry": { "type": "Polygon", "coordinates": [ [ [ 589800.0, 5846440.0 ], [ 589800.0, 5846400.0 ], [ 589840.0, 5846400.0 ], [ 589840.0, 5846440.0 ], [ 589800.0, 5846440.0 ] ] ] } },
{ "type": "Feature", "properties": { "zone": "D", "name": "Zone D: Upland Baseline (10,750 px)", "code": 4, "n_pixels": 10750 }, "geometry": { "type": "Polygon", "coordinates": [ [ [ 587040.0, 5846400.0 ], [ 587040.0, 5846360.0 ], [ 587080.0, 5846360.0 ], [ 587080.0, 5846400.0 ], [ 587040.0, 5846400.0 ] ] ] } },
{ "type": "Feature", "properties": { "zone": "D", "name": "Zone D: Upland Baseline (10,750 px)", "code": 4, "n_pixels": 10750 }, "geometry": { "type": "Polygon", "coordinates": [ [ [ 585720.0, 5847880.0 ], [ 585720.0, 5847840.0 ], [ 585760.0, 5847840.0 ], [ 585760.0, 5847800.0 ], [ 585720.0, 5847800.0 ], [ 585720.0, 5847320.0 ], [ 585760.0, 5847320.0 ], [ 585760.0, 5847160.0 ], [ 585720.0, 5847160.0 ], [ 585720.0, 5847000.0 ], [ 585760.0, 5847000.0 ], [ 585760.0, 5846960.0 ], [ 585800.0, 5846960.0 ], [ 585800.0, 5846800.0 ], [ 585840.0, 5846800.0 ], [ 585840.0, 5846720.0 ], [ 585880.0, 5846720.0 ], [ 585880.0, 5846680.0 ], [ 585800.0, 5846680.0 ], [ 585800.0, 5846640.0 ], [ 585920.0, 5846640.0 ], [ 585920.0, 5846360.0 ], [ 585960.0, 5846360.0 ], [ 585960.0, 5846320.0 ], [ 586040.0, 5846320.0 ], [ 586040.0, 5846360.0 ], [ 586240.0, 5846360.0 ], [ 586240.0, 5846400.0 ], [ 586280.0, 5846400.0 ], [ 586280.0, 5846360.0 ], [ 586360.0, 5846360.0 ], [ 586360.0, 5846400.0 ], [ 586400.0, 5846400.0 ], [ 586400.0, 5846520.0 ], [ 586360.0, 5846520.0 ], [ 586360.0, 5846560.0 ], [ 586400.0, 5846560.0 ], [ 586400.0, 5846600.0 ], [ 586360.0, 5846600.0 ], [ 586360.0, 5846640.0 ], [ 586400.0, 5846640.0 ], [ 586400.0, 5846680.0 ], [ 586360.0, 5846680.0 ], [ 586360.0, 5846720.0 ], [ 586280.0, 5846720.0 ], [ 586280.0, 5846680.0 ], [ 586200.0, 5846680.0 ], [ 586200.0, 5846640.0 ], [ 586080.0, 5846640.0 ], [ 586080.0, 5846680.0 ], [ 586120.0, 5846680.0 ], [ 586120.0, 5846720.0 ], [ 586160.0, 5846720.0 ], [ 586160.0, 5846760.0 ], [ 586280.0, 5846760.0 ], [ 586280.0, 5846800.0 ], [ 586320.0, 5846800.0 ], [ 586320.0, 5846960.0 ], [ 586280.0, 5846960.0 ], [ 586280.0, 5847080.0 ], [ 586320.0, 5847080.0 ], [ 586320.0, 5847120.0 ], [ 586400.0, 5847120.0 ], [ 586400.0, 5847360.0 ], [ 586360.0, 5847360.0 ], [ 586360.0, 5847320.0 ], [ 586200.0, 5847320.0 ], [ 586200.0, 5847280.0 ], [ 586160.0, 5847280.0 ], [ 586160.0, 5846960.0 ], [ 586040.0, 5846960.0 ], [ 586040.0, 5847000.0 ], [ 586000.0, 5847000.0 ], [ 586000.0, 5847080.0 ], [ 585960.0, 5847080.0 ], [ 585960.0, 5847280.0 ], [ 585920.0, 5847280.0 ], [ 585920.0, 5847240.0 ], [ 585880.0, 5847240.0 ], [ 585880.0, 5847280.0 ], [ 585840.0, 5847280.0 ], [ 585840.0, 5847360.0 ], [ 585920.0, 5847360.0 ], [ 585920.0, 5847520.0 ], [ 585880.0, 5847520.0 ], [ 585880.0, 5847440.0 ], [ 585800.0, 5847440.0 ], [ 585800.0, 5847560.0 ], [ 585880.0, 5847560.0 ], [ 585880.0, 5847720.0 ], [ 585840.0, 5847720.0 ], [ 585840.0, 5847800.0 ], [ 585800.0, 5847800.0 ], [ 585800.0, 5847880.0 ], [ 585720.0, 5847880.0 ] ], [ [ 585840.0, 5847160.0 ], [ 585880.0, 5847160.0 ], [ 585880.0, 5847080.0 ], [ 585840.0, 5847080.0 ], [ 585840.0, 5847160.0 ] ], [ [ 586200.0, 5847160.0 ], [ 586240.0, 5847160.0 ], [ 586240.0, 5847120.0 ], [ 586200.0, 5847120.0 ], [ 586200.0, 5847160.0 ] ], [ [ 586080.0, 5846920.0 ], [ 586120.0, 5846920.0 ], [ 586120.0, 5846880.0 ], [ 586160.0, 5846880.0 ], [ 586160.0, 5846840.0 ], [ 586080.0, 5846840.0 ], [ 586080.0, 5846920.0 ] ], [ [ 586120.0, 5846800.0 ], [ 586160.0, 5846800.0 ], [ 586160.0, 5846760.0 ], [ 586120.0, 5846760.0 ], [ 586120.0, 5846800.0 ] ], [ [ 586040.0, 5846720.0 ], [ 586080.0, 5846720.0 ], [ 586080.0, 5846680.0 ], [ 586040.0, 5846680.0 ], [ 586040.0, 5846720.0 ] ], [ [ 586200.0, 5846480.0 ], [ 586240.0, 5846480.0 ], [ 586240.0, 5846440.0 ], [ 586200.0, 5846440.0 ], [ 586200.0, 5846480.0 ] ] ] } },
{ "type": "Feature", "properties": { "zone": "D", "name": "Zone D: Upland Baseline (10,750 px)", "code": 4, "n_pixels": 10750 }, "geometry": { "type": "Polygon", "coordinates": [ [ [ 587640.0, 5846800.0 ], [ 587640.0, 5846760.0 ], [ 587680.0, 5846760.0 ], [ 587680.0, 5846720.0 ], [ 587760.0, 5846720.0 ], [ 587760.0, 5846680.0 ], [ 587720.0, 5846680.0 ], [ 587720.0, 5846600.0 ], [ 587840.0, 5846600.0 ], [ 587840.0, 5846560.0 ], [ 588000.0, 5846560.0 ], [ 588000.0, 5846600.0 ], [ 588040.0, 5846600.0 ], [ 588040.0, 5846480.0 ], [ 588080.0, 5846480.0 ], [ 588080.0, 5846440.0 ], [ 588120.0, 5846440.0 ], [ 588120.0, 5846400.0 ], [ 588160.0, 5846400.0 ], [ 588160.0, 5846360.0 ], [ 588200.0, 5846360.0 ], [ 588200.0, 5846320.0 ], [ 588240.0, 5846320.0 ], [ 588240.0, 5846400.0 ], [ 588200.0, 5846400.0 ], [ 588200.0, 5846480.0 ], [ 588160.0, 5846480.0 ], [ 588160.0, 5846520.0 ], [ 588120.0, 5846520.0 ], [ 588120.0, 5846600.0 ], [ 588160.0, 5846600.0 ], [ 588160.0, 5846720.0 ], [ 588040.0, 5846720.0 ], [ 588040.0, 5846760.0 ], [ 588000.0, 5846760.0 ], [ 588000.0, 5846720.0 ], [ 587800.0, 5846720.0 ], [ 587800.0, 5846800.0 ], [ 587760.0, 5846800.0 ], [ 587760.0, 5846760.0 ], [ 587720.0, 5846760.0 ], [ 587720.0, 5846800.0 ], [ 587640.0, 5846800.0 ] ], [ [ 587880.0, 5846640.0 ], [ 587920.0, 5846640.0 ], [ 587920.0, 5846600.0 ], [ 587880.0, 5846600.0 ], [ 587880.0, 5846640.0 ] ], [ [ 587960.0, 5846640.0 ], [ 588000.0, 5846640.0 ], [ 588000.0, 5846600.0 ], [ 587960.0, 5846600.0 ], [ 587960.0, 5846640.0 ] ] ] } },
{ "type": "Feature", "properties": { "zone": "D", "name": "Zone D: Upland Baseline (10,750 px)", "code": 4, "n_pixels": 10750 }, "geometry": { "type": "Polygon", "coordinates": [ [ [ 586440.0, 5846880.0 ], [ 586440.0, 5846840.0 ], [ 586400.0, 5846840.0 ], [ 586400.0, 5846720.0 ], [ 586480.0, 5846720.0 ], [ 586480.0, 5846480.0 ], [ 586520.0, 5846480.0 ], [ 586520.0, 5846400.0 ], [ 586480.0, 5846400.0 ], [ 586480.0, 5846360.0 ], [ 586600.0, 5846360.0 ], [ 586600.0, 5846320.0 ], [ 586640.0, 5846320.0 ], [ 586640.0, 5846400.0 ], [ 586600.0, 5846400.0 ], [ 586600.0, 5846520.0 ], [ 586560.0, 5846520.0 ], [ 586560.0, 5846640.0 ], [ 586520.0, 5846640.0 ], [ 586520.0, 5846800.0 ], [ 586480.0, 5846800.0 ], [ 586480.0, 5846880.0 ], [ 586440.0, 5846880.0 ] ] ] } },
{ "type": "Feature", "properties": { "zone": "D", "name": "Zone D: Upland Baseline (10,750 px)", "code": 4, "n_pixels": 10750 }, "geometry": { "type": "Polygon", "coordinates": [ [ [ 585840.0, 5846360.0 ], [ 585840.0, 5846320.0 ], [ 585880.0, 5846320.0 ], [ 585880.0, 5846360.0 ], [ 585840.0, 5846360.0 ] ] ] } },
{ "type": "Feature", "properties": { "zone": "D", "name": "Zone D: Upland Baseline (10,750 px)", "code": 4, "n_pixels": 10750 }, "geometry": { "type": "Polygon", "coordinates": [ [ [ 588680.0, 5846400.0 ], [ 588680.0, 5846360.0 ], [ 588640.0, 5846360.0 ], [ 588640.0, 5846320.0 ], [ 588760.0, 5846320.0 ], [ 588760.0, 5846360.0 ], [ 588720.0, 5846360.0 ], [ 588720.0, 5846400.0 ], [ 588680.0, 5846400.0 ] ] ] } },
{ "type": "Feature", "properties": { "zone": "D", "name": "Zone D: Upland Baseline (10,750 px)", "code": 4, "n_pixels": 10750 }, "geometry": { "type": "Polygon", "coordinates": [ [ [ 585720.0, 5846480.0 ], [ 585720.0, 5846280.0 ], [ 585760.0, 5846280.0 ], [ 585760.0, 5846320.0 ], [ 585800.0, 5846320.0 ], [ 585800.0, 5846360.0 ], [ 585760.0, 5846360.0 ], [ 585760.0, 5846480.0 ], [ 585720.0, 5846480.0 ] ] ] } },
{ "type": "Feature", "properties": { "zone": "D", "name": "Zone D: Upland Baseline (10,750 px)", "code": 4, "n_pixels": 10750 }, "geometry": { "type": "Polygon", "coordinates": [ [ [ 590440.0, 5846360.0 ], [ 590440.0, 5846320.0 ], [ 590480.0, 5846320.0 ], [ 590480.0, 5846280.0 ], [ 590520.0, 5846280.0 ], [ 590520.0, 5846360.0 ], [ 590440.0, 5846360.0 ] ] ] } },
{ "type": "Feature", "properties": { "zone": "D", "name": "Zone D: Upland Baseline (10,750 px)", "code": 4, "n_pixels": 10750 }, "geometry": { "type": "Polygon", "coordinates": [ [ [ 586160.0, 5846320.0 ], [ 586160.0, 5846280.0 ], [ 586200.0, 5846280.0 ], [ 586200.0, 5846320.0 ], [ 586160.0, 5846320.0 ] ] ] } },
{ "type": "Feature", "properties": { "zone": "D", "name": "Zone D: Upland Baseline (10,750 px)", "code": 4, "n_pixels": 10750 }, "geometry": { "type": "Polygon", "coordinates": [ [ [ 588600.0, 5846320.0 ], [ 588600.0, 5846280.0 ], [ 588640.0, 5846280.0 ], [ 588640.0, 5846320.0 ], [ 588600.0, 5846320.0 ] ] ] } },
{ "type": "Feature", "properties": { "zone": "D", "name": "Zone D: Upland Baseline (10,750 px)", "code": 4, "n_pixels": 10750 }, "geometry": { "type": "Polygon", "coordinates": [ [ [ 588240.0, 5846320.0 ], [ 588240.0, 5846280.0 ], [ 588320.0, 5846280.0 ], [ 588320.0, 5846240.0 ], [ 588360.0, 5846240.0 ], [ 588360.0, 5846320.0 ], [ 588240.0, 5846320.0 ] ] ] } },
{ "type": "Feature", "properties": { "zone": "D", "name": "Zone D: Upland Baseline (10,750 px)", "code": 4, "n_pixels": 10750 }, "geometry": { "type": "Polygon", "coordinates": [ [ [ 588520.0, 5846320.0 ], [ 588520.0, 5846240.0 ], [ 588600.0, 5846240.0 ], [ 588600.0, 5846280.0 ], [ 588560.0, 5846280.0 ], [ 588560.0, 5846320.0 ], [ 588520.0, 5846320.0 ] ] ] } },
{ "type": "Feature", "properties": { "zone": "D", "name": "Zone D: Upland Baseline (10,750 px)", "code": 4, "n_pixels": 10750 }, "geometry": { "type": "Polygon", "coordinates": [ [ [ 588800.0, 5846360.0 ], [ 588800.0, 5846320.0 ], [ 588760.0, 5846320.0 ], [ 588760.0, 5846280.0 ], [ 588840.0, 5846280.0 ], [ 588840.0, 5846320.0 ], [ 588880.0, 5846320.0 ], [ 588880.0, 5846280.0 ], [ 588920.0, 5846280.0 ], [ 588920.0, 5846240.0 ], [ 588960.0, 5846240.0 ], [ 588960.0, 5846320.0 ], [ 588920.0, 5846320.0 ], [ 588920.0, 5846360.0 ], [ 588800.0, 5846360.0 ] ] ] } },
{ "type": "Feature", "properties": { "zone": "D", "name": "Zone D: Upland Baseline (10,750 px)", "code": 4, "n_pixels": 10750 }, "geometry": { "type": "Polygon", "coordinates": [ [ [ 585920.0, 5846280.0 ], [ 585920.0, 5846240.0 ], [ 586120.0, 5846240.0 ], [ 586120.0, 5846280.0 ], [ 585920.0, 5846280.0 ] ] ] } },
{ "type": "Feature", "properties": { "zone": "D", "name": "Zone D: Upland Baseline (10,750 px)", "code": 4, "n_pixels": 10750 }, "geometry": { "type": "Polygon", "coordinates": [ [ [ 590240.0, 5846320.0 ], [ 590240.0, 5846200.0 ], [ 590280.0, 5846200.0 ], [ 590280.0, 5846320.0 ], [ 590240.0, 5846320.0 ] ] ] } },
{ "type": "Feature", "properties": { "zone": "D", "name": "Zone D: Upland Baseline (10,750 px)", "code": 4, "n_pixels": 10750 }, "geometry": { "type": "Polygon", "coordinates": [ [ [ 586640.0, 5846280.0 ], [ 586640.0, 5846200.0 ], [ 586680.0, 5846200.0 ], [ 586680.0, 5846280.0 ], [ 586640.0, 5846280.0 ] ] ] } },
{ "type": "Feature", "properties": { "zone": "D", "name": "Zone D: Upland Baseline (10,750 px)", "code": 4, "n_pixels": 10750 }, "geometry": { "type": "Polygon", "coordinates": [ [ [ 585720.0, 5846240.0 ], [ 585720.0, 5846200.0 ], [ 585840.0, 5846200.0 ], [ 585840.0, 5846240.0 ], [ 585720.0, 5846240.0 ] ] ] } },
{ "type": "Feature", "properties": { "zone": "D", "name": "Zone D: Upland Baseline (10,750 px)", "code": 4, "n_pixels": 10750 }, "geometry": { "type": "Polygon", "coordinates": [ [ [ 588120.0, 5846240.0 ], [ 588120.0, 5846200.0 ], [ 588160.0, 5846200.0 ], [ 588160.0, 5846240.0 ], [ 588120.0, 5846240.0 ] ] ] } },
{ "type": "Feature", "properties": { "zone": "D", "name": "Zone D: Upland Baseline (10,750 px)", "code": 4, "n_pixels": 10750 }, "geometry": { "type": "Polygon", "coordinates": [ [ [ 588960.0, 5846240.0 ], [ 588960.0, 5846200.0 ], [ 589000.0, 5846200.0 ], [ 589000.0, 5846240.0 ], [ 588960.0, 5846240.0 ] ] ] } },
{ "type": "Feature", "properties": { "zone": "D", "name": "Zone D: Upland Baseline (10,750 px)", "code": 4, "n_pixels": 10750 }, "geometry": { "type": "Polygon", "coordinates": [ [ [ 587240.0, 5846840.0 ], [ 587240.0, 5846800.0 ], [ 587200.0, 5846800.0 ], [ 587200.0, 5846760.0 ], [ 587240.0, 5846760.0 ], [ 587240.0, 5846720.0 ], [ 587160.0, 5846720.0 ], [ 587160.0, 5846760.0 ], [ 587040.0, 5846760.0 ], [ 587040.0, 5846720.0 ], [ 587000.0, 5846720.0 ], [ 587000.0, 5846640.0 ], [ 587040.0, 5846640.0 ], [ 587040.0, 5846600.0 ], [ 587080.0, 5846600.0 ], [ 587080.0, 5846480.0 ], [ 587200.0, 5846480.0 ], [ 587200.0, 5846400.0 ], [ 587280.0, 5846400.0 ], [ 587280.0, 5846360.0 ], [ 587360.0, 5846360.0 ], [ 587360.0, 5846240.0 ], [ 587320.0, 5846240.0 ], [ 587320.0, 5846320.0 ], [ 587240.0, 5846320.0 ], [ 587240.0, 5846360.0 ], [ 587200.0, 5846360.0 ], [ 587200.0, 5846280.0 ], [ 587240.0, 5846280.0 ], [ 587240.0, 5846240.0 ], [ 587280.0, 5846240.0 ], [ 587280.0, 5846160.0 ], [ 587360.0, 5846160.0 ], [ 587360.0, 5846200.0 ], [ 587480.0, 5846200.0 ], [ 587480.0, 5846240.0 ], [ 587600.0, 5846240.0 ], [ 587600.0, 5846200.0 ], [ 587760.0, 5846200.0 ], [ 587760.0, 5846240.0 ], [ 587800.0, 5846240.0 ], [ 587800.0, 5846200.0 ], [ 587840.0, 5846200.0 ], [ 587840.0, 5846240.0 ], [ 587920.0, 5846240.0 ], [ 587920.0, 5846200.0 ], [ 588040.0, 5846200.0 ], [ 588040.0, 5846280.0 ], [ 588080.0, 5846280.0 ], [ 588080.0, 5846360.0 ], [ 588040.0, 5846360.0 ], [ 588040.0, 5846400.0 ], [ 587920.0, 5846400.0 ], [ 587920.0, 5846440.0 ], [ 587840.0, 5846440.0 ], [ 587840.0, 5846480.0 ], [ 587800.0, 5846480.0 ], [ 587800.0, 5846520.0 ], [ 587720.0, 5846520.0 ], [ 587720.0, 5846480.0 ], [ 587680.0, 5846480.0 ], [ 587680.0, 5846520.0 ], [ 587640.0, 5846520.0 ], [ 587640.0, 5846640.0 ], [ 587600.0, 5846640.0 ], [ 587600.0, 5846680.0 ], [ 587560.0, 5846680.0 ], [ 587560.0, 5846800.0 ], [ 587520.0, 5846800.0 ], [ 587520.0, 5846760.0 ], [ 587440.0, 5846760.0 ], [ 587440.0, 5846800.0 ], [ 587320.0, 5846800.0 ], [ 587320.0, 5846840.0 ], [ 587240.0, 5846840.0 ] ], [ [ 587200.0, 5846640.0 ], [ 587240.0, 5846640.0 ], [ 587240.0, 5846600.0 ], [ 587200.0, 5846600.0 ], [ 587200.0, 5846640.0 ] ], [ [ 587360.0, 5846640.0 ], [ 587480.0, 5846640.0 ], [ 587480.0, 5846600.0 ], [ 587360.0, 5846600.0 ], [ 587360.0, 5846640.0 ] ], [ [ 587560.0, 5846640.0 ], [ 587600.0, 5846640.0 ], [ 587600.0, 5846600.0 ], [ 587560.0, 5846600.0 ], [ 587560.0, 5846640.0 ] ], [ [ 587360.0, 5846560.0 ], [ 587440.0, 5846560.0 ], [ 587440.0, 5846520.0 ], [ 587360.0, 5846520.0 ], [ 587360.0, 5846560.0 ] ], [ [ 587440.0, 5846440.0 ], [ 587480.0, 5846440.0 ], [ 587480.0, 5846320.0 ], [ 587440.0, 5846320.0 ], [ 587440.0, 5846440.0 ] ], [ [ 587520.0, 5846440.0 ], [ 587560.0, 5846440.0 ], [ 587560.0, 5846360.0 ], [ 587520.0, 5846360.0 ], [ 587520.0, 5846440.0 ] ], [ [ 587600.0, 5846440.0 ], [ 587640.0, 5846440.0 ], [ 587640.0, 5846400.0 ], [ 587600.0, 5846400.0 ], [ 587600.0, 5846440.0 ] ], [ [ 587560.0, 5846360.0 ], [ 587600.0, 5846360.0 ], [ 587600.0, 5846320.0 ], [ 587560.0, 5846320.0 ], [ 587560.0, 5846360.0 ] ], [ [ 587680.0, 5846360.0 ], [ 587720.0, 5846360.0 ], [ 587720.0, 5846320.0 ], [ 587680.0, 5846320.0 ], [ 587680.0, 5846360.0 ] ] ] } },
{ "type": "Feature", "properties": { "zone": "D", "name": "Zone D: Upland Baseline (10,750 px)", "code": 4, "n_pixels": 10750 }, "geometry": { "type": "Polygon", "coordinates": [ [ [ 586240.0, 5846280.0 ], [ 586240.0, 5846160.0 ], [ 586280.0, 5846160.0 ], [ 586280.0, 5846280.0 ], [ 586240.0, 5846280.0 ] ] ] } },
{ "type": "Feature", "properties": { "zone": "D", "name": "Zone D: Upland Baseline (10,750 px)", "code": 4, "n_pixels": 10750 }, "geometry": { "type": "Polygon", "coordinates": [ [ [ 589880.0, 5846240.0 ], [ 589880.0, 5846160.0 ], [ 589920.0, 5846160.0 ], [ 589920.0, 5846240.0 ], [ 589880.0, 5846240.0 ] ] ] } },
{ "type": "Feature", "properties": { "zone": "D", "name": "Zone D: Upland Baseline (10,750 px)", "code": 4, "n_pixels": 10750 }, "geometry": { "type": "Polygon", "coordinates": [ [ [ 585840.0, 5846200.0 ], [ 585840.0, 5846160.0 ], [ 585880.0, 5846160.0 ], [ 585880.0, 5846200.0 ], [ 585840.0, 5846200.0 ] ] ] } },
{ "type": "Feature", "properties": { "zone": "D", "name": "Zone D: Upland Baseline (10,750 px)", "code": 4, "n_pixels": 10750 }, "geometry": { "type": "Polygon", "coordinates": [ [ [ 588720.0, 5846200.0 ], [ 588720.0, 5846160.0 ], [ 588760.0, 5846160.0 ], [ 588760.0, 5846200.0 ], [ 588720.0, 5846200.0 ] ] ] } },
{ "type": "Feature", "properties": { "zone": "D", "name": "Zone D: Upland Baseline (10,750 px)", "code": 4, "n_pixels": 10750 }, "geometry": { "type": "Polygon", "coordinates": [ [ [ 588600.0, 5846160.0 ], [ 588600.0, 5846120.0 ], [ 588680.0, 5846120.0 ], [ 588680.0, 5846160.0 ], [ 588600.0, 5846160.0 ] ] ] } },
{ "type": "Feature", "properties": { "zone": "D", "name": "Zone D: Upland Baseline (10,750 px)", "code": 4, "n_pixels": 10750 }, "geometry": { "type": "Polygon", "coordinates": [ [ [ 590280.0, 5846160.0 ], [ 590280.0, 5846120.0 ], [ 590320.0, 5846120.0 ], [ 590320.0, 5846160.0 ], [ 590280.0, 5846160.0 ] ] ] } },
{ "type": "Feature", "properties": { "zone": "D", "name": "Zone D: Upland Baseline (10,750 px)", "code": 4, "n_pixels": 10750 }, "geometry": { "type": "Polygon", "coordinates": [ [ [ 586280.0, 5846120.0 ], [ 586280.0, 5846080.0 ], [ 586320.0, 5846080.0 ], [ 586320.0, 5846120.0 ], [ 586280.0, 5846120.0 ] ] ] } },
{ "type": "Feature", "properties": { "zone": "D", "name": "Zone D: Upland Baseline (10,750 px)", "code": 4, "n_pixels": 10750 }, "geometry": { "type": "Polygon", "coordinates": [ [ [ 588800.0, 5846200.0 ], [ 588800.0, 5846160.0 ], [ 588760.0, 5846160.0 ], [ 588760.0, 5846120.0 ], [ 588800.0, 5846120.0 ], [ 588800.0, 5846080.0 ], [ 588840.0, 5846080.0 ], [ 588840.0, 5846040.0 ], [ 588880.0, 5846040.0 ], [ 588880.0, 5846200.0 ], [ 588800.0, 5846200.0 ] ] ] } },
{ "type": "Feature", "properties": { "zone": "D", "name": "Zone D: Upland Baseline (10,750 px)", "code": 4, "n_pixels": 10750 }, "geometry": { "type": "Polygon", "coordinates": [ [ [ 586680.0, 5846120.0 ], [ 586680.0, 5846040.0 ], [ 586720.0, 5846040.0 ], [ 586720.0, 5846120.0 ], [ 586680.0, 5846120.0 ] ] ] } },
{ "type": "Feature", "properties": { "zone": "D", "name": "Zone D: Upland Baseline (10,750 px)", "code": 4, "n_pixels": 10750 }, "geometry": { "type": "Polygon", "coordinates": [ [ [ 590320.0, 5846080.0 ], [ 590320.0, 5846040.0 ], [ 590360.0, 5846040.0 ], [ 590360.0, 5846080.0 ], [ 590320.0, 5846080.0 ] ] ] } },
{ "type": "Feature", "properties": { "zone": "D", "name": "Zone D: Upland Baseline (10,750 px)", "code": 4, "n_pixels": 10750 }, "geometry": { "type": "Polygon", "coordinates": [ [ [ 588200.0, 5846200.0 ], [ 588200.0, 5846160.0 ], [ 588160.0, 5846160.0 ], [ 588160.0, 5846120.0 ], [ 588200.0, 5846120.0 ], [ 588200.0, 5846080.0 ], [ 588240.0, 5846080.0 ], [ 588240.0, 5846000.0 ], [ 588280.0, 5846000.0 ], [ 588280.0, 5846080.0 ], [ 588320.0, 5846080.0 ], [ 588320.0, 5846160.0 ], [ 588280.0, 5846160.0 ], [ 588280.0, 5846200.0 ], [ 588200.0, 5846200.0 ] ] ] } },
{ "type": "Feature", "properties": { "zone": "D", "name": "Zone D: Upland Baseline (10,750 px)", "code": 4, "n_pixels": 10750 }, "geometry": { "type": "Polygon", "coordinates": [ [ [ 588920.0, 5846040.0 ], [ 588920.0, 5846000.0 ], [ 588960.0, 5846000.0 ], [ 588960.0, 5846040.0 ], [ 588920.0, 5846040.0 ] ] ] } },
{ "type": "Feature", "properties": { "zone": "D", "name": "Zone D: Upland Baseline (10,750 px)", "code": 4, "n_pixels": 10750 }, "geometry": { "type": "Polygon", "coordinates": [ [ [ 586320.0, 5846040.0 ], [ 586320.0, 5845920.0 ], [ 586360.0, 5845920.0 ], [ 586360.0, 5846040.0 ], [ 586320.0, 5846040.0 ] ] ] } },
{ "type": "Feature", "properties": { "zone": "D", "name": "Zone D: Upland Baseline (10,750 px)", "code": 4, "n_pixels": 10750 }, "geometry": { "type": "Polygon", "coordinates": [ [ [ 587080.0, 5846280.0 ], [ 587080.0, 5846200.0 ], [ 587120.0, 5846200.0 ], [ 587120.0, 5846120.0 ], [ 587160.0, 5846120.0 ], [ 587160.0, 5846000.0 ], [ 587200.0, 5846000.0 ], [ 587200.0, 5845880.0 ], [ 587480.0, 5845880.0 ], [ 587480.0, 5845920.0 ], [ 587640.0, 5845920.0 ], [ 587640.0, 5845960.0 ], [ 587760.0, 5845960.0 ], [ 587760.0, 5846000.0 ], [ 587920.0, 5846000.0 ], [ 587920.0, 5845960.0 ], [ 587960.0, 5845960.0 ], [ 587960.0, 5846000.0 ], [ 588040.0, 5846000.0 ], [ 588040.0, 5846040.0 ], [ 588080.0, 5846040.0 ], [ 588080.0, 5846080.0 ], [ 588160.0, 5846080.0 ], [ 588160.0, 5846120.0 ], [ 588120.0, 5846120.0 ], [ 588120.0, 5846160.0 ], [ 588080.0, 5846160.0 ], [ 588080.0, 5846120.0 ], [ 587920.0, 5846120.0 ], [ 587920.0, 5846160.0 ], [ 587840.0, 5846160.0 ], [ 587840.0, 5846120.0 ], [ 587800.0, 5846120.0 ], [ 587800.0, 5846160.0 ], [ 587520.0, 5846160.0 ], [ 587520.0, 5846120.0 ], [ 587480.0, 5846120.0 ], [ 587480.0, 5846160.0 ], [ 587400.0, 5846160.0 ], [ 587400.0, 5846120.0 ], [ 587360.0, 5846120.0 ], [ 587360.0, 5846080.0 ], [ 587240.0, 5846080.0 ], [ 587240.0, 5846120.0 ], [ 587200.0, 5846120.0 ], [ 587200.0, 5846200.0 ], [ 587160.0, 5846200.0 ], [ 587160.0, 5846240.0 ], [ 587120.0, 5846240.0 ], [ 587120.0, 5846280.0 ], [ 587080.0, 5846280.0 ] ] ] } },
{ "type": "Feature", "properties": { "zone": "D", "name": "Zone D: Upland Baseline (10,750 px)", "code": 4, "n_pixels": 10750 }, "geometry": { "type": "Polygon", "coordinates": [ [ [ 589000.0, 5845960.0 ], [ 589000.0, 5845920.0 ], [ 589040.0, 5845920.0 ], [ 589040.0, 5845840.0 ], [ 589080.0, 5845840.0 ], [ 589080.0, 5845960.0 ], [ 589000.0, 5845960.0 ] ] ] } },
{ "type": "Feature", "properties": { "zone": "D", "name": "Zone D: Upland Baseline (10,750 px)", "code": 4, "n_pixels": 10750 }, "geometry": { "type": "Polygon", "coordinates": [ [ [ 586720.0, 5845920.0 ], [ 586720.0, 5845840.0 ], [ 586760.0, 5845840.0 ], [ 586760.0, 5845920.0 ], [ 586720.0, 5845920.0 ] ] ] } },
{ "type": "Feature", "properties": { "zone": "D", "name": "Zone D: Upland Baseline (10,750 px)", "code": 4, "n_pixels": 10750 }, "geometry": { "type": "Polygon", "coordinates": [ [ [ 586360.0, 5845840.0 ], [ 586360.0, 5845800.0 ], [ 586400.0, 5845800.0 ], [ 586400.0, 5845840.0 ], [ 586360.0, 5845840.0 ] ] ] } },
{ "type": "Feature", "properties": { "zone": "D", "name": "Zone D: Upland Baseline (10,750 px)", "code": 4, "n_pixels": 10750 }, "geometry": { "type": "Polygon", "coordinates": [ [ [ 589000.0, 5845840.0 ], [ 589000.0, 5845800.0 ], [ 589040.0, 5845800.0 ], [ 589040.0, 5845840.0 ], [ 589000.0, 5845840.0 ] ] ] } },
{ "type": "Feature", "properties": { "zone": "D", "name": "Zone D: Upland Baseline (10,750 px)", "code": 4, "n_pixels": 10750 }, "geometry": { "type": "Polygon", "coordinates": [ [ [ 589120.0, 5845880.0 ], [ 589120.0, 5845840.0 ], [ 589080.0, 5845840.0 ], [ 589080.0, 5845800.0 ], [ 589160.0, 5845800.0 ], [ 589160.0, 5845880.0 ], [ 589120.0, 5845880.0 ] ] ] } },
{ "type": "Feature", "properties": { "zone": "D", "name": "Zone D: Upland Baseline (10,750 px)", "code": 4, "n_pixels": 10750 }, "geometry": { "type": "Polygon", "coordinates": [ [ [ 588080.0, 5846040.0 ], [ 588080.0, 5846000.0 ], [ 588040.0, 5846000.0 ], [ 588040.0, 5845960.0 ], [ 588080.0, 5845960.0 ], [ 588080.0, 5845920.0 ], [ 588120.0, 5845920.0 ], [ 588120.0, 5845880.0 ], [ 588160.0, 5845880.0 ], [ 588160.0, 5845840.0 ], [ 588120.0, 5845840.0 ], [ 588120.0, 5845800.0 ], [ 588160.0, 5845800.0 ], [ 588160.0, 5845760.0 ], [ 588200.0, 5845760.0 ], [ 588200.0, 5845920.0 ], [ 588160.0, 5845920.0 ], [ 588160.0, 5846040.0 ], [ 588080.0, 5846040.0 ] ] ] } },
{ "type": "Feature", "properties": { "zone": "D", "name": "Zone D: Upland Baseline (10,750 px)", "code": 4, "n_pixels": 10750 }, "geometry": { "type": "Polygon", "coordinates": [ [ [ 589360.0, 5845800.0 ], [ 589360.0, 5845760.0 ], [ 589400.0, 5845760.0 ], [ 589400.0, 5845800.0 ], [ 589360.0, 5845800.0 ] ] ] } },
{ "type": "Feature", "properties": { "zone": "D", "name": "Zone D: Upland Baseline (10,750 px)", "code": 4, "n_pixels": 10750 }, "geometry": { "type": "Polygon", "coordinates": [ [ [ 588600.0, 5846040.0 ], [ 588600.0, 5845920.0 ], [ 588640.0, 5845920.0 ], [ 588640.0, 5845960.0 ], [ 588680.0, 5845960.0 ], [ 588680.0, 5845920.0 ], [ 588720.0, 5845920.0 ], [ 588720.0, 5845880.0 ], [ 588760.0, 5845880.0 ], [ 588760.0, 5845840.0 ], [ 588800.0, 5845840.0 ], [ 588800.0, 5845720.0 ], [ 588840.0, 5845720.0 ], [ 588840.0, 5845840.0 ], [ 588960.0, 5845840.0 ], [ 588960.0, 5845880.0 ], [ 588920.0, 5845880.0 ], [ 588920.0, 5845960.0 ], [ 588880.0, 5845960.0 ], [ 588880.0, 5845880.0 ], [ 588800.0, 5845880.0 ], [ 588800.0, 5845920.0 ], [ 588760.0, 5845920.0 ], [ 588760.0, 5846040.0 ], [ 588600.0, 5846040.0 ] ] ] } },
{ "type": "Feature", "properties": { "zone": "D", "name": "Zone D: Upland Baseline (10,750 px)", "code": 4, "n_pixels": 10750 }, "geometry": { "type": "Polygon", "coordinates": [ [ [ 588280.0, 5845720.0 ], [ 588280.0, 5845680.0 ], [ 588320.0, 5845680.0 ], [ 588320.0, 5845720.0 ], [ 588280.0, 5845720.0 ] ] ] } },
{ "type": "Feature", "properties": { "zone": "D", "name": "Zone D: Upland Baseline (10,750 px)", "code": 4, "n_pixels": 10750 }, "geometry": { "type": "Polygon", "coordinates": [ [ [ 588360.0, 5845720.0 ], [ 588360.0, 5845680.0 ], [ 588400.0, 5845680.0 ], [ 588400.0, 5845720.0 ], [ 588360.0, 5845720.0 ] ] ] } },
{ "type": "Feature", "properties": { "zone": "D", "name": "Zone D: Upland Baseline (10,750 px)", "code": 4, "n_pixels": 10750 }, "geometry": { "type": "Polygon", "coordinates": [ [ [ 590440.0, 5845720.0 ], [ 590440.0, 5845680.0 ], [ 590480.0, 5845680.0 ], [ 590480.0, 5845720.0 ], [ 590440.0, 5845720.0 ] ] ] } },
{ "type": "Feature", "properties": { "zone": "D", "name": "Zone D: Upland Baseline (10,750 px)", "code": 4, "n_pixels": 10750 }, "geometry": { "type": "Polygon", "coordinates": [ [ [ 588920.0, 5845800.0 ], [ 588920.0, 5845760.0 ], [ 588880.0, 5845760.0 ], [ 588880.0, 5845720.0 ], [ 588920.0, 5845720.0 ], [ 588920.0, 5845640.0 ], [ 588960.0, 5845640.0 ], [ 588960.0, 5845760.0 ], [ 589000.0, 5845760.0 ], [ 589000.0, 5845800.0 ], [ 588920.0, 5845800.0 ] ] ] } },
{ "type": "Feature", "properties": { "zone": "D", "name": "Zone D: Upland Baseline (10,750 px)", "code": 4, "n_pixels": 10750 }, "geometry": { "type": "Polygon", "coordinates": [ [ [ 589040.0, 5845720.0 ], [ 589040.0, 5845640.0 ], [ 589080.0, 5845640.0 ], [ 589080.0, 5845680.0 ], [ 589160.0, 5845680.0 ], [ 589160.0, 5845720.0 ], [ 589040.0, 5845720.0 ] ] ] } },
{ "type": "Feature", "properties": { "zone": "D", "name": "Zone D: Upland Baseline (10,750 px)", "code": 4, "n_pixels": 10750 }, "geometry": { "type": "Polygon", "coordinates": [ [ [ 588320.0, 5845680.0 ], [ 588320.0, 5845640.0 ], [ 588360.0, 5845640.0 ], [ 588360.0, 5845680.0 ], [ 588320.0, 5845680.0 ] ] ] } },
{ "type": "Feature", "properties": { "zone": "D", "name": "Zone D: Upland Baseline (10,750 px)", "code": 4, "n_pixels": 10750 }, "geometry": { "type": "Polygon", "coordinates": [ [ [ 588840.0, 5845680.0 ], [ 588840.0, 5845640.0 ], [ 588880.0, 5845640.0 ], [ 588880.0, 5845680.0 ], [ 588840.0, 5845680.0 ] ] ] } },
{ "type": "Feature", "properties": { "zone": "D", "name": "Zone D: Upland Baseline (10,750 px)", "code": 4, "n_pixels": 10750 }, "geometry": { "type": "Polygon", "coordinates": [ [ [ 588960.0, 5845640.0 ], [ 588960.0, 5845600.0 ], [ 589000.0, 5845600.0 ], [ 589000.0, 5845640.0 ], [ 588960.0, 5845640.0 ] ] ] } },
{ "type": "Feature", "properties": { "zone": "D", "name": "Zone D: Upland Baseline (10,750 px)", "code": 4, "n_pixels": 10750 }, "geometry": { "type": "Polygon", "coordinates": [ [ [ 588200.0, 5845720.0 ], [ 588200.0, 5845680.0 ], [ 588160.0, 5845680.0 ], [ 588160.0, 5845600.0 ], [ 588200.0, 5845600.0 ], [ 588200.0, 5845560.0 ], [ 588240.0, 5845560.0 ], [ 588240.0, 5845720.0 ], [ 588200.0, 5845720.0 ] ] ] } },
{ "type": "Feature", "properties": { "zone": "D", "name": "Zone D: Upland Baseline (10,750 px)", "code": 4, "n_pixels": 10750 }, "geometry": { "type": "Polygon", "coordinates": [ [ [ 590480.0, 5845680.0 ], [ 590480.0, 5845560.0 ], [ 590520.0, 5845560.0 ], [ 590520.0, 5845680.0 ], [ 590480.0, 5845680.0 ] ] ] } },
{ "type": "Feature", "properties": { "zone": "D", "name": "Zone D: Upland Baseline (10,750 px)", "code": 4, "n_pixels": 10750 }, "geometry": { "type": "Polygon", "coordinates": [ [ [ 589120.0, 5845600.0 ], [ 589120.0, 5845560.0 ], [ 589160.0, 5845560.0 ], [ 589160.0, 5845600.0 ], [ 589120.0, 5845600.0 ] ] ] } },
{ "type": "Feature", "properties": { "zone": "D", "name": "Zone D: Upland Baseline (10,750 px)", "code": 4, "n_pixels": 10750 }, "geometry": { "type": "Polygon", "coordinates": [ [ [ 588240.0, 5845560.0 ], [ 588240.0, 5845520.0 ], [ 588280.0, 5845520.0 ], [ 588280.0, 5845560.0 ], [ 588240.0, 5845560.0 ] ] ] } },
{ "type": "Feature", "properties": { "zone": "D", "name": "Zone D: Upland Baseline (10,750 px)", "code": 4, "n_pixels": 10750 }, "geometry": { "type": "Polygon", "coordinates": [ [ [ 586120.0, 5845600.0 ], [ 586120.0, 5845520.0 ], [ 586160.0, 5845520.0 ], [ 586160.0, 5845480.0 ], [ 586240.0, 5845480.0 ], [ 586240.0, 5845560.0 ], [ 586200.0, 5845560.0 ], [ 586200.0, 5845600.0 ], [ 586120.0, 5845600.0 ] ] ] } },
{ "type": "Feature", "properties": { "zone": "D", "name": "Zone D: Upland Baseline (10,750 px)", "code": 4, "n_pixels": 10750 }, "geometry": { "type": "Polygon", "coordinates": [ [ [ 586040.0, 5845560.0 ], [ 586040.0, 5845480.0 ], [ 586080.0, 5845480.0 ], [ 586080.0, 5845560.0 ], [ 586040.0, 5845560.0 ] ] ] } },
{ "type": "Feature", "properties": { "zone": "D", "name": "Zone D: Upland Baseline (10,750 px)", "code": 4, "n_pixels": 10750 }, "geometry": { "type": "Polygon", "coordinates": [ [ [ 590520.0, 5845560.0 ], [ 590520.0, 5845480.0 ], [ 590560.0, 5845480.0 ], [ 590560.0, 5845560.0 ], [ 590520.0, 5845560.0 ] ] ] } },
{ "type": "Feature", "properties": { "zone": "D", "name": "Zone D: Upland Baseline (10,750 px)", "code": 4, "n_pixels": 10750 }, "geometry": { "type": "Polygon", "coordinates": [ [ [ 588200.0, 5845520.0 ], [ 588200.0, 5845480.0 ], [ 588240.0, 5845480.0 ], [ 588240.0, 5845520.0 ], [ 588200.0, 5845520.0 ] ] ] } },
{ "type": "Feature", "properties": { "zone": "D", "name": "Zone D: Upland Baseline (10,750 px)", "code": 4, "n_pixels": 10750 }, "geometry": { "type": "Polygon", "coordinates": [ [ [ 589160.0, 5845560.0 ], [ 589160.0, 5845520.0 ], [ 589080.0, 5845520.0 ], [ 589080.0, 5845480.0 ], [ 589240.0, 5845480.0 ], [ 589240.0, 5845560.0 ], [ 589160.0, 5845560.0 ] ] ] } },
{ "type": "Feature", "properties": { "zone": "D", "name": "Zone D: Upland Baseline (10,750 px)", "code": 4, "n_pixels": 10750 }, "geometry": { "type": "Polygon", "coordinates": [ [ [ 587280.0, 5845480.0 ], [ 587280.0, 5845440.0 ], [ 587360.0, 5845440.0 ], [ 587360.0, 5845480.0 ], [ 587280.0, 5845480.0 ] ] ] } },
{ "type": "Feature", "properties": { "zone": "D", "name": "Zone D: Upland Baseline (10,750 px)", "code": 4, "n_pixels": 10750 }, "geometry": { "type": "Polygon", "coordinates": [ [ [ 588160.0, 5845480.0 ], [ 588160.0, 5845440.0 ], [ 588200.0, 5845440.0 ], [ 588200.0, 5845480.0 ], [ 588160.0, 5845480.0 ] ] ] } },
{ "type": "Feature", "properties": { "zone": "D", "name": "Zone D: Upland Baseline (10,750 px)", "code": 4, "n_pixels": 10750 }, "geometry": { "type": "Polygon", "coordinates": [ [ [ 588600.0, 5845480.0 ], [ 588600.0, 5845440.0 ], [ 588640.0, 5845440.0 ], [ 588640.0, 5845480.0 ], [ 588600.0, 5845480.0 ] ] ] } },
{ "type": "Feature", "properties": { "zone": "D", "name": "Zone D: Upland Baseline (10,750 px)", "code": 4, "n_pixels": 10750 }, "geometry": { "type": "Polygon", "coordinates": [ [ [ 590040.0, 5845480.0 ], [ 590040.0, 5845440.0 ], [ 590080.0, 5845440.0 ], [ 590080.0, 5845480.0 ], [ 590040.0, 5845480.0 ] ] ] } },
{ "type": "Feature", "properties": { "zone": "D", "name": "Zone D: Upland Baseline (10,750 px)", "code": 4, "n_pixels": 10750 }, "geometry": { "type": "Polygon", "coordinates": [ [ [ 590480.0, 5845480.0 ], [ 590480.0, 5845440.0 ], [ 590520.0, 5845440.0 ], [ 590520.0, 5845480.0 ], [ 590480.0, 5845480.0 ] ] ] } },
{ "type": "Feature", "properties": { "zone": "D", "name": "Zone D: Upland Baseline (10,750 px)", "code": 4, "n_pixels": 10750 }, "geometry": { "type": "Polygon", "coordinates": [ [ [ 586040.0, 5845440.0 ], [ 586040.0, 5845400.0 ], [ 586160.0, 5845400.0 ], [ 586160.0, 5845440.0 ], [ 586040.0, 5845440.0 ] ] ] } },
{ "type": "Feature", "properties": { "zone": "D", "name": "Zone D: Upland Baseline (10,750 px)", "code": 4, "n_pixels": 10750 }, "geometry": { "type": "Polygon", "coordinates": [ [ [ 586640.0, 5845440.0 ], [ 586640.0, 5845400.0 ], [ 586680.0, 5845400.0 ], [ 586680.0, 5845440.0 ], [ 586640.0, 5845440.0 ] ] ] } },
{ "type": "Feature", "properties": { "zone": "D", "name": "Zone D: Upland Baseline (10,750 px)", "code": 4, "n_pixels": 10750 }, "geometry": { "type": "Polygon", "coordinates": [ [ [ 589800.0, 5845800.0 ], [ 589800.0, 5845760.0 ], [ 589680.0, 5845760.0 ], [ 589680.0, 5845720.0 ], [ 589720.0, 5845720.0 ], [ 589720.0, 5845680.0 ], [ 589760.0, 5845680.0 ], [ 589760.0, 5845640.0 ], [ 589800.0, 5845640.0 ], [ 589800.0, 5845600.0 ], [ 589760.0, 5845600.0 ], [ 589760.0, 5845560.0 ], [ 589800.0, 5845560.0 ], [ 589800.0, 5845520.0 ], [ 589840.0, 5845520.0 ], [ 589840.0, 5845480.0 ], [ 589880.0, 5845480.0 ], [ 589880.0, 5845440.0 ], [ 589920.0, 5845440.0 ], [ 589920.0, 5845360.0 ], [ 589960.0, 5845360.0 ], [ 589960.0, 5845400.0 ], [ 590000.0, 5845400.0 ], [ 590000.0, 5845480.0 ], [ 589960.0, 5845480.0 ], [ 589960.0, 5845560.0 ], [ 590000.0, 5845560.0 ], [ 590000.0, 5845680.0 ], [ 589920.0, 5845680.0 ], [ 589920.0, 5845720.0 ], [ 589880.0, 5845720.0 ], [ 589880.0, 5845760.0 ], [ 589840.0, 5845760.0 ], [ 589840.0, 5845800.0 ], [ 589800.0, 5845800.0 ] ], [ [ 589760.0, 5845720.0 ], [ 589800.0, 5845720.0 ], [ 589800.0, 5845680.0 ], [ 589760.0, 5845680.0 ], [ 589760.0, 5845720.0 ] ], [ [ 589920.0, 5845640.0 ], [ 589960.0, 5845640.0 ], [ 589960.0, 5845600.0 ], [ 589920.0, 5845600.0 ], [ 589920.0, 5845640.0 ] ] ] } },
{ "type": "Feature", "properties": { "zone": "D", "name": "Zone D: Upland Baseline (10,750 px)", "code": 4, "n_pixels": 10750 }, "geometry": { "type": "Polygon", "coordinates": [ [ [ 589120.0, 5845400.0 ], [ 589120.0, 5845360.0 ], [ 589160.0, 5845360.0 ], [ 589160.0, 5845400.0 ], [ 589120.0, 5845400.0 ] ] ] } },
{ "type": "Feature", "properties": { "zone": "D", "name": "Zone D: Upland Baseline (10,750 px)", "code": 4, "n_pixels": 10750 }, "geometry": { "type": "Polygon", "coordinates": [ [ [ 590920.0, 5845560.0 ], [ 590920.0, 5845520.0 ], [ 590840.0, 5845520.0 ], [ 590840.0, 5845320.0 ], [ 590880.0, 5845320.0 ], [ 590880.0, 5845400.0 ], [ 590920.0, 5845400.0 ], [ 590920.0, 5845480.0 ], [ 590960.0, 5845480.0 ], [ 590960.0, 5845520.0 ], [ 591000.0, 5845520.0 ], [ 591000.0, 5845560.0 ], [ 590920.0, 5845560.0 ] ] ] } },
{ "type": "Feature", "properties": { "zone": "D", "name": "Zone D: Upland Baseline (10,750 px)", "code": 4, "n_pixels": 10750 }, "geometry": { "type": "Polygon", "coordinates": [ [ [ 589880.0, 5845360.0 ], [ 589880.0, 5845320.0 ], [ 589920.0, 5845320.0 ], [ 589920.0, 5845360.0 ], [ 589880.0, 5845360.0 ] ] ] } },
{ "type": "Feature", "properties": { "zone": "D", "name": "Zone D: Upland Baseline (10,750 px)", "code": 4, "n_pixels": 10750 }, "geometry": { "type": "Polygon", "coordinates": [ [ [ 586760.0, 5845520.0 ], [ 586760.0, 5845480.0 ], [ 586680.0, 5845480.0 ], [ 586680.0, 5845440.0 ], [ 586760.0, 5845440.0 ], [ 586760.0, 5845400.0 ], [ 586800.0, 5845400.0 ], [ 586800.0, 5845280.0 ], [ 586880.0, 5845280.0 ], [ 586880.0, 5845360.0 ], [ 586840.0, 5845360.0 ], [ 586840.0, 5845520.0 ], [ 586760.0, 5845520.0 ] ] ] } },
{ "type": "Feature", "properties": { "zone": "D", "name": "Zone D: Upland Baseline (10,750 px)", "code": 4, "n_pixels": 10750 }, "geometry": { "type": "Polygon", "coordinates": [ [ [ 587720.0, 5845440.0 ], [ 587720.0, 5845280.0 ], [ 587800.0, 5845280.0 ], [ 587800.0, 5845360.0 ], [ 587760.0, 5845360.0 ], [ 587760.0, 5845440.0 ], [ 587720.0, 5845440.0 ] ] ] } },
{ "type": "Feature", "properties": { "zone": "D", "name": "Zone D: Upland Baseline (10,750 px)", "code": 4, "n_pixels": 10750 }, "geometry": { "type": "Polygon", "coordinates": [ [ [ 585720.0, 5845320.0 ], [ 585720.0, 5845280.0 ], [ 585760.0, 5845280.0 ], [ 585760.0, 5845320.0 ], [ 585720.0, 5845320.0 ] ] ] } },
{ "type": "Feature", "properties": { "zone": "D", "name": "Zone D: Upland Baseline (10,750 px)", "code": 4, "n_pixels": 10750 }, "geometry": { "type": "Polygon", "coordinates": [ [ [ 590880.0, 5845320.0 ], [ 590880.0, 5845280.0 ], [ 590920.0, 5845280.0 ], [ 590920.0, 5845320.0 ], [ 590880.0, 5845320.0 ] ] ] } },
{ "type": "Feature", "properties": { "zone": "D", "name": "Zone D: Upland Baseline (10,750 px)", "code": 4, "n_pixels": 10750 }, "geometry": { "type": "Polygon", "coordinates": [ [ [ 586720.0, 5845320.0 ], [ 586720.0, 5845240.0 ], [ 586760.0, 5845240.0 ], [ 586760.0, 5845320.0 ], [ 586720.0, 5845320.0 ] ] ] } },
{ "type": "Feature", "properties": { "zone": "D", "name": "Zone D: Upland Baseline (10,750 px)", "code": 4, "n_pixels": 10750 }, "geometry": { "type": "Polygon", "coordinates": [ [ [ 588640.0, 5845440.0 ], [ 588640.0, 5845320.0 ], [ 588680.0, 5845320.0 ], [ 588680.0, 5845200.0 ], [ 588720.0, 5845200.0 ], [ 588720.0, 5845360.0 ], [ 588680.0, 5845360.0 ], [ 588680.0, 5845440.0 ], [ 588640.0, 5845440.0 ] ] ] } },
{ "type": "Feature", "properties": { "zone": "D", "name": "Zone D: Upland Baseline (10,750 px)", "code": 4, "n_pixels": 10750 }, "geometry": { "type": "Polygon", "coordinates": [ [ [ 586080.0, 5845360.0 ], [ 586080.0, 5845200.0 ], [ 586120.0, 5845200.0 ], [ 586120.0, 5845360.0 ], [ 586080.0, 5845360.0 ] ] ] } },
{ "type": "Feature", "properties": { "zone": "D", "name": "Zone D: Upland Baseline (10,750 px)", "code": 4, "n_pixels": 10750 }, "geometry": { "type": "Polygon", "coordinates": [ [ [ 586480.0, 5845400.0 ], [ 586480.0, 5845360.0 ], [ 586400.0, 5845360.0 ], [ 586400.0, 5845320.0 ], [ 586480.0, 5845320.0 ], [ 586480.0, 5845280.0 ], [ 586520.0, 5845280.0 ], [ 586520.0, 5845200.0 ], [ 586600.0, 5845200.0 ], [ 586600.0, 5845240.0 ], [ 586680.0, 5845240.0 ], [ 586680.0, 5845320.0 ], [ 586640.0, 5845320.0 ], [ 586640.0, 5845400.0 ], [ 586480.0, 5845400.0 ] ] ] } },
{ "type": "Feature", "properties": { "zone": "D", "name": "Zone D: Upland Baseline (10,750 px)", "code": 4, "n_pixels": 10750 }, "geometry": { "type": "Polygon", "coordinates": [ [ [ 588600.0, 5847480.0 ], [ 588600.0, 5847400.0 ], [ 588560.0, 5847400.0 ], [ 588560.0, 5847360.0 ], [ 588520.0, 5847360.0 ], [ 588520.0, 5847320.0 ], [ 588600.0, 5847320.0 ], [ 588600.0, 5847280.0 ], [ 588520.0, 5847280.0 ], [ 588520.0, 5847240.0 ], [ 588480.0, 5847240.0 ], [ 588480.0, 5847200.0 ], [ 588560.0, 5847200.0 ], [ 588560.0, 5847240.0 ], [ 588600.0, 5847240.0 ], [ 588600.0, 5847200.0 ], [ 588680.0, 5847200.0 ], [ 588680.0, 5847120.0 ], [ 588760.0, 5847120.0 ], [ 588760.0, 5847160.0 ], [ 588840.0, 5847160.0 ], [ 588840.0, 5847040.0 ], [ 588920.0, 5847040.0 ], [ 588920.0, 5847000.0 ], [ 589000.0, 5847000.0 ], [ 589000.0, 5846960.0 ], [ 589040.0, 5846960.0 ], [ 589040.0, 5846920.0 ], [ 589080.0, 5846920.0 ], [ 589080.0, 5846880.0 ], [ 589120.0, 5846880.0 ], [ 589120.0, 5846840.0 ], [ 589240.0, 5846840.0 ], [ 589240.0, 5846640.0 ], [ 589200.0, 5846640.0 ], [ 589200.0, 5846520.0 ], [ 589240.0, 5846520.0 ], [ 589240.0, 5846440.0 ], [ 589200.0, 5846440.0 ], [ 589200.0, 5846480.0 ], [ 589160.0, 5846480.0 ], [ 589160.0, 5846400.0 ], [ 589200.0, 5846400.0 ], [ 589200.0, 5846320.0 ], [ 589160.0, 5846320.0 ], [ 589160.0, 5846200.0 ], [ 589120.0, 5846200.0 ], [ 589120.0, 5846160.0 ], [ 589080.0, 5846160.0 ], [ 589080.0, 5846200.0 ], [ 589000.0, 5846200.0 ], [ 589000.0, 5846160.0 ], [ 588960.0, 5846160.0 ], [ 588960.0, 5846080.0 ], [ 589040.0, 5846080.0 ], [ 589040.0, 5846040.0 ], [ 589160.0, 5846040.0 ], [ 589160.0, 5846000.0 ], [ 589200.0, 5846000.0 ], [ 589200.0, 5845960.0 ], [ 589240.0, 5845960.0 ], [ 589240.0, 5845920.0 ], [ 589200.0, 5845920.0 ], [ 589200.0, 5845840.0 ], [ 589240.0, 5845840.0 ], [ 589240.0, 5845800.0 ], [ 589200.0, 5845800.0 ], [ 589200.0, 5845760.0 ], [ 589160.0, 5845760.0 ], [ 589160.0, 5845720.0 ], [ 589200.0, 5845720.0 ], [ 589200.0, 5845680.0 ], [ 589240.0, 5845680.0 ], [ 589240.0, 5845640.0 ], [ 589200.0, 5845640.0 ], [ 589200.0, 5845600.0 ], [ 589240.0, 5845600.0 ], [ 589240.0, 5845560.0 ], [ 589320.0, 5845560.0 ], [ 589320.0, 5845520.0 ], [ 589360.0, 5845520.0 ], [ 589360.0, 5845360.0 ], [ 589400.0, 5845360.0 ], [ 589400.0, 5845280.0 ], [ 589440.0, 5845280.0 ], [ 589440.0, 5845240.0 ], [ 589480.0, 5845240.0 ], [ 589480.0, 5845200.0 ], [ 589600.0, 5845200.0 ], [ 589600.0, 5845240.0 ], [ 589560.0, 5845240.0 ], [ 589560.0, 5845320.0 ], [ 589600.0, 5845320.0 ], [ 589600.0, 5845280.0 ], [ 589640.0, 5845280.0 ], [ 589640.0, 5845320.0 ], [ 589680.0, 5845320.0 ], [ 589680.0, 5845360.0 ], [ 589720.0, 5845360.0 ], [ 589720.0, 5845280.0 ], [ 589760.0, 5845280.0 ], [ 589760.0, 5845240.0 ], [ 589880.0, 5845240.0 ], [ 589880.0, 5845320.0 ], [ 589840.0, 5845320.0 ], [ 589840.0, 5845360.0 ], [ 589880.0, 5845360.0 ], [ 589880.0, 5845400.0 ], [ 589840.0, 5845400.0 ], [ 589840.0, 5845440.0 ], [ 589800.0, 5845440.0 ], [ 589800.0, 5845480.0 ], [ 589760.0, 5845480.0 ], [ 589760.0, 5845520.0 ], [ 589720.0, 5845520.0 ], [ 589720.0, 5845560.0 ], [ 589680.0, 5845560.0 ], [ 589680.0, 5845600.0 ], [ 589760.0, 5845600.0 ], [ 589760.0, 5845640.0 ], [ 589720.0, 5845640.0 ], [ 589720.0, 5845680.0 ], [ 589640.0, 5845680.0 ], [ 589640.0, 5845720.0 ], [ 589560.0, 5845720.0 ], [ 589560.0, 5845800.0 ], [ 589720.0, 5845800.0 ], [ 589720.0, 5845840.0 ], [ 589760.0, 5845840.0 ], [ 589760.0, 5845800.0 ], [ 589800.0, 5845800.0 ], [ 589800.0, 5846000.0 ], [ 589840.0, 5846000.0 ], [ 589840.0, 5846240.0 ], [ 589880.0, 5846240.0 ], [ 589880.0, 5846360.0 ], [ 589920.0, 5846360.0 ], [ 589920.0, 5846400.0 ], [ 589840.0, 5846400.0 ], [ 589840.0, 5846320.0 ], [ 589800.0, 5846320.0 ], [ 589800.0, 5846280.0 ], [ 589760.0, 5846280.0 ], [ 589760.0, 5846360.0 ], [ 589800.0, 5846360.0 ], [ 589800.0, 5846400.0 ], [ 589760.0, 5846400.0 ], [ 589760.0, 5846440.0 ], [ 589800.0, 5846440.0 ], [ 589800.0, 5846560.0 ], [ 589640.0, 5846560.0 ], [ 589640.0, 5846520.0 ], [ 589600.0, 5846520.0 ], [ 589600.0, 5846560.0 ], [ 589560.0, 5846560.0 ], [ 589560.0, 5846480.0 ], [ 589520.0, 5846480.0 ], [ 589520.0, 5846440.0 ], [ 589480.0, 5846440.0 ], [ 589480.0, 5846400.0 ], [ 589360.0, 5846400.0 ], [ 589360.0, 5846480.0 ], [ 589320.0, 5846480.0 ], [ 589320.0, 5846520.0 ], [ 589280.0, 5846520.0 ], [ 589280.0, 5846720.0 ], [ 589320.0, 5846720.0 ], [ 589320.0, 5846840.0 ], [ 589280.0, 5846840.0 ], [ 589280.0, 5846880.0 ], [ 589240.0, 5846880.0 ], [ 589240.0, 5846960.0 ], [ 589280.0, 5846960.0 ], [ 589280.0, 5847280.0 ], [ 589160.0, 5847280.0 ], [ 589160.0, 5847320.0 ], [ 589120.0, 5847320.0 ], [ 589120.0, 5847360.0 ], [ 589160.0, 5847360.0 ], [ 589160.0, 5847400.0 ], [ 589080.0, 5847400.0 ], [ 589080.0, 5847440.0 ], [ 588960.0, 5847440.0 ], [ 588960.0, 5847400.0 ], [ 589000.0, 5847400.0 ], [ 589000.0, 5847360.0 ], [ 588960.0, 5847360.0 ], [ 588960.0, 5847240.0 ], [ 588840.0, 5847240.0 ], [ 588840.0, 5847280.0 ], [ 588760.0, 5847280.0 ], [ 588760.0, 5847320.0 ], [ 588880.0, 5847320.0 ], [ 588880.0, 5847360.0 ], [ 588840.0, 5847360.0 ], [ 588840.0, 5847400.0 ], [ 588800.0, 5847400.0 ], [ 588800.0, 5847480.0 ], [ 588600.0, 5847480.0 ] ], [ [ 588640.0, 5847400.0 ], [ 588680.0, 5847400.0 ], [ 588680.0, 5847360.0 ], [ 588640.0, 5847360.0 ], [ 588640.0, 5847400.0 ] ], [ [ 588600.0, 5847360.0 ], [ 588640.0, 5847360.0 ], [ 588640.0, 5847320.0 ], [ 588600.0, 5847320.0 ], [ 588600.0, 5847360.0 ] ], [ [ 588680.0, 5847360.0 ], [ 588720.0, 5847360.0 ], [ 588720.0, 5847320.0 ], [ 588680.0, 5847320.0 ], [ 588680.0, 5847360.0 ] ], [ [ 589000.0, 5847200.0 ], [ 589040.0, 5847200.0 ], [ 589040.0, 5847160.0 ], [ 589160.0, 5847160.0 ], [ 589160.0, 5847200.0 ], [ 589240.0, 5847200.0 ], [ 589240.0, 5847080.0 ], [ 589200.0, 5847080.0 ], [ 589200.0, 5847040.0 ], [ 589120.0, 5847040.0 ], [ 589120.0, 5847120.0 ], [ 589000.0, 5847120.0 ], [ 589000.0, 5847200.0 ] ], [ [ 589040.0, 5847080.0 ], [ 589080.0, 5847080.0 ], [ 589080.0, 5847040.0 ], [ 589040.0, 5847040.0 ], [ 589040.0, 5847080.0 ] ], [ [ 589160.0, 5846960.0 ], [ 589200.0, 5846960.0 ], [ 589200.0, 5846880.0 ], [ 589160.0, 5846880.0 ], [ 589160.0, 5846960.0 ] ], [ [ 589640.0, 5846520.0 ], [ 589680.0, 5846520.0 ], [ 589680.0, 5846480.0 ], [ 589640.0, 5846480.0 ], [ 589640.0, 5846520.0 ] ], [ [ 589680.0, 5846400.0 ], [ 589720.0, 5846400.0 ], [ 589720.0, 5846360.0 ], [ 589680.0, 5846360.0 ], [ 589680.0, 5846400.0 ] ], [ [ 589320.0, 5846280.0 ], [ 589440.0, 5846280.0 ], [ 589440.0, 5846240.0 ], [ 589320.0, 5846240.0 ], [ 589320.0, 5846280.0 ] ], [ [ 589560.0, 5846280.0 ], [ 589640.0, 5846280.0 ], [ 589640.0, 5846240.0 ], [ 589600.0, 5846240.0 ], [ 589600.0, 5846160.0 ], [ 589560.0, 5846160.0 ], [ 589560.0, 5846280.0 ] ], [ [ 589720.0, 5846240.0 ], [ 589760.0, 5846240.0 ], [ 589760.0, 5846160.0 ], [ 589720.0, 5846160.0 ], [ 589720.0, 5846240.0 ] ], [ [ 589280.0, 5846200.0 ], [ 589320.0, 5846200.0 ], [ 589320.0, 5846120.0 ], [ 589280.0, 5846120.0 ], [ 589280.0, 5846000.0 ], [ 589240.0, 5846000.0 ], [ 589240.0, 5846040.0 ], [ 589200.0, 5846040.0 ], [ 589200.0, 5846080.0 ], [ 589240.0, 5846080.0 ], [ 589240.0, 5846160.0 ], [ 589280.0, 5846160.0 ], [ 589280.0, 5846200.0 ] ], [ [ 589640.0, 5846200.0 ], [ 589680.0, 5846200.0 ], [ 589680.0, 5846160.0 ], [ 589640.0, 5846160.0 ], [ 589640.0, 5846200.0 ] ], [ [ 589680.0, 5846160.0 ], [ 589720.0, 5846160.0 ], [ 589720.0, 5846120.0 ], [ 589680.0, 5846120.0 ], [ 589680.0, 5846160.0 ] ], [ [ 589360.0, 5846120.0 ], [ 589440.0, 5846120.0 ], [ 589440.0, 5846000.0 ], [ 589400.0, 5846000.0 ], [ 589400.0, 5846080.0 ], [ 589360.0, 5846080.0 ], [ 589360.0, 5846120.0 ] ], [ [ 589320.0, 5846000.0 ], [ 589360.0, 5846000.0 ], [ 589360.0, 5845960.0 ], [ 589320.0, 5845960.0 ], [ 589320.0, 5846000.0 ] ], [ [ 589440.0, 5846000.0 ], [ 589640.0, 5846000.0 ], [ 589640.0, 5845960.0 ], [ 589560.0, 5845960.0 ], [ 589560.0, 5845920.0 ], [ 589640.0, 5845920.0 ], [ 589640.0, 5845880.0 ], [ 589720.0, 5845880.0 ], [ 589720.0, 5845840.0 ], [ 589600.0, 5845840.0 ], [ 589600.0, 5845880.0 ], [ 589520.0, 5845880.0 ], [ 589520.0, 5845920.0 ], [ 589480.0, 5845920.0 ], [ 589480.0, 5845960.0 ], [ 589440.0, 5845960.0 ], [ 589440.0, 5846000.0 ] ], [ [ 589280.0, 5845960.0 ], [ 589320.0, 5845960.0 ], [ 589320.0, 5845920.0 ], [ 589280.0, 5845920.0 ], [ 589280.0, 5845960.0 ] ], [ [ 589360.0, 5845960.0 ], [ 589400.0, 5845960.0 ], [ 589400.0, 5845920.0 ], [ 589360.0, 5845920.0 ], [ 589360.0, 5845960.0 ] ], [ [ 589400.0, 5845920.0 ], [ 589440.0, 5845920.0 ], [ 589440.0, 5845880.0 ], [ 589400.0, 5845880.0 ], [ 589400.0, 5845920.0 ] ], [ [ 589280.0, 5845880.0 ], [ 589320.0, 5845880.0 ], [ 589320.0, 5845840.0 ], [ 589280.0, 5845840.0 ], [ 589280.0, 5845880.0 ] ], [ [ 589320.0, 5845840.0 ], [ 589440.0, 5845840.0 ], [ 589440.0, 5845720.0 ], [ 589400.0, 5845720.0 ], [ 589400.0, 5845680.0 ], [ 589360.0, 5845680.0 ], [ 589360.0, 5845720.0 ], [ 589280.0, 5845720.0 ], [ 589280.0, 5845760.0 ], [ 589320.0, 5845760.0 ], [ 589320.0, 5845840.0 ] ], [ [ 589480.0, 5845760.0 ], [ 589520.0, 5845760.0 ], [ 589520.0, 5845720.0 ], [ 589480.0, 5845720.0 ], [ 589480.0, 5845760.0 ] ], [ [ 589320.0, 5845680.0 ], [ 589360.0, 5845680.0 ], [ 589360.0, 5845600.0 ], [ 589320.0, 5845600.0 ], [ 589320.0, 5845680.0 ] ], [ [ 589560.0, 5845680.0 ], [ 589640.0, 5845680.0 ], [ 589640.0, 5845600.0 ], [ 589520.0, 5845600.0 ], [ 589520.0, 5845640.0 ], [ 589560.0, 5845640.0 ], [ 589560.0, 5845680.0 ] ], [ [ 589400.0, 5845640.0 ], [ 589480.0, 5845640.0 ], [ 589480.0, 5845600.0 ], [ 589440.0, 5845600.0 ], [ 589440.0, 5845480.0 ], [ 589400.0, 5845480.0 ], [ 589400.0, 5845560.0 ], [ 589360.0, 5845560.0 ], [ 589360.0, 5845600.0 ], [ 589400.0, 5845600.0 ], [ 589400.0, 5845640.0 ] ], [ [ 589440.0, 5845440.0 ], [ 589480.0, 5845440.0 ], [ 589480.0, 5845360.0 ], [ 589400.0, 5845360.0 ], [ 589400.0, 5845400.0 ], [ 589440.0, 5845400.0 ], [ 589440.0, 5845440.0 ] ], [ [ 589560.0, 5845440.0 ], [ 589640.0, 5845440.0 ], [ 589640.0, 5845400.0 ], [ 589560.0, 5845400.0 ], [ 589560.0, 5845440.0 ] ], [ [ 589640.0, 5845400.0 ], [ 589680.0, 5845400.0 ], [ 589680.0, 5845360.0 ], [ 589640.0, 5845360.0 ], [ 589640.0, 5845400.0 ] ], [ [ 589800.0, 5845320.0 ], [ 589840.0, 5845320.0 ], [ 589840.0, 5845280.0 ], [ 589800.0, 5845280.0 ], [ 589800.0, 5845320.0 ] ] ] } },
{ "type": "Feature", "properties": { "zone": "D", "name": "Zone D: Upland Baseline (10,750 px)", "code": 4, "n_pixels": 10750 }, "geometry": { "type": "Polygon", "coordinates": [ [ [ 589160.0, 5845320.0 ], [ 589160.0, 5845200.0 ], [ 589200.0, 5845200.0 ], [ 589200.0, 5845320.0 ], [ 589160.0, 5845320.0 ] ] ] } },
{ "type": "Feature", "properties": { "zone": "D", "name": "Zone D: Upland Baseline (10,750 px)", "code": 4, "n_pixels": 10750 }, "geometry": { "type": "Polygon", "coordinates": [ [ [ 589960.0, 5845280.0 ], [ 589960.0, 5845240.0 ], [ 590000.0, 5845240.0 ], [ 590000.0, 5845200.0 ], [ 590040.0, 5845200.0 ], [ 590040.0, 5845280.0 ], [ 589960.0, 5845280.0 ] ] ] } },
{ "type": "Feature", "properties": { "zone": "D", "name": "Zone D: Upland Baseline (10,750 px)", "code": 4, "n_pixels": 10750 }, "geometry": { "type": "Polygon", "coordinates": [ [ [ 586320.0, 5845240.0 ], [ 586320.0, 5845200.0 ], [ 586360.0, 5845200.0 ], [ 586360.0, 5845240.0 ], [ 586320.0, 5845240.0 ] ] ] } },
{ "type": "Feature", "properties": { "zone": "D", "name": "Zone D: Upland Baseline (10,750 px)", "code": 4, "n_pixels": 10750 }, "geometry": { "type": "Polygon", "coordinates": [ [ [ 586360.0, 5845200.0 ], [ 586360.0, 5845160.0 ], [ 586400.0, 5845160.0 ], [ 586400.0, 5845200.0 ], [ 586360.0, 5845200.0 ] ] ] } },
{ "type": "Feature", "properties": { "zone": "D", "name": "Zone D: Upland Baseline (10,750 px)", "code": 4, "n_pixels": 10750 }, "geometry": { "type": "Polygon", "coordinates": [ [ [ 589640.0, 5845200.0 ], [ 589640.0, 5845160.0 ], [ 589680.0, 5845160.0 ], [ 589680.0, 5845200.0 ], [ 589640.0, 5845200.0 ] ] ] } },
{ "type": "Feature", "properties": { "zone": "D", "name": "Zone D: Upland Baseline (10,750 px)", "code": 4, "n_pixels": 10750 }, "geometry": { "type": "Polygon", "coordinates": [ [ [ 586880.0, 5845240.0 ], [ 586880.0, 5845120.0 ], [ 586920.0, 5845120.0 ], [ 586920.0, 5845240.0 ], [ 586880.0, 5845240.0 ] ] ] } },
{ "type": "Feature", "properties": { "zone": "D", "name": "Zone D: Upland Baseline (10,750 px)", "code": 4, "n_pixels": 10750 }, "geometry": { "type": "Polygon", "coordinates": [ [ [ 586440.0, 5845160.0 ], [ 586440.0, 5845120.0 ], [ 586480.0, 5845120.0 ], [ 586480.0, 5845160.0 ], [ 586440.0, 5845160.0 ] ] ] } },
{ "type": "Feature", "properties": { "zone": "D", "name": "Zone D: Upland Baseline (10,750 px)", "code": 4, "n_pixels": 10750 }, "geometry": { "type": "Polygon", "coordinates": [ [ [ 589200.0, 5845160.0 ], [ 589200.0, 5845120.0 ], [ 589240.0, 5845120.0 ], [ 589240.0, 5845160.0 ], [ 589200.0, 5845160.0 ] ] ] } },
{ "type": "Feature", "properties": { "zone": "D", "name": "Zone D: Upland Baseline (10,750 px)", "code": 4, "n_pixels": 10750 }, "geometry": { "type": "Polygon", "coordinates": [ [ [ 589560.0, 5845160.0 ], [ 589560.0, 5845120.0 ], [ 589600.0, 5845120.0 ], [ 589600.0, 5845160.0 ], [ 589560.0, 5845160.0 ] ] ] } },
{ "type": "Feature", "properties": { "zone": "D", "name": "Zone D: Upland Baseline (10,750 px)", "code": 4, "n_pixels": 10750 }, "geometry": { "type": "Polygon", "coordinates": [ [ [ 586120.0, 5845200.0 ], [ 586120.0, 5845160.0 ], [ 586080.0, 5845160.0 ], [ 586080.0, 5845120.0 ], [ 586120.0, 5845120.0 ], [ 586120.0, 5845040.0 ], [ 586160.0, 5845040.0 ], [ 586160.0, 5845200.0 ], [ 586120.0, 5845200.0 ] ] ] } },
{ "type": "Feature", "properties": { "zone": "D", "name": "Zone D: Upland Baseline (10,750 px)", "code": 4, "n_pixels": 10750 }, "geometry": { "type": "Polygon", "coordinates": [ [ [ 586840.0, 5845040.0 ], [ 586840.0, 5845000.0 ], [ 586880.0, 5845000.0 ], [ 586880.0, 5845040.0 ], [ 586840.0, 5845040.0 ] ] ] } },
{ "type": "Feature", "properties": { "zone": "D", "name": "Zone D: Upland Baseline (10,750 px)", "code": 4, "n_pixels": 10750 }, "geometry": { "type": "Polygon", "coordinates": [ [ [ 589240.0, 5845040.0 ], [ 589240.0, 5845000.0 ], [ 589280.0, 5845000.0 ], [ 589280.0, 5845040.0 ], [ 589240.0, 5845040.0 ] ] ] } },
{ "type": "Feature", "properties": { "zone": "D", "name": "Zone D: Upland Baseline (10,750 px)", "code": 4, "n_pixels": 10750 }, "geometry": { "type": "Polygon", "coordinates": [ [ [ 586160.0, 5845000.0 ], [ 586160.0, 5844920.0 ], [ 586240.0, 5844920.0 ], [ 586240.0, 5844960.0 ], [ 586200.0, 5844960.0 ], [ 586200.0, 5845000.0 ], [ 586160.0, 5845000.0 ] ] ] } },
{ "type": "Feature", "properties": { "zone": "D", "name": "Zone D: Upland Baseline (10,750 px)", "code": 4, "n_pixels": 10750 }, "geometry": { "type": "Polygon", "coordinates": [ [ [ 588720.0, 5845200.0 ], [ 588720.0, 5845040.0 ], [ 588760.0, 5845040.0 ], [ 588760.0, 5844960.0 ], [ 588800.0, 5844960.0 ], [ 588800.0, 5844880.0 ], [ 588840.0, 5844880.0 ], [ 588840.0, 5845000.0 ], [ 588800.0, 5845000.0 ], [ 588800.0, 5845080.0 ], [ 588760.0, 5845080.0 ], [ 588760.0, 5845200.0 ], [ 588720.0, 5845200.0 ] ] ] } },
{ "type": "Feature", "properties": { "zone": "D", "name": "Zone D: Upland Baseline (10,750 px)", "code": 4, "n_pixels": 10750 }, "geometry": { "type": "Polygon", "coordinates": [ [ [ 589880.0, 5844840.0 ], [ 589880.0, 5844760.0 ], [ 589920.0, 5844760.0 ], [ 589920.0, 5844840.0 ], [ 589880.0, 5844840.0 ] ] ] } },
{ "type": "Feature", "properties": { "zone": "D", "name": "Zone D: Upland Baseline (10,750 px)", "code": 4, "n_pixels": 10750 }, "geometry": { "type": "Polygon", "coordinates": [ [ [ 586880.0, 5845000.0 ], [ 586880.0, 5844920.0 ], [ 586800.0, 5844920.0 ], [ 586800.0, 5844840.0 ], [ 586760.0, 5844840.0 ], [ 586760.0, 5844800.0 ], [ 586680.0, 5844800.0 ], [ 586680.0, 5844760.0 ], [ 587000.0, 5844760.0 ], [ 587000.0, 5844960.0 ], [ 586960.0, 5844960.0 ], [ 586960.0, 5845000.0 ], [ 586880.0, 5845000.0 ] ], [ [ 586840.0, 5844880.0 ], [ 586880.0, 5844880.0 ], [ 586880.0, 5844800.0 ], [ 586840.0, 5844800.0 ], [ 586840.0, 5844880.0 ] ] ] } },
{ "type": "Feature", "properties": { "zone": "D", "name": "Zone D: Upland Baseline (10,750 px)", "code": 4, "n_pixels": 10750 }, "geometry": { "type": "Polygon", "coordinates": [ [ [ 590200.0, 5845560.0 ], [ 590200.0, 5845520.0 ], [ 590160.0, 5845520.0 ], [ 590160.0, 5845440.0 ], [ 590080.0, 5845440.0 ], [ 590080.0, 5845400.0 ], [ 590000.0, 5845400.0 ], [ 590000.0, 5845360.0 ], [ 590360.0, 5845360.0 ], [ 590360.0, 5845320.0 ], [ 590400.0, 5845320.0 ], [ 590400.0, 5845240.0 ], [ 590440.0, 5845240.0 ], [ 590440.0, 5845200.0 ], [ 590480.0, 5845200.0 ], [ 590480.0, 5845160.0 ], [ 590440.0, 5845160.0 ], [ 590440.0, 5845120.0 ], [ 590480.0, 5845120.0 ], [ 590480.0, 5844920.0 ], [ 590520.0, 5844920.0 ], [ 590520.0, 5844960.0 ], [ 590640.0, 5844960.0 ], [ 590640.0, 5844920.0 ], [ 590720.0, 5844920.0 ], [ 590720.0, 5844760.0 ], [ 590800.0, 5844760.0 ], [ 590800.0, 5844720.0 ], [ 590840.0, 5844720.0 ], [ 590840.0, 5844800.0 ], [ 590800.0, 5844800.0 ], [ 590800.0, 5844880.0 ], [ 590760.0, 5844880.0 ], [ 590760.0, 5844960.0 ], [ 590680.0, 5844960.0 ], [ 590680.0, 5845000.0 ], [ 590600.0, 5845000.0 ], [ 590600.0, 5845080.0 ], [ 590560.0, 5845080.0 ], [ 590560.0, 5845200.0 ], [ 590520.0, 5845200.0 ], [ 590520.0, 5845240.0 ], [ 590480.0, 5845240.0 ], [ 590480.0, 5845400.0 ], [ 590440.0, 5845400.0 ], [ 590440.0, 5845440.0 ], [ 590280.0, 5845440.0 ], [ 590280.0, 5845520.0 ], [ 590240.0, 5845520.0 ], [ 590240.0, 5845560.0 ], [ 590200.0, 5845560.0 ] ] ] } },
{ "type": "Feature", "properties": { "zone": "D", "name": "Zone D: Upland Baseline (10,750 px)", "code": 4, "n_pixels": 10750 }, "geometry": { "type": "Polygon", "coordinates": [ [ [ 587720.0, 5844680.0 ], [ 587720.0, 5844640.0 ], [ 587760.0, 5844640.0 ], [ 587760.0, 5844680.0 ], [ 587720.0, 5844680.0 ] ] ] } },
{ "type": "Feature", "properties": { "zone": "D", "name": "Zone D: Upland Baseline (10,750 px)", "code": 4, "n_pixels": 10750 }, "geometry": { "type": "Polygon", "coordinates": [ [ [ 590800.0, 5844680.0 ], [ 590800.0, 5844640.0 ], [ 590840.0, 5844640.0 ], [ 590840.0, 5844680.0 ], [ 590800.0, 5844680.0 ] ] ] } },
{ "type": "Feature", "properties": { "zone": "D", "name": "Zone D: Upland Baseline (10,750 px)", "code": 4, "n_pixels": 10750 }, "geometry": { "type": "Polygon", "coordinates": [ [ [ 586280.0, 5844640.0 ], [ 586280.0, 5844600.0 ], [ 586320.0, 5844600.0 ], [ 586320.0, 5844640.0 ], [ 586280.0, 5844640.0 ] ] ] } },
{ "type": "Feature", "properties": { "zone": "D", "name": "Zone D: Upland Baseline (10,750 px)", "code": 4, "n_pixels": 10750 }, "geometry": { "type": "Polygon", "coordinates": [ [ [ 590760.0, 5844640.0 ], [ 590760.0, 5844600.0 ], [ 590800.0, 5844600.0 ], [ 590800.0, 5844640.0 ], [ 590760.0, 5844640.0 ] ] ] } },
{ "type": "Feature", "properties": { "zone": "D", "name": "Zone D: Upland Baseline (10,750 px)", "code": 4, "n_pixels": 10750 }, "geometry": { "type": "Polygon", "coordinates": [ [ [ 590800.0, 5844600.0 ], [ 590800.0, 5844560.0 ], [ 590840.0, 5844560.0 ], [ 590840.0, 5844600.0 ], [ 590800.0, 5844600.0 ] ] ] } },
{ "type": "Feature", "properties": { "zone": "D", "name": "Zone D: Upland Baseline (10,750 px)", "code": 4, "n_pixels": 10750 }, "geometry": { "type": "Polygon", "coordinates": [ [ [ 588560.0, 5844600.0 ], [ 588560.0, 5844480.0 ], [ 588600.0, 5844480.0 ], [ 588600.0, 5844600.0 ], [ 588560.0, 5844600.0 ] ] ] } },
{ "type": "Feature", "properties": { "zone": "D", "name": "Zone D: Upland Baseline (10,750 px)", "code": 4, "n_pixels": 10750 }, "geometry": { "type": "Polygon", "coordinates": [ [ [ 586520.0, 5844880.0 ], [ 586520.0, 5844800.0 ], [ 586400.0, 5844800.0 ], [ 586400.0, 5844760.0 ], [ 586320.0, 5844760.0 ], [ 586320.0, 5844720.0 ], [ 586360.0, 5844720.0 ], [ 586360.0, 5844640.0 ], [ 586400.0, 5844640.0 ], [ 586400.0, 5844560.0 ], [ 586440.0, 5844560.0 ], [ 586440.0, 5844520.0 ], [ 586400.0, 5844520.0 ], [ 586400.0, 5844480.0 ], [ 586480.0, 5844480.0 ], [ 586480.0, 5844560.0 ], [ 586560.0, 5844560.0 ], [ 586560.0, 5844600.0 ], [ 586640.0, 5844600.0 ], [ 586640.0, 5844720.0 ], [ 586680.0, 5844720.0 ], [ 586680.0, 5844760.0 ], [ 586640.0, 5844760.0 ], [ 586640.0, 5844800.0 ], [ 586600.0, 5844800.0 ], [ 586600.0, 5844880.0 ], [ 586520.0, 5844880.0 ] ] ] } },
{ "type": "Feature", "properties": { "zone": "D", "name": "Zone D: Upland Baseline (10,750 px)", "code": 4, "n_pixels": 10750 }, "geometry": { "type": "Polygon", "coordinates": [ [ [ 587640.0, 5844480.0 ], [ 587640.0, 5844440.0 ], [ 587720.0, 5844440.0 ], [ 587720.0, 5844480.0 ], [ 587640.0, 5844480.0 ] ] ] } },
{ "type": "Feature", "properties": { "zone": "D", "name": "Zone D: Upland Baseline (10,750 px)", "code": 4, "n_pixels": 10750 }, "geometry": { "type": "Polygon", "coordinates": [ [ [ 587880.0, 5844480.0 ], [ 587880.0, 5844440.0 ], [ 587960.0, 5844440.0 ], [ 587960.0, 5844480.0 ], [ 587880.0, 5844480.0 ] ] ] } },
{ "type": "Feature", "properties": { "zone": "D", "name": "Zone D: Upland Baseline (10,750 px)", "code": 4, "n_pixels": 10750 }, "geometry": { "type": "Polygon", "coordinates": [ [ [ 588240.0, 5844480.0 ], [ 588240.0, 5844400.0 ], [ 588280.0, 5844400.0 ], [ 588280.0, 5844480.0 ], [ 588240.0, 5844480.0 ] ] ] } },
{ "type": "Feature", "properties": { "zone": "D", "name": "Zone D: Upland Baseline (10,750 px)", "code": 4, "n_pixels": 10750 }, "geometry": { "type": "Polygon", "coordinates": [ [ [ 587400.0, 5844720.0 ], [ 587400.0, 5844560.0 ], [ 587360.0, 5844560.0 ], [ 587360.0, 5844600.0 ], [ 587200.0, 5844600.0 ], [ 587200.0, 5844640.0 ], [ 587120.0, 5844640.0 ], [ 587120.0, 5844560.0 ], [ 587160.0, 5844560.0 ], [ 587160.0, 5844400.0 ], [ 587200.0, 5844400.0 ], [ 587200.0, 5844360.0 ], [ 587280.0, 5844360.0 ], [ 587280.0, 5844400.0 ], [ 587440.0, 5844400.0 ], [ 587440.0, 5844720.0 ], [ 587400.0, 5844720.0 ] ], [ [ 587320.0, 5844560.0 ], [ 587360.0, 5844560.0 ], [ 587360.0, 5844520.0 ], [ 587320.0, 5844520.0 ], [ 587320.0, 5844560.0 ] ] ] } },
{ "type": "Feature", "properties": { "zone": "D", "name": "Zone D: Upland Baseline (10,750 px)", "code": 4, "n_pixels": 10750 }, "geometry": { "type": "Polygon", "coordinates": [ [ [ 586320.0, 5844520.0 ], [ 586320.0, 5844360.0 ], [ 586400.0, 5844360.0 ], [ 586400.0, 5844400.0 ], [ 586360.0, 5844400.0 ], [ 586360.0, 5844520.0 ], [ 586320.0, 5844520.0 ] ] ] } },
{ "type": "Feature", "properties": { "zone": "D", "name": "Zone D: Upland Baseline (10,750 px)", "code": 4, "n_pixels": 10750 }, "geometry": { "type": "Polygon", "coordinates": [ [ [ 587040.0, 5844400.0 ], [ 587040.0, 5844360.0 ], [ 587120.0, 5844360.0 ], [ 587120.0, 5844400.0 ], [ 587040.0, 5844400.0 ] ] ] } },
{ "type": "Feature", "properties": { "zone": "D", "name": "Zone D: Upland Baseline (10,750 px)", "code": 4, "n_pixels": 10750 }, "geometry": { "type": "Polygon", "coordinates": [ [ [ 589920.0, 5844720.0 ], [ 589920.0, 5844680.0 ], [ 589880.0, 5844680.0 ], [ 589880.0, 5844640.0 ], [ 589840.0, 5844640.0 ], [ 589840.0, 5844560.0 ], [ 589880.0, 5844560.0 ], [ 589880.0, 5844480.0 ], [ 589920.0, 5844480.0 ], [ 589920.0, 5844360.0 ], [ 589960.0, 5844360.0 ], [ 589960.0, 5844280.0 ], [ 590000.0, 5844280.0 ], [ 590000.0, 5844320.0 ], [ 590040.0, 5844320.0 ], [ 590040.0, 5844440.0 ], [ 590000.0, 5844440.0 ], [ 590000.0, 5844520.0 ], [ 589960.0, 5844520.0 ], [ 589960.0, 5844720.0 ], [ 589920.0, 5844720.0 ] ] ] } },
{ "type": "Feature", "properties": { "zone": "D", "name": "Zone D: Upland Baseline (10,750 px)", "code": 4, "n_pixels": 10750 }, "geometry": { "type": "Polygon", "coordinates": [ [ [ 588600.0, 5844480.0 ], [ 588600.0, 5844280.0 ], [ 588640.0, 5844280.0 ], [ 588640.0, 5844480.0 ], [ 588600.0, 5844480.0 ] ] ] } },
{ "type": "Feature", "properties": { "zone": "D", "name": "Zone D: Upland Baseline (10,750 px)", "code": 4, "n_pixels": 10750 }, "geometry": { "type": "Polygon", "coordinates": [ [ [ 590640.0, 5844360.0 ], [ 590640.0, 5844280.0 ], [ 590680.0, 5844280.0 ], [ 590680.0, 5844360.0 ], [ 590640.0, 5844360.0 ] ] ] } },
{ "type": "Feature", "properties": { "zone": "D", "name": "Zone D: Upland Baseline (10,750 px)", "code": 4, "n_pixels": 10750 }, "geometry": { "type": "Polygon", "coordinates": [ [ [ 587080.0, 5844280.0 ], [ 587080.0, 5844240.0 ], [ 587160.0, 5844240.0 ], [ 587160.0, 5844280.0 ], [ 587080.0, 5844280.0 ] ] ] } },
{ "type": "Feature", "properties": { "zone": "D", "name": "Zone D: Upland Baseline (10,750 px)", "code": 4, "n_pixels": 10750 }, "geometry": { "type": "Polygon", "coordinates": [ [ [ 587320.0, 5844280.0 ], [ 587320.0, 5844240.0 ], [ 587400.0, 5844240.0 ], [ 587400.0, 5844280.0 ], [ 587320.0, 5844280.0 ] ] ] } },
{ "type": "Feature", "properties": { "zone": "D", "name": "Zone D: Upland Baseline (10,750 px)", "code": 4, "n_pixels": 10750 }, "geometry": { "type": "Polygon", "coordinates": [ [ [ 588280.0, 5844280.0 ], [ 588280.0, 5844240.0 ], [ 588320.0, 5844240.0 ], [ 588320.0, 5844280.0 ], [ 588280.0, 5844280.0 ] ] ] } },
{ "type": "Feature", "properties": { "zone": "D", "name": "Zone D: Upland Baseline (10,750 px)", "code": 4, "n_pixels": 10750 }, "geometry": { "type": "Polygon", "coordinates": [ [ [ 590680.0, 5844440.0 ], [ 590680.0, 5844400.0 ], [ 590720.0, 5844400.0 ], [ 590720.0, 5844280.0 ], [ 590760.0, 5844280.0 ], [ 590760.0, 5844240.0 ], [ 590720.0, 5844240.0 ], [ 590720.0, 5844200.0 ], [ 590760.0, 5844200.0 ], [ 590760.0, 5844160.0 ], [ 590800.0, 5844160.0 ], [ 590800.0, 5844400.0 ], [ 590760.0, 5844400.0 ], [ 590760.0, 5844440.0 ], [ 590680.0, 5844440.0 ] ] ] } },
{ "type": "Feature", "properties": { "zone": "D", "name": "Zone D: Upland Baseline (10,750 px)", "code": 4, "n_pixels": 10750 }, "geometry": { "type": "Polygon", "coordinates": [ [ [ 585720.0, 5844200.0 ], [ 585720.0, 5844160.0 ], [ 585760.0, 5844160.0 ], [ 585760.0, 5844200.0 ], [ 585720.0, 5844200.0 ] ] ] } },
{ "type": "Feature", "properties": { "zone": "D", "name": "Zone D: Upland Baseline (10,750 px)", "code": 4, "n_pixels": 10750 }, "geometry": { "type": "Polygon", "coordinates": [ [ [ 586080.0, 5844200.0 ], [ 586080.0, 5844160.0 ], [ 586160.0, 5844160.0 ], [ 586160.0, 5844200.0 ], [ 586080.0, 5844200.0 ] ] ] } },
{ "type": "Feature", "properties": { "zone": "D", "name": "Zone D: Upland Baseline (10,750 px)", "code": 4, "n_pixels": 10750 }, "geometry": { "type": "Polygon", "coordinates": [ [ [ 585720.0, 5844640.0 ], [ 585720.0, 5844280.0 ], [ 585800.0, 5844280.0 ], [ 585800.0, 5844240.0 ], [ 585840.0, 5844240.0 ], [ 585840.0, 5844200.0 ], [ 585880.0, 5844200.0 ], [ 585880.0, 5844120.0 ], [ 585920.0, 5844120.0 ], [ 585920.0, 5844320.0 ], [ 585840.0, 5844320.0 ], [ 585840.0, 5844440.0 ], [ 585760.0, 5844440.0 ], [ 585760.0, 5844480.0 ], [ 585840.0, 5844480.0 ], [ 585840.0, 5844520.0 ], [ 585880.0, 5844520.0 ], [ 585880.0, 5844600.0 ], [ 585800.0, 5844600.0 ], [ 585800.0, 5844640.0 ], [ 585720.0, 5844640.0 ] ] ] } },
{ "type": "Feature", "properties": { "zone": "D", "name": "Zone D: Upland Baseline (10,750 px)", "code": 4, "n_pixels": 10750 }, "geometry": { "type": "Polygon", "coordinates": [ [ [ 588320.0, 5844560.0 ], [ 588320.0, 5844480.0 ], [ 588360.0, 5844480.0 ], [ 588360.0, 5844320.0 ], [ 588400.0, 5844320.0 ], [ 588400.0, 5844120.0 ], [ 588560.0, 5844120.0 ], [ 588560.0, 5844280.0 ], [ 588520.0, 5844280.0 ], [ 588520.0, 5844400.0 ], [ 588480.0, 5844400.0 ], [ 588480.0, 5844560.0 ], [ 588320.0, 5844560.0 ] ] ] } },
{ "type": "Feature", "properties": { "zone": "D", "name": "Zone D: Upland Baseline (10,750 px)", "code": 4, "n_pixels": 10750 }, "geometry": { "type": "Polygon", "coordinates": [ [ [ 587760.0, 5844400.0 ], [ 587760.0, 5844320.0 ], [ 587800.0, 5844320.0 ], [ 587800.0, 5844120.0 ], [ 587920.0, 5844120.0 ], [ 587920.0, 5844280.0 ], [ 587880.0, 5844280.0 ], [ 587880.0, 5844400.0 ], [ 587760.0, 5844400.0 ] ] ] } },
{ "type": "Feature", "properties": { "zone": "D", "name": "Zone D: Upland Baseline (10,750 px)", "code": 4, "n_pixels": 10750 }, "geometry": { "type": "Polygon", "coordinates": [ [ [ 586760.0, 5844680.0 ], [ 586760.0, 5844600.0 ], [ 586800.0, 5844600.0 ], [ 586800.0, 5844560.0 ], [ 586840.0, 5844560.0 ], [ 586840.0, 5844520.0 ], [ 586880.0, 5844520.0 ], [ 586880.0, 5844480.0 ], [ 586800.0, 5844480.0 ], [ 586800.0, 5844520.0 ], [ 586720.0, 5844520.0 ], [ 586720.0, 5844480.0 ], [ 586680.0, 5844480.0 ], [ 586680.0, 5844520.0 ], [ 586560.0, 5844520.0 ], [ 586560.0, 5844400.0 ], [ 586520.0, 5844400.0 ], [ 586520.0, 5844360.0 ], [ 586400.0, 5844360.0 ], [ 586400.0, 5844320.0 ], [ 586440.0, 5844320.0 ], [ 586440.0, 5844280.0 ], [ 586480.0, 5844280.0 ], [ 586480.0, 5844200.0 ], [ 586560.0, 5844200.0 ], [ 586560.0, 5844160.0 ], [ 586600.0, 5844160.0 ], [ 586600.0, 5844120.0 ], [ 586640.0, 5844120.0 ], [ 586640.0, 5844200.0 ], [ 586680.0, 5844200.0 ], [ 586680.0, 5844280.0 ], [ 586720.0, 5844280.0 ], [ 586720.0, 5844320.0 ], [ 586800.0, 5844320.0 ], [ 586800.0, 5844280.0 ], [ 586880.0, 5844280.0 ], [ 586880.0, 5844360.0 ], [ 586920.0, 5844360.0 ], [ 586920.0, 5844400.0 ], [ 587040.0, 5844400.0 ], [ 587040.0, 5844600.0 ], [ 587000.0, 5844600.0 ], [ 587000.0, 5844680.0 ], [ 586760.0, 5844680.0 ] ], [ [ 586880.0, 5844480.0 ], [ 586920.0, 5844480.0 ], [ 586920.0, 5844440.0 ], [ 586880.0, 5844440.0 ], [ 586880.0, 5844480.0 ] ], [ [ 586560.0, 5844360.0 ], [ 586600.0, 5844360.0 ], [ 586600.0, 5844320.0 ], [ 586560.0, 5844320.0 ], [ 586560.0, 5844360.0 ] ] ] } },
{ "type": "Feature", "properties": { "zone": "D", "name": "Zone D: Upland Baseline (10,750 px)", "code": 4, "n_pixels": 10750 }, "geometry": { "type": "Polygon", "coordinates": [ [ [ 586040.0, 5844560.0 ], [ 586040.0, 5844520.0 ], [ 585920.0, 5844520.0 ], [ 585920.0, 5844480.0 ], [ 585880.0, 5844480.0 ], [ 585880.0, 5844360.0 ], [ 585920.0, 5844360.0 ], [ 585920.0, 5844400.0 ], [ 585960.0, 5844400.0 ], [ 585960.0, 5844280.0 ], [ 586000.0, 5844280.0 ], [ 586000.0, 5844360.0 ], [ 586040.0, 5844360.0 ], [ 586040.0, 5844320.0 ], [ 586080.0, 5844320.0 ], [ 586080.0, 5844280.0 ], [ 586040.0, 5844280.0 ], [ 586040.0, 5844240.0 ], [ 586240.0, 5844240.0 ], [ 586240.0, 5844200.0 ], [ 586280.0, 5844200.0 ], [ 586280.0, 5844120.0 ], [ 586440.0, 5844120.0 ], [ 586440.0, 5844200.0 ], [ 586400.0, 5844200.0 ], [ 586400.0, 5844240.0 ], [ 586360.0, 5844240.0 ], [ 586360.0, 5844280.0 ], [ 586280.0, 5844280.0 ], [ 586280.0, 5844320.0 ], [ 586200.0, 5844320.0 ], [ 586200.0, 5844360.0 ], [ 586160.0, 5844360.0 ], [ 586160.0, 5844400.0 ], [ 586200.0, 5844400.0 ], [ 586200.0, 5844440.0 ], [ 586120.0, 5844440.0 ], [ 586120.0, 5844360.0 ], [ 586080.0, 5844360.0 ], [ 586080.0, 5844400.0 ], [ 586000.0, 5844400.0 ], [ 586000.0, 5844480.0 ], [ 586040.0, 5844480.0 ], [ 586040.0, 5844440.0 ], [ 586080.0, 5844440.0 ], [ 586080.0, 5844480.0 ], [ 586200.0, 5844480.0 ], [ 586200.0, 5844520.0 ], [ 586080.0, 5844520.0 ], [ 586080.0, 5844560.0 ], [ 586040.0, 5844560.0 ] ], [ [ 585920.0, 5844480.0 ], [ 585960.0, 5844480.0 ], [ 585960.0, 5844440.0 ], [ 585920.0, 5844440.0 ], [ 585920.0, 5844480.0 ] ] ] } },
{ "type": "Feature", "properties": { "zone": "D", "name": "Zone D: Upland Baseline (10,750 px)", "code": 4, "n_pixels": 10750 }, "geometry": { "type": "Polygon", "coordinates": [ [ [ 588640.0, 5844280.0 ], [ 588640.0, 5844120.0 ], [ 588680.0, 5844120.0 ], [ 588680.0, 5844280.0 ], [ 588640.0, 5844280.0 ] ] ] } },
{ "type": "Feature", "properties": { "zone": "D", "name": "Zone D: Upland Baseline (10,750 px)", "code": 4, "n_pixels": 10750 }, "geometry": { "type": "Polygon", "coordinates": [ [ [ 588040.0, 5849280.0 ], [ 588040.0, 5849160.0 ], [ 588080.0, 5849160.0 ], [ 588080.0, 5849120.0 ], [ 588120.0, 5849120.0 ], [ 588120.0, 5849000.0 ], [ 588160.0, 5849000.0 ], [ 588160.0, 5848920.0 ], [ 588080.0, 5848920.0 ], [ 588080.0, 5848880.0 ], [ 588120.0, 5848880.0 ], [ 588120.0, 5848840.0 ], [ 588040.0, 5848840.0 ], [ 588040.0, 5848880.0 ], [ 587960.0, 5848880.0 ], [ 587960.0, 5848920.0 ], [ 587920.0, 5848920.0 ], [ 587920.0, 5849040.0 ], [ 587880.0, 5849040.0 ], [ 587880.0, 5849120.0 ], [ 587800.0, 5849120.0 ], [ 587800.0, 5849160.0 ], [ 587760.0, 5849160.0 ], [ 587760.0, 5849240.0 ], [ 587720.0, 5849240.0 ], [ 587720.0, 5849200.0 ], [ 587680.0, 5849200.0 ], [ 587680.0, 5849160.0 ], [ 587640.0, 5849160.0 ], [ 587640.0, 5849120.0 ], [ 587560.0, 5849120.0 ], [ 587560.0, 5849160.0 ], [ 587440.0, 5849160.0 ], [ 587440.0, 5849120.0 ], [ 587520.0, 5849120.0 ], [ 587520.0, 5849080.0 ], [ 587480.0, 5849080.0 ], [ 587480.0, 5849000.0 ], [ 587520.0, 5849000.0 ], [ 587520.0, 5848880.0 ], [ 587680.0, 5848880.0 ], [ 587680.0, 5848840.0 ], [ 587600.0, 5848840.0 ], [ 587600.0, 5848760.0 ], [ 587680.0, 5848760.0 ], [ 587680.0, 5848800.0 ], [ 587760.0, 5848800.0 ], [ 587760.0, 5848760.0 ], [ 587800.0, 5848760.0 ], [ 587800.0, 5848720.0 ], [ 587680.0, 5848720.0 ], [ 587680.0, 5848680.0 ], [ 587720.0, 5848680.0 ], [ 587720.0, 5848640.0 ], [ 587800.0, 5848640.0 ], [ 587800.0, 5848600.0 ], [ 587840.0, 5848600.0 ], [ 587840.0, 5848480.0 ], [ 587800.0, 5848480.0 ], [ 587800.0, 5848400.0 ], [ 587840.0, 5848400.0 ], [ 587840.0, 5848280.0 ], [ 587880.0, 5848280.0 ], [ 587880.0, 5848200.0 ], [ 587840.0, 5848200.0 ], [ 587840.0, 5848240.0 ], [ 587800.0, 5848240.0 ], [ 587800.0, 5848160.0 ], [ 587840.0, 5848160.0 ], [ 587840.0, 5848040.0 ], [ 587880.0, 5848040.0 ], [ 587880.0, 5847960.0 ], [ 587800.0, 5847960.0 ], [ 587800.0, 5847920.0 ], [ 587760.0, 5847920.0 ], [ 587760.0, 5847880.0 ], [ 587600.0, 5847880.0 ], [ 587600.0, 5847840.0 ], [ 587560.0, 5847840.0 ], [ 587560.0, 5847600.0 ], [ 587520.0, 5847600.0 ], [ 587520.0, 5847480.0 ], [ 587560.0, 5847480.0 ], [ 587560.0, 5847440.0 ], [ 587600.0, 5847440.0 ], [ 587600.0, 5847480.0 ], [ 587760.0, 5847480.0 ], [ 587760.0, 5847440.0 ], [ 587840.0, 5847440.0 ], [ 587840.0, 5847480.0 ], [ 587880.0, 5847480.0 ], [ 587880.0, 5847600.0 ], [ 588040.0, 5847600.0 ], [ 588040.0, 5847640.0 ], [ 587880.0, 5847640.0 ], [ 587880.0, 5847680.0 ], [ 587800.0, 5847680.0 ], [ 587800.0, 5847640.0 ], [ 587640.0, 5847640.0 ], [ 587640.0, 5847680.0 ], [ 587680.0, 5847680.0 ], [ 587680.0, 5847720.0 ], [ 587800.0, 5847720.0 ], [ 587800.0, 5847760.0 ], [ 587840.0, 5847760.0 ], [ 587840.0, 5847800.0 ], [ 587920.0, 5847800.0 ], [ 587920.0, 5847880.0 ], [ 587960.0, 5847880.0 ], [ 587960.0, 5847840.0 ], [ 588080.0, 5847840.0 ], [ 588080.0, 5847880.0 ], [ 588200.0, 5847880.0 ], [ 588200.0, 5847920.0 ], [ 588240.0, 5847920.0 ], [ 588240.0, 5847880.0 ], [ 588280.0, 5847880.0 ], [ 588280.0, 5847920.0 ], [ 588320.0, 5847920.0 ], [ 588320.0, 5848000.0 ], [ 588280.0, 5848000.0 ], [ 588280.0, 5848040.0 ], [ 588320.0, 5848040.0 ], [ 588320.0, 5848080.0 ], [ 588360.0, 5848080.0 ], [ 588360.0, 5848200.0 ], [ 588440.0, 5848200.0 ], [ 588440.0, 5848160.0 ], [ 588480.0, 5848160.0 ], [ 588480.0, 5848040.0 ], [ 588560.0, 5848040.0 ], [ 588560.0, 5848000.0 ], [ 588600.0, 5848000.0 ], [ 588600.0, 5847960.0 ], [ 588640.0, 5847960.0 ], [ 588640.0, 5847840.0 ], [ 588680.0, 5847840.0 ], [ 588680.0, 5847800.0 ], [ 588600.0, 5847800.0 ], [ 588600.0, 5847760.0 ], [ 588480.0, 5847760.0 ], [ 588480.0, 5847840.0 ], [ 588440.0, 5847840.0 ], [ 588440.0, 5847720.0 ], [ 588520.0, 5847720.0 ], [ 588520.0, 5847640.0 ], [ 588560.0, 5847640.0 ], [ 588560.0, 5847560.0 ], [ 588480.0, 5847560.0 ], [ 588480.0, 5847600.0 ], [ 588440.0, 5847600.0 ], [ 588440.0, 5847560.0 ], [ 588280.0, 5847560.0 ], [ 588280.0, 5847520.0 ], [ 588240.0, 5847520.0 ], [ 588240.0, 5847720.0 ], [ 588160.0, 5847720.0 ], [ 588160.0, 5847680.0 ], [ 588120.0, 5847680.0 ], [ 588120.0, 5847640.0 ], [ 588080.0, 5847640.0 ], [ 588080.0, 5847600.0 ], [ 588120.0, 5847600.0 ], [ 588120.0, 5847520.0 ], [ 588080.0, 5847520.0 ], [ 588080.0, 5847560.0 ], [ 588040.0, 5847560.0 ], [ 588040.0, 5847520.0 ], [ 587920.0, 5847520.0 ], [ 587920.0, 5847440.0 ], [ 588160.0, 5847440.0 ], [ 588160.0, 5847400.0 ], [ 588000.0, 5847400.0 ], [ 588000.0, 5847360.0 ], [ 587880.0, 5847360.0 ], [ 587880.0, 5847280.0 ], [ 587960.0, 5847280.0 ], [ 587960.0, 5847240.0 ], [ 588000.0, 5847240.0 ], [ 588000.0, 5847200.0 ], [ 588120.0, 5847200.0 ], [ 588120.0, 5847240.0 ], [ 588240.0, 5847240.0 ], [ 588240.0, 5847280.0 ], [ 588400.0, 5847280.0 ], [ 588400.0, 5847320.0 ], [ 588440.0, 5847320.0 ], [ 588440.0, 5847400.0 ], [ 588520.0, 5847400.0 ], [ 588520.0, 5847440.0 ], [ 588560.0, 5847440.0 ], [ 588560.0, 5847520.0 ], [ 588600.0, 5847520.0 ], [ 588600.0, 5847560.0 ], [ 588680.0, 5847560.0 ], [ 588680.0, 5847600.0 ], [ 588720.0, 5847600.0 ], [ 588720.0, 5847520.0 ], [ 588760.0, 5847520.0 ], [ 588760.0, 5847560.0 ], [ 588840.0, 5847560.0 ], [ 588840.0, 5847520.0 ], [ 588880.0, 5847520.0 ], [ 588880.0, 5847560.0 ], [ 588920.0, 5847560.0 ], [ 588920.0, 5847520.0 ], [ 589000.0, 5847520.0 ], [ 589000.0, 5847600.0 ], [ 589040.0, 5847600.0 ], [ 589040.0, 5847680.0 ], [ 589200.0, 5847680.0 ], [ 589200.0, 5847640.0 ], [ 589160.0, 5847640.0 ], [ 589160.0, 5847600.0 ], [ 589200.0, 5847600.0 ], [ 589200.0, 5847520.0 ], [ 589280.0, 5847520.0 ], [ 589280.0, 5847480.0 ], [ 589200.0, 5847480.0 ], [ 589200.0, 5847440.0 ], [ 589240.0, 5847440.0 ], [ 589240.0, 5847360.0 ], [ 589280.0, 5847360.0 ], [ 589280.0, 5847400.0 ], [ 589400.0, 5847400.0 ], [ 589400.0, 5847360.0 ], [ 589440.0, 5847360.0 ], [ 589440.0, 5847320.0 ], [ 589560.0, 5847320.0 ], [ 589560.0, 5847400.0 ], [ 589520.0, 5847400.0 ], [ 589520.0, 5847440.0 ], [ 589400.0, 5847440.0 ], [ 589400.0, 5847480.0 ], [ 589520.0, 5847480.0 ], [ 589520.0, 5847520.0 ], [ 589480.0, 5847520.0 ], [ 589480.0, 5847560.0 ], [ 589400.0, 5847560.0 ], [ 589400.0, 5847520.0 ], [ 589320.0, 5847520.0 ], [ 589320.0, 5847560.0 ], [ 589360.0, 5847560.0 ], [ 589360.0, 5847640.0 ], [ 589320.0, 5847640.0 ], [ 589320.0, 5847680.0 ], [ 589360.0, 5847680.0 ], [ 589360.0, 5847720.0 ], [ 589600.0, 5847720.0 ], [ 589600.0, 5847560.0 ], [ 589640.0, 5847560.0 ], [ 589640.0, 5847480.0 ], [ 589680.0, 5847480.0 ], [ 589680.0, 5847440.0 ], [ 589720.0, 5847440.0 ], [ 589720.0, 5847400.0 ], [ 589680.0, 5847400.0 ], [ 589680.0, 5847360.0 ], [ 589640.0, 5847360.0 ], [ 589640.0, 5847320.0 ], [ 589720.0, 5847320.0 ], [ 589720.0, 5847360.0 ], [ 589840.0, 5847360.0 ], [ 589840.0, 5847280.0 ], [ 589800.0, 5847280.0 ], [ 589800.0, 5847320.0 ], [ 589760.0, 5847320.0 ], [ 589760.0, 5847240.0 ], [ 589720.0, 5847240.0 ], [ 589720.0, 5847160.0 ], [ 589760.0, 5847160.0 ], [ 589760.0, 5847200.0 ], [ 589800.0, 5847200.0 ], [ 589800.0, 5847240.0 ], [ 589880.0, 5847240.0 ], [ 589880.0, 5847200.0 ], [ 589960.0, 5847200.0 ], [ 589960.0, 5847240.0 ], [ 589920.0, 5847240.0 ], [ 589920.0, 5847280.0 ], [ 589880.0, 5847280.0 ], [ 589880.0, 5847320.0 ], [ 590160.0, 5847320.0 ], [ 590160.0, 5847280.0 ], [ 590280.0, 5847280.0 ], [ 590280.0, 5847240.0 ], [ 590400.0, 5847240.0 ], [ 590400.0, 5847280.0 ], [ 590440.0, 5847280.0 ], [ 590440.0, 5847240.0 ], [ 590520.0, 5847240.0 ], [ 590520.0, 5847200.0 ], [ 590680.0, 5847200.0 ], [ 590680.0, 5847160.0 ], [ 590880.0, 5847160.0 ], [ 590880.0, 5847120.0 ], [ 590920.0, 5847120.0 ], [ 590920.0, 5847000.0 ], [ 590880.0, 5847000.0 ], [ 590880.0, 5846960.0 ], [ 590720.0, 5846960.0 ], [ 590720.0, 5847000.0 ], [ 590600.0, 5847000.0 ], [ 590600.0, 5846920.0 ], [ 590640.0, 5846920.0 ], [ 590640.0, 5846680.0 ], [ 590600.0, 5846680.0 ], [ 590600.0, 5846720.0 ], [ 590480.0, 5846720.0 ], [ 590480.0, 5846680.0 ], [ 590440.0, 5846680.0 ], [ 590440.0, 5846720.0 ], [ 590400.0, 5846720.0 ], [ 590400.0, 5846760.0 ], [ 590360.0, 5846760.0 ], [ 590360.0, 5846800.0 ], [ 590320.0, 5846800.0 ], [ 590320.0, 5846840.0 ], [ 590280.0, 5846840.0 ], [ 590280.0, 5846960.0 ], [ 590240.0, 5846960.0 ], [ 590240.0, 5847120.0 ], [ 590080.0, 5847120.0 ], [ 590080.0, 5847040.0 ], [ 590040.0, 5847040.0 ], [ 590040.0, 5847080.0 ], [ 590000.0, 5847080.0 ], [ 590000.0, 5847040.0 ], [ 589840.0, 5847040.0 ], [ 589840.0, 5846800.0 ], [ 589800.0, 5846800.0 ], [ 589800.0, 5846760.0 ], [ 589760.0, 5846760.0 ], [ 589760.0, 5846720.0 ], [ 589720.0, 5846720.0 ], [ 589720.0, 5846800.0 ], [ 589680.0, 5846800.0 ], [ 589680.0, 5846880.0 ], [ 589640.0, 5846880.0 ], [ 589640.0, 5847000.0 ], [ 589600.0, 5847000.0 ], [ 589600.0, 5847080.0 ], [ 589720.0, 5847080.0 ], [ 589720.0, 5847120.0 ], [ 589600.0, 5847120.0 ], [ 589600.0, 5847200.0 ], [ 589560.0, 5847200.0 ], [ 589560.0, 5847160.0 ], [ 589520.0, 5847160.0 ], [ 589520.0, 5847080.0 ], [ 589440.0, 5847080.0 ], [ 589440.0, 5847120.0 ], [ 589400.0, 5847120.0 ], [ 589400.0, 5847200.0 ], [ 589360.0, 5847200.0 ], [ 589360.0, 5846880.0 ], [ 589400.0, 5846880.0 ], [ 589400.0, 5846800.0 ], [ 589440.0, 5846800.0 ], [ 589440.0, 5846720.0 ], [ 589400.0, 5846720.0 ], [ 589400.0, 5846520.0 ], [ 589440.0, 5846520.0 ], [ 589440.0, 5846480.0 ], [ 589480.0, 5846480.0 ], [ 589480.0, 5846600.0 ], [ 589520.0, 5846600.0 ], [ 589520.0, 5846640.0 ], [ 589800.0, 5846640.0 ], [ 589800.0, 5846600.0 ], [ 589840.0, 5846600.0 ], [ 589840.0, 5846560.0 ], [ 589880.0, 5846560.0 ], [ 589880.0, 5846480.0 ], [ 589960.0, 5846480.0 ], [ 589960.0, 5846440.0 ], [ 590000.0, 5846440.0 ], [ 590000.0, 5846320.0 ], [ 590040.0, 5846320.0 ], [ 590040.0, 5846160.0 ], [ 590000.0, 5846160.0 ], [ 590000.0, 5846120.0 ], [ 589960.0, 5846120.0 ], [ 589960.0, 5846080.0 ], [ 589920.0, 5846080.0 ], [ 589920.0, 5846000.0 ], [ 589960.0, 5846000.0 ], [ 589960.0, 5845920.0 ], [ 589920.0, 5845920.0 ], [ 589920.0, 5845800.0 ], [ 589960.0, 5845800.0 ], [ 589960.0, 5845760.0 ], [ 590040.0, 5845760.0 ], [ 590040.0, 5845720.0 ], [ 590120.0, 5845720.0 ], [ 590120.0, 5845560.0 ], [ 590160.0, 5845560.0 ], [ 590160.0, 5845600.0 ], [ 590280.0, 5845600.0 ], [ 590280.0, 5845560.0 ], [ 590320.0, 5845560.0 ], [ 590320.0, 5845520.0 ], [ 590400.0, 5845520.0 ], [ 590400.0, 5845680.0 ], [ 590360.0, 5845680.0 ], [ 590360.0, 5845720.0 ], [ 590400.0, 5845720.0 ], [ 590400.0, 5845800.0 ], [ 590480.0, 5845800.0 ], [ 590480.0, 5845760.0 ], [ 590560.0, 5845760.0 ], [ 590560.0, 5845720.0 ], [ 590600.0, 5845720.0 ], [ 590600.0, 5845680.0 ], [ 590680.0, 5845680.0 ], [ 590680.0, 5845720.0 ], [ 590800.0, 5845720.0 ], [ 590800.0, 5845680.0 ], [ 590760.0, 5845680.0 ], [ 590760.0, 5845640.0 ], [ 590640.0, 5845640.0 ], [ 590640.0, 5845600.0 ], [ 590600.0, 5845600.0 ], [ 590600.0, 5845560.0 ], [ 590640.0, 5845560.0 ], [ 590640.0, 5845480.0 ], [ 590720.0, 5845480.0 ], [ 590720.0, 5845520.0 ], [ 590760.0, 5845520.0 ], [ 590760.0, 5845560.0 ], [ 590840.0, 5845560.0 ], [ 590840.0, 5845600.0 ], [ 590880.0, 5845600.0 ], [ 590880.0, 5845640.0 ], [ 591000.0, 5845640.0 ], [ 591000.0, 5845600.0 ], [ 591080.0, 5845600.0 ], [ 591080.0, 5845640.0 ], [ 591200.0, 5845640.0 ], [ 591200.0, 5845520.0 ], [ 591160.0, 5845520.0 ], [ 591160.0, 5845600.0 ], [ 591120.0, 5845600.0 ], [ 591120.0, 5845480.0 ], [ 591040.0, 5845480.0 ], [ 591040.0, 5845440.0 ], [ 591000.0, 5845440.0 ], [ 591000.0, 5845400.0 ], [ 590960.0, 5845400.0 ], [ 590960.0, 5845320.0 ], [ 591000.0, 5845320.0 ], [ 591000.0, 5845280.0 ], [ 590960.0, 5845280.0 ], [ 590960.0, 5845240.0 ], [ 590920.0, 5845240.0 ], [ 590920.0, 5845200.0 ], [ 590880.0, 5845200.0 ], [ 590880.0, 5845240.0 ], [ 590840.0, 5845240.0 ], [ 590840.0, 5845200.0 ], [ 590800.0, 5845200.0 ], [ 590800.0, 5845320.0 ], [ 590760.0, 5845320.0 ], [ 590760.0, 5845360.0 ], [ 590720.0, 5845360.0 ], [ 590720.0, 5845400.0 ], [ 590760.0, 5845400.0 ], [ 590760.0, 5845440.0 ], [ 590640.0, 5845440.0 ], [ 590640.0, 5845400.0 ], [ 590560.0, 5845400.0 ], [ 590560.0, 5845320.0 ], [ 590600.0, 5845320.0 ], [ 590600.0, 5845240.0 ], [ 590640.0, 5845240.0 ], [ 590640.0, 5845200.0 ], [ 590600.0, 5845200.0 ], [ 590600.0, 5845160.0 ], [ 590640.0, 5845160.0 ], [ 590640.0, 5845120.0 ], [ 590680.0, 5845120.0 ], [ 590680.0, 5845040.0 ], [ 590800.0, 5845040.0 ], [ 590800.0, 5845000.0 ], [ 590840.0, 5845000.0 ], [ 590840.0, 5844880.0 ], [ 590880.0, 5844880.0 ], [ 590880.0, 5844840.0 ], [ 590920.0, 5844840.0 ], [ 590920.0, 5844680.0 ], [ 590960.0, 5844680.0 ], [ 590960.0, 5844640.0 ], [ 590880.0, 5844640.0 ], [ 590880.0, 5844600.0 ], [ 590960.0, 5844600.0 ], [ 590960.0, 5844560.0 ], [ 590920.0, 5844560.0 ], [ 590920.0, 5844520.0 ], [ 590880.0, 5844520.0 ], [ 590880.0, 5844360.0 ], [ 590920.0, 5844360.0 ], [ 590920.0, 5844280.0 ], [ 590880.0, 5844280.0 ], [ 590880.0, 5844240.0 ], [ 590920.0, 5844240.0 ], [ 590920.0, 5844160.0 ], [ 590960.0, 5844160.0 ], [ 590960.0, 5844120.0 ], [ 591040.0, 5844120.0 ], [ 591040.0, 5844160.0 ], [ 591080.0, 5844160.0 ], [ 591080.0, 5844200.0 ], [ 591160.0, 5844200.0 ], [ 591160.0, 5844240.0 ], [ 591200.0, 5844240.0 ], [ 591200.0, 5844280.0 ], [ 591240.0, 5844280.0 ], [ 591240.0, 5844560.0 ], [ 591160.0, 5844560.0 ], [ 591160.0, 5844600.0 ], [ 591240.0, 5844600.0 ], [ 591240.0, 5845680.0 ], [ 591160.0, 5845680.0 ], [ 591160.0, 5845720.0 ], [ 591240.0, 5845720.0 ], [ 591240.0, 5847600.0 ], [ 591200.0, 5847600.0 ], [ 591200.0, 5847640.0 ], [ 591160.0, 5847640.0 ], [ 591160.0, 5847760.0 ], [ 591120.0, 5847760.0 ], [ 591120.0, 5847840.0 ], [ 591160.0, 5847840.0 ], [ 591160.0, 5847880.0 ], [ 591240.0, 5847880.0 ], [ 591240.0, 5848320.0 ], [ 591200.0, 5848320.0 ], [ 591200.0, 5848360.0 ], [ 591160.0, 5848360.0 ], [ 591160.0, 5848320.0 ], [ 591080.0, 5848320.0 ], [ 591080.0, 5848280.0 ], [ 591160.0, 5848280.0 ], [ 591160.0, 5848240.0 ], [ 591040.0, 5848240.0 ], [ 591040.0, 5848280.0 ], [ 590960.0, 5848280.0 ], [ 590960.0, 5848240.0 ], [ 590840.0, 5848240.0 ], [ 590840.0, 5848200.0 ], [ 590880.0, 5848200.0 ], [ 590880.0, 5848160.0 ], [ 590840.0, 5848160.0 ], [ 590840.0, 5848120.0 ], [ 590800.0, 5848120.0 ], [ 590800.0, 5848160.0 ], [ 590760.0, 5848160.0 ], [ 590760.0, 5848120.0 ], [ 590680.0, 5848120.0 ], [ 590680.0, 5848160.0 ], [ 590640.0, 5848160.0 ], [ 590640.0, 5848200.0 ], [ 590600.0, 5848200.0 ], [ 590600.0, 5848280.0 ], [ 590560.0, 5848280.0 ], [ 590560.0, 5848400.0 ], [ 590520.0, 5848400.0 ], [ 590520.0, 5848360.0 ], [ 590480.0, 5848360.0 ], [ 590480.0, 5848400.0 ], [ 590320.0, 5848400.0 ], [ 590320.0, 5848440.0 ], [ 590160.0, 5848440.0 ], [ 590160.0, 5848480.0 ], [ 590520.0, 5848480.0 ], [ 590520.0, 5848520.0 ], [ 590480.0, 5848520.0 ], [ 590480.0, 5848560.0 ], [ 590440.0, 5848560.0 ], [ 590440.0, 5848600.0 ], [ 590400.0, 5848600.0 ], [ 590400.0, 5848640.0 ], [ 590440.0, 5848640.0 ], [ 590440.0, 5848760.0 ], [ 590400.0, 5848760.0 ], [ 590400.0, 5848880.0 ], [ 590360.0, 5848880.0 ], [ 590360.0, 5848960.0 ], [ 590400.0, 5848960.0 ], [ 590400.0, 5849000.0 ], [ 590440.0, 5849000.0 ], [ 590440.0, 5849040.0 ], [ 590480.0, 5849040.0 ], [ 590480.0, 5849000.0 ], [ 590520.0, 5849000.0 ], [ 590520.0, 5848960.0 ], [ 590560.0, 5848960.0 ], [ 590560.0, 5849040.0 ], [ 590520.0, 5849040.0 ], [ 590520.0, 5849120.0 ], [ 590480.0, 5849120.0 ], [ 590480.0, 5849240.0 ], [ 590400.0, 5849240.0 ], [ 590400.0, 5849120.0 ], [ 590360.0, 5849120.0 ], [ 590360.0, 5849080.0 ], [ 590320.0, 5849080.0 ], [ 590320.0, 5849120.0 ], [ 590280.0, 5849120.0 ], [ 590280.0, 5848960.0 ], [ 590320.0, 5848960.0 ], [ 590320.0, 5848840.0 ], [ 590280.0, 5848840.0 ], [ 590280.0, 5848800.0 ], [ 590200.0, 5848800.0 ], [ 590200.0, 5848760.0 ], [ 590160.0, 5848760.0 ], [ 590160.0, 5848800.0 ], [ 590120.0, 5848800.0 ], [ 590120.0, 5848840.0 ], [ 590080.0, 5848840.0 ], [ 590080.0, 5848880.0 ], [ 590040.0, 5848880.0 ], [ 590040.0, 5848920.0 ], [ 590000.0, 5848920.0 ], [ 590000.0, 5849000.0 ], [ 589960.0, 5849000.0 ], [ 589960.0, 5849080.0 ], [ 590000.0, 5849080.0 ], [ 590000.0, 5849120.0 ], [ 589960.0, 5849120.0 ], [ 589960.0, 5849200.0 ], [ 589920.0, 5849200.0 ], [ 589920.0, 5849280.0 ], [ 589760.0, 5849280.0 ], [ 589760.0, 5849240.0 ], [ 589800.0, 5849240.0 ], [ 589800.0, 5849120.0 ], [ 589760.0, 5849120.0 ], [ 589760.0, 5849080.0 ], [ 589640.0, 5849080.0 ], [ 589640.0, 5849120.0 ], [ 589600.0, 5849120.0 ], [ 589600.0, 5849200.0 ], [ 589640.0, 5849200.0 ], [ 589640.0, 5849240.0 ], [ 589680.0, 5849240.0 ], [ 589680.0, 5849280.0 ], [ 589560.0, 5849280.0 ], [ 589560.0, 5849240.0 ], [ 589520.0, 5849240.0 ], [ 589520.0, 5849200.0 ], [ 589480.0, 5849200.0 ], [ 589480.0, 5849280.0 ], [ 589360.0, 5849280.0 ], [ 589360.0, 5849160.0 ], [ 589320.0, 5849160.0 ], [ 589320.0, 5849200.0 ], [ 589280.0, 5849200.0 ], [ 589280.0, 5849240.0 ], [ 589160.0, 5849240.0 ], [ 589160.0, 5849200.0 ], [ 589200.0, 5849200.0 ], [ 589200.0, 5849120.0 ], [ 589240.0, 5849120.0 ], [ 589240.0, 5848960.0 ], [ 589320.0, 5848960.0 ], [ 589320.0, 5848920.0 ], [ 589240.0, 5848920.0 ], [ 589240.0, 5848880.0 ], [ 589200.0, 5848880.0 ], [ 589200.0, 5848840.0 ], [ 589240.0, 5848840.0 ], [ 589240.0, 5848760.0 ], [ 589280.0, 5848760.0 ], [ 589280.0, 5848720.0 ], [ 589240.0, 5848720.0 ], [ 589240.0, 5848600.0 ], [ 589280.0, 5848600.0 ], [ 589280.0, 5848560.0 ], [ 589320.0, 5848560.0 ], [ 589320.0, 5848520.0 ], [ 589360.0, 5848520.0 ], [ 589360.0, 5848560.0 ], [ 589440.0, 5848560.0 ], [ 589440.0, 5848600.0 ], [ 589560.0, 5848600.0 ], [ 589560.0, 5848400.0 ], [ 589520.0, 5848400.0 ], [ 589520.0, 5848320.0 ], [ 589480.0, 5848320.0 ], [ 589480.0, 5848280.0 ], [ 589400.0, 5848280.0 ], [ 589400.0, 5848200.0 ], [ 589560.0, 5848200.0 ], [ 589560.0, 5848160.0 ], [ 589600.0, 5848160.0 ], [ 589600.0, 5848120.0 ], [ 589640.0, 5848120.0 ], [ 589640.0, 5848080.0 ], [ 589680.0, 5848080.0 ], [ 589680.0, 5848120.0 ], [ 589840.0, 5848120.0 ], [ 589840.0, 5848160.0 ], [ 590040.0, 5848160.0 ], [ 590040.0, 5848120.0 ], [ 590160.0, 5848120.0 ], [ 590160.0, 5848080.0 ], [ 590200.0, 5848080.0 ], [ 590200.0, 5848040.0 ], [ 590320.0, 5848040.0 ], [ 590320.0, 5848000.0 ], [ 590360.0, 5848000.0 ], [ 590360.0, 5847960.0 ], [ 590280.0, 5847960.0 ], [ 590280.0, 5848000.0 ], [ 590200.0, 5848000.0 ], [ 590200.0, 5847960.0 ], [ 590080.0, 5847960.0 ], [ 590080.0, 5848000.0 ], [ 590000.0, 5848000.0 ], [ 590000.0, 5847960.0 ], [ 589960.0, 5847960.0 ], [ 589960.0, 5848040.0 ], [ 589880.0, 5848040.0 ], [ 589880.0, 5848080.0 ], [ 589720.0, 5848080.0 ], [ 589720.0, 5848040.0 ], [ 589560.0, 5848040.0 ], [ 589560.0, 5848080.0 ], [ 589520.0, 5848080.0 ], [ 589520.0, 5848000.0 ], [ 589560.0, 5848000.0 ], [ 589560.0, 5847920.0 ], [ 589520.0, 5847920.0 ], [ 589520.0, 5847960.0 ], [ 589480.0, 5847960.0 ], [ 589480.0, 5848000.0 ], [ 589440.0, 5848000.0 ], [ 589440.0, 5848120.0 ], [ 589480.0, 5848120.0 ], [ 589480.0, 5848160.0 ], [ 589360.0, 5848160.0 ], [ 589360.0, 5848240.0 ], [ 589320.0, 5848240.0 ], [ 589320.0, 5848160.0 ], [ 588920.0, 5848160.0 ], [ 588920.0, 5848120.0 ], [ 588880.0, 5848120.0 ], [ 588880.0, 5848080.0 ], [ 588840.0, 5848080.0 ], [ 588840.0, 5848160.0 ], [ 588880.0, 5848160.0 ], [ 588880.0, 5848200.0 ], [ 588720.0, 5848200.0 ], [ 588720.0, 5848240.0 ], [ 588840.0, 5848240.0 ], [ 588840.0, 5848280.0 ], [ 588760.0, 5848280.0 ], [ 588760.0, 5848320.0 ], [ 588720.0, 5848320.0 ], [ 588720.0, 5848360.0 ], [ 588680.0, 5848360.0 ], [ 588680.0, 5848400.0 ], [ 588720.0, 5848400.0 ], [ 588720.0, 5848560.0 ], [ 588760.0, 5848560.0 ], [ 588760.0, 5848600.0 ], [ 588840.0, 5848600.0 ], [ 588840.0, 5848640.0 ], [ 588760.0, 5848640.0 ], [ 588760.0, 5848680.0 ], [ 588720.0, 5848680.0 ], [ 588720.0, 5848760.0 ], [ 588760.0, 5848760.0 ], [ 588760.0, 5848800.0 ], [ 588800.0, 5848800.0 ], [ 588800.0, 5848840.0 ], [ 588840.0, 5848840.0 ], [ 588840.0, 5848880.0 ], [ 588880.0, 5848880.0 ], [ 588880.0, 5848840.0 ], [ 588960.0, 5848840.0 ], [ 588960.0, 5848960.0 ], [ 588920.0, 5848960.0 ], [ 588920.0, 5849120.0 ], [ 588880.0, 5849120.0 ], [ 588880.0, 5849240.0 ], [ 588920.0, 5849240.0 ], [ 588920.0, 5849280.0 ], [ 588600.0, 5849280.0 ], [ 588600.0, 5849240.0 ], [ 588560.0, 5849240.0 ], [ 588560.0, 5849280.0 ], [ 588360.0, 5849280.0 ], [ 588360.0, 5849200.0 ], [ 588320.0, 5849200.0 ], [ 588320.0, 5849280.0 ], [ 588040.0, 5849280.0 ] ], [ [ 588480.0, 5849240.0 ], [ 588560.0, 5849240.0 ], [ 588560.0, 5849200.0 ], [ 588480.0, 5849200.0 ], [ 588480.0, 5849240.0 ] ], [ [ 588440.0, 5849200.0 ], [ 588480.0, 5849200.0 ], [ 588480.0, 5849160.0 ], [ 588440.0, 5849160.0 ], [ 588440.0, 5849200.0 ] ], [ [ 588320.0, 5849160.0 ], [ 588440.0, 5849160.0 ], [ 588440.0, 5849080.0 ], [ 588320.0, 5849080.0 ], [ 588320.0, 5849160.0 ] ], [ [ 589280.0, 5849160.0 ], [ 589320.0, 5849160.0 ], [ 589320.0, 5849120.0 ], [ 589360.0, 5849120.0 ], [ 589360.0, 5849000.0 ], [ 589320.0, 5849000.0 ], [ 589320.0, 5849040.0 ], [ 589280.0, 5849040.0 ], [ 589280.0, 5849160.0 ] ], [ [ 588600.0, 5849120.0 ], [ 588640.0, 5849120.0 ], [ 588640.0, 5849080.0 ], [ 588600.0, 5849080.0 ], [ 588600.0, 5849120.0 ] ], [ [ 588560.0, 5849080.0 ], [ 588600.0, 5849080.0 ], [ 588600.0, 5849040.0 ], [ 588560.0, 5849040.0 ], [ 588560.0, 5849080.0 ] ], [ [ 588200.0, 5849040.0 ], [ 588240.0, 5849040.0 ], [ 588240.0, 5849000.0 ], [ 588200.0, 5849000.0 ], [ 588200.0, 5849040.0 ] ], [ [ 588480.0, 5849000.0 ], [ 588600.0, 5849000.0 ], [ 588600.0, 5848960.0 ], [ 588640.0, 5848960.0 ], [ 588640.0, 5848760.0 ], [ 588600.0, 5848760.0 ], [ 588600.0, 5848720.0 ], [ 588400.0, 5848720.0 ], [ 588400.0, 5848680.0 ], [ 588640.0, 5848680.0 ], [ 588640.0, 5848640.0 ], [ 588680.0, 5848640.0 ], [ 588680.0, 5848520.0 ], [ 588560.0, 5848520.0 ], [ 588560.0, 5848440.0 ], [ 588440.0, 5848440.0 ], [ 588440.0, 5848480.0 ], [ 588520.0, 5848480.0 ], [ 588520.0, 5848560.0 ], [ 588480.0, 5848560.0 ], [ 588480.0, 5848600.0 ], [ 588320.0, 5848600.0 ], [ 588320.0, 5848640.0 ], [ 588280.0, 5848640.0 ], [ 588280.0, 5848600.0 ], [ 588200.0, 5848600.0 ], [ 588200.0, 5848520.0 ], [ 588240.0, 5848520.0 ], [ 588240.0, 5848480.0 ], [ 588280.0, 5848480.0 ], [ 588280.0, 5848360.0 ], [ 588320.0, 5848360.0 ], [ 588320.0, 5848280.0 ], [ 588280.0, 5848280.0 ], [ 588280.0, 5848320.0 ], [ 588240.0, 5848320.0 ], [ 588240.0, 5848360.0 ], [ 588200.0, 5848360.0 ], [ 588200.0, 5848280.0 ], [ 588160.0, 5848280.0 ], [ 588160.0, 5848360.0 ], [ 588120.0, 5848360.0 ], [ 588120.0, 5848440.0 ], [ 588160.0, 5848440.0 ], [ 588160.0, 5848520.0 ], [ 588120.0, 5848520.0 ], [ 588120.0, 5848600.0 ], [ 588080.0, 5848600.0 ], [ 588080.0, 5848640.0 ], [ 588120.0, 5848640.0 ], [ 588120.0, 5848760.0 ], [ 588160.0, 5848760.0 ], [ 588160.0, 5848680.0 ], [ 588360.0, 5848680.0 ], [ 588360.0, 5848720.0 ], [ 588320.0, 5848720.0 ], [ 588320.0, 5848760.0 ], [ 588360.0, 5848760.0 ], [ 588360.0, 5848800.0 ], [ 588440.0, 5848800.0 ], [ 588440.0, 5848960.0 ], [ 588480.0, 5848960.0 ], [ 588480.0, 5849000.0 ] ], [ [ 589760.0, 5848920.0 ], [ 589800.0, 5848920.0 ], [ 589800.0, 5848880.0 ], [ 589760.0, 5848880.0 ], [ 589760.0, 5848920.0 ] ], [ [ 590040.0, 5848840.0 ], [ 590080.0, 5848840.0 ], [ 590080.0, 5848800.0 ], [ 590040.0, 5848800.0 ], [ 590040.0, 5848840.0 ] ], [ [ 588080.0, 5848800.0 ], [ 588120.0, 5848800.0 ], [ 588120.0, 5848760.0 ], [ 588080.0, 5848760.0 ], [ 588080.0, 5848800.0 ] ], [ [ 589920.0, 5848800.0 ], [ 589960.0, 5848800.0 ], [ 589960.0, 5848760.0 ], [ 590000.0, 5848760.0 ], [ 590000.0, 5848720.0 ], [ 589920.0, 5848720.0 ], [ 589920.0, 5848680.0 ], [ 589800.0, 5848680.0 ], [ 589800.0, 5848720.0 ], [ 589880.0, 5848720.0 ], [ 589880.0, 5848760.0 ], [ 589920.0, 5848760.0 ], [ 589920.0, 5848800.0 ] ], [ [ 587920.0, 5848720.0 ], [ 588080.0, 5848720.0 ], [ 588080.0, 5848680.0 ], [ 587920.0, 5848680.0 ], [ 587920.0, 5848720.0 ] ], [ [ 587880.0, 5848680.0 ], [ 587920.0, 5848680.0 ], [ 587920.0, 5848640.0 ], [ 588040.0, 5848640.0 ], [ 588040.0, 5848560.0 ], [ 588000.0, 5848560.0 ], [ 588000.0, 5848600.0 ], [ 587880.0, 5848600.0 ], [ 587880.0, 5848680.0 ] ], [ [ 589920.0, 5848600.0 ], [ 590000.0, 5848600.0 ], [ 590000.0, 5848560.0 ], [ 590040.0, 5848560.0 ], [ 590040.0, 5848520.0 ], [ 589840.0, 5848520.0 ], [ 589840.0, 5848440.0 ], [ 589880.0, 5848440.0 ], [ 589880.0, 5848320.0 ], [ 589840.0, 5848320.0 ], [ 589840.0, 5848240.0 ], [ 589800.0, 5848240.0 ], [ 589800.0, 5848280.0 ], [ 589720.0, 5848280.0 ], [ 589720.0, 5848240.0 ], [ 589560.0, 5848240.0 ], [ 589560.0, 5848280.0 ], [ 589600.0, 5848280.0 ], [ 589600.0, 5848320.0 ], [ 589560.0, 5848320.0 ], [ 589560.0, 5848400.0 ], [ 589600.0, 5848400.0 ], [ 589600.0, 5848440.0 ], [ 589680.0, 5848440.0 ], [ 589680.0, 5848520.0 ], [ 589720.0, 5848520.0 ], [ 589720.0, 5848560.0 ], [ 589920.0, 5848560.0 ], [ 589920.0, 5848600.0 ] ], [ [ 590240.0, 5848600.0 ], [ 590280.0, 5848600.0 ], [ 590280.0, 5848560.0 ], [ 590320.0, 5848560.0 ], [ 590320.0, 5848520.0 ], [ 590240.0, 5848520.0 ], [ 590240.0, 5848600.0 ] ], [ [ 590320.0, 5848600.0 ], [ 590360.0, 5848600.0 ], [ 590360.0, 5848560.0 ], [ 590320.0, 5848560.0 ], [ 590320.0, 5848600.0 ] ], [ [ 588640.0, 5848480.0 ], [ 588680.0, 5848480.0 ], [ 588680.0, 5848440.0 ], [ 588640.0, 5848440.0 ], [ 588640.0, 5848480.0 ] ], [ [ 589960.0, 5848480.0 ], [ 590040.0, 5848480.0 ], [ 590040.0, 5848440.0 ], [ 590000.0, 5848440.0 ], [ 590000.0, 5848400.0 ], [ 589960.0, 5848400.0 ], [ 589960.0, 5848480.0 ] ], [ [ 588240.0, 5848280.0 ], [ 588280.0, 5848280.0 ], [ 588280.0, 5848240.0 ], [ 588360.0, 5848240.0 ], [ 588360.0, 5848200.0 ], [ 588280.0, 5848200.0 ], [ 588280.0, 5848160.0 ], [ 588240.0, 5848160.0 ], [ 588240.0, 5848280.0 ] ], [ [ 590120.0, 5848240.0 ], [ 590240.0, 5848240.0 ], [ 590240.0, 5848200.0 ], [ 590120.0, 5848200.0 ], [ 590120.0, 5848240.0 ] ], [ [ 590280.0, 5848240.0 ], [ 590320.0, 5848240.0 ], [ 590320.0, 5848160.0 ], [ 590280.0, 5848160.0 ], [ 590280.0, 5848240.0 ] ], [ [ 590560.0, 5848200.0 ], [ 590600.0, 5848200.0 ], [ 590600.0, 5848160.0 ], [ 590560.0, 5848160.0 ], [ 590560.0, 5848200.0 ] ], [ [ 590480.0, 5848160.0 ], [ 590520.0, 5848160.0 ], [ 590520.0, 5848120.0 ], [ 590480.0, 5848120.0 ], [ 590480.0, 5848160.0 ] ], [ [ 590320.0, 5848120.0 ], [ 590360.0, 5848120.0 ], [ 590360.0, 5848080.0 ], [ 590320.0, 5848080.0 ], [ 590320.0, 5848120.0 ] ], [ [ 590400.0, 5848120.0 ], [ 590440.0, 5848120.0 ], [ 590440.0, 5848080.0 ], [ 590400.0, 5848080.0 ], [ 590400.0, 5848120.0 ] ], [ [ 588920.0, 5848040.0 ], [ 588960.0, 5848040.0 ], [ 588960.0, 5848000.0 ], [ 589080.0, 5848000.0 ], [ 589080.0, 5847960.0 ], [ 589120.0, 5847960.0 ], [ 589120.0, 5848000.0 ], [ 589200.0, 5848000.0 ], [ 589200.0, 5847960.0 ], [ 589280.0, 5847960.0 ], [ 589280.0, 5847920.0 ], [ 589320.0, 5847920.0 ], [ 589320.0, 5847880.0 ], [ 589280.0, 5847880.0 ], [ 589280.0, 5847800.0 ], [ 589320.0, 5847800.0 ], [ 589320.0, 5847720.0 ], [ 589280.0, 5847720.0 ], [ 589280.0, 5847760.0 ], [ 589240.0, 5847760.0 ], [ 589240.0, 5847720.0 ], [ 589040.0, 5847720.0 ], [ 589040.0, 5847680.0 ], [ 589000.0, 5847680.0 ], [ 589000.0, 5847720.0 ], [ 588960.0, 5847720.0 ], [ 588960.0, 5847840.0 ], [ 588880.0, 5847840.0 ], [ 588880.0, 5847880.0 ], [ 588840.0, 5847880.0 ], [ 588840.0, 5847920.0 ], [ 588880.0, 5847920.0 ], [ 588880.0, 5848000.0 ], [ 588920.0, 5848000.0 ], [ 588920.0, 5848040.0 ] ], [ [ 589360.0, 5848040.0 ], [ 589400.0, 5848040.0 ], [ 589400.0, 5848000.0 ], [ 589440.0, 5848000.0 ], [ 589440.0, 5847960.0 ], [ 589360.0, 5847960.0 ], [ 589360.0, 5848040.0 ] ], [ [ 589720.0, 5848040.0 ], [ 589760.0, 5848040.0 ], [ 589760.0, 5847960.0 ], [ 589720.0, 5847960.0 ], [ 589720.0, 5847920.0 ], [ 589680.0, 5847920.0 ], [ 589680.0, 5848000.0 ], [ 589720.0, 5848000.0 ], [ 589720.0, 5848040.0 ] ], [ [ 589800.0, 5848040.0 ], [ 589880.0, 5848040.0 ], [ 589880.0, 5848000.0 ], [ 589800.0, 5848000.0 ], [ 589800.0, 5848040.0 ] ], [ [ 590640.0, 5848040.0 ], [ 590680.0, 5848040.0 ], [ 590680.0, 5848000.0 ], [ 590720.0, 5848000.0 ], [ 590720.0, 5848040.0 ], [ 590840.0, 5848040.0 ], [ 590840.0, 5848000.0 ], [ 590880.0, 5848000.0 ], [ 590880.0, 5847880.0 ], [ 590920.0, 5847880.0 ], [ 590920.0, 5847800.0 ], [ 590960.0, 5847800.0 ], [ 590960.0, 5847760.0 ], [ 591080.0, 5847760.0 ], [ 591080.0, 5847720.0 ], [ 591120.0, 5847720.0 ], [ 591120.0, 5847560.0 ], [ 591080.0, 5847560.0 ], [ 591080.0, 5847360.0 ], [ 591040.0, 5847360.0 ], [ 591040.0, 5847480.0 ], [ 590960.0, 5847480.0 ], [ 590960.0, 5847520.0 ], [ 590920.0, 5847520.0 ], [ 590920.0, 5847600.0 ], [ 590800.0, 5847600.0 ], [ 590800.0, 5847640.0 ], [ 590760.0, 5847640.0 ], [ 590760.0, 5847520.0 ], [ 590800.0, 5847520.0 ], [ 590800.0, 5847400.0 ], [ 590680.0, 5847400.0 ], [ 590680.0, 5847360.0 ], [ 590640.0, 5847360.0 ], [ 590640.0, 5847400.0 ], [ 590600.0, 5847400.0 ], [ 590600.0, 5847440.0 ], [ 590560.0, 5847440.0 ], [ 590560.0, 5847600.0 ], [ 590360.0, 5847600.0 ], [ 590360.0, 5847640.0 ], [ 590400.0, 5847640.0 ], [ 590400.0, 5847680.0 ], [ 590480.0, 5847680.0 ], [ 590480.0, 5847640.0 ], [ 590560.0, 5847640.0 ], [ 590560.0, 5847680.0 ], [ 590520.0, 5847680.0 ], [ 590520.0, 5847760.0 ], [ 590480.0, 5847760.0 ], [ 590480.0, 5847840.0 ], [ 590440.0, 5847840.0 ], [ 590440.0, 5848000.0 ], [ 590480.0, 5848000.0 ], [ 590480.0, 5847960.0 ], [ 590520.0, 5847960.0 ], [ 590520.0, 5848000.0 ], [ 590640.0, 5848000.0 ], [ 590640.0, 5848040.0 ] ], [ [ 590960.0, 5848000.0 ], [ 591000.0, 5848000.0 ], [ 591000.0, 5847920.0 ], [ 590960.0, 5847920.0 ], [ 590960.0, 5848000.0 ] ], [ [ 591120.0, 5848000.0 ], [ 591160.0, 5848000.0 ], [ 591160.0, 5847960.0 ], [ 591120.0, 5847960.0 ], [ 591120.0, 5848000.0 ] ], [ [ 588680.0, 5847960.0 ], [ 588720.0, 5847960.0 ], [ 588720.0, 5847920.0 ], [ 588680.0, 5847920.0 ], [ 588680.0, 5847960.0 ] ], [ [ 590080.0, 5847920.0 ], [ 590120.0, 5847920.0 ], [ 590120.0, 5847880.0 ], [ 590080.0, 5847880.0 ], [ 590080.0, 5847920.0 ] ], [ [ 589480.0, 5847880.0 ], [ 589520.0, 5847880.0 ], [ 589520.0, 5847840.0 ], [ 589480.0, 5847840.0 ], [ 589480.0, 5847880.0 ] ], [ [ 590120.0, 5847880.0 ], [ 590160.0, 5847880.0 ], [ 590160.0, 5847840.0 ], [ 590120.0, 5847840.0 ], [ 590120.0, 5847880.0 ] ], [ [ 589360.0, 5847840.0 ], [ 589400.0, 5847840.0 ], [ 589400.0, 5847800.0 ], [ 589360.0, 5847800.0 ], [ 589360.0, 5847840.0 ] ], [ [ 589880.0, 5847840.0 ], [ 590080.0, 5847840.0 ], [ 590080.0, 5847800.0 ], [ 590000.0, 5847800.0 ], [ 590000.0, 5847760.0 ], [ 589920.0, 5847760.0 ], [ 589920.0, 5847800.0 ], [ 589880.0, 5847800.0 ], [ 589880.0, 5847840.0 ] ], [ [ 588840.0, 5847800.0 ], [ 588880.0, 5847800.0 ], [ 588880.0, 5847760.0 ], [ 588840.0, 5847760.0 ], [ 588840.0, 5847800.0 ] ], [ [ 589400.0, 5847800.0 ], [ 589440.0, 5847800.0 ], [ 589440.0, 5847760.0 ], [ 589400.0, 5847760.0 ], [ 589400.0, 5847800.0 ] ], [ [ 589480.0, 5847800.0 ], [ 589520.0, 5847800.0 ], [ 589520.0, 5847760.0 ], [ 589480.0, 5847760.0 ], [ 589480.0, 5847800.0 ] ], [ [ 589640.0, 5847760.0 ], [ 589680.0, 5847760.0 ], [ 589680.0, 5847720.0 ], [ 589640.0, 5847720.0 ], [ 589640.0, 5847760.0 ] ], [ [ 588640.0, 5847720.0 ], [ 588680.0, 5847720.0 ], [ 588680.0, 5847640.0 ], [ 588560.0, 5847640.0 ], [ 588560.0, 5847680.0 ], [ 588640.0, 5847680.0 ], [ 588640.0, 5847720.0 ] ], [ [ 588880.0, 5847720.0 ], [ 588920.0, 5847720.0 ], [ 588920.0, 5847680.0 ], [ 588880.0, 5847680.0 ], [ 588880.0, 5847720.0 ] ], [ [ 589680.0, 5847680.0 ], [ 589720.0, 5847680.0 ], [ 589720.0, 5847600.0 ], [ 589680.0, 5847600.0 ], [ 589680.0, 5847560.0 ], [ 589640.0, 5847560.0 ], [ 589640.0, 5847640.0 ], [ 589680.0, 5847640.0 ], [ 589680.0, 5847680.0 ] ], [ [ 589760.0, 5847680.0 ], [ 589800.0, 5847680.0 ], [ 589800.0, 5847640.0 ], [ 589840.0, 5847640.0 ], [ 589840.0, 5847560.0 ], [ 589800.0, 5847560.0 ], [ 589800.0, 5847600.0 ], [ 589760.0, 5847600.0 ], [ 589760.0, 5847680.0 ] ], [ [ 589880.0, 5847680.0 ], [ 589920.0, 5847680.0 ], [ 589920.0, 5847640.0 ], [ 589880.0, 5847640.0 ], [ 589880.0, 5847680.0 ] ], [ [ 589960.0, 5847600.0 ], [ 590000.0, 5847600.0 ], [ 590000.0, 5847560.0 ], [ 589960.0, 5847560.0 ], [ 589960.0, 5847600.0 ] ], [ [ 589320.0, 5847480.0 ], [ 589360.0, 5847480.0 ], [ 589360.0, 5847440.0 ], [ 589320.0, 5847440.0 ], [ 589320.0, 5847480.0 ] ], [ [ 588200.0, 5847440.0 ], [ 588280.0, 5847440.0 ], [ 588280.0, 5847400.0 ], [ 588200.0, 5847400.0 ], [ 588200.0, 5847440.0 ] ], [ [ 589760.0, 5847440.0 ], [ 589800.0, 5847440.0 ], [ 589800.0, 5847400.0 ], [ 589760.0, 5847400.0 ], [ 589760.0, 5847440.0 ] ], [ [ 590000.0, 5847440.0 ], [ 590040.0, 5847440.0 ], [ 590040.0, 5847400.0 ], [ 590000.0, 5847400.0 ], [ 590000.0, 5847440.0 ] ], [ [ 588320.0, 5847400.0 ], [ 588400.0, 5847400.0 ], [ 588400.0, 5847360.0 ], [ 588320.0, 5847360.0 ], [ 588320.0, 5847400.0 ] ], [ [ 591080.0, 5847360.0 ], [ 591120.0, 5847360.0 ], [ 591120.0, 5847320.0 ], [ 591160.0, 5847320.0 ], [ 591160.0, 5847280.0 ], [ 591080.0, 5847280.0 ], [ 591080.0, 5847360.0 ] ], [ [ 590320.0, 5847320.0 ], [ 590360.0, 5847320.0 ], [ 590360.0, 5847280.0 ], [ 590320.0, 5847280.0 ], [ 590320.0, 5847320.0 ] ], [ [ 590720.0, 5847280.0 ], [ 590760.0, 5847280.0 ], [ 590760.0, 5847200.0 ], [ 590680.0, 5847200.0 ], [ 590680.0, 5847240.0 ], [ 590720.0, 5847240.0 ], [ 590720.0, 5847280.0 ] ], [ [ 591120.0, 5847200.0 ], [ 591160.0, 5847200.0 ], [ 591160.0, 5847160.0 ], [ 591120.0, 5847160.0 ], [ 591120.0, 5847200.0 ] ], [ [ 591160.0, 5847040.0 ], [ 591200.0, 5847040.0 ], [ 591200.0, 5847000.0 ], [ 591160.0, 5847000.0 ], [ 591160.0, 5847040.0 ] ], [ [ 590080.0, 5846960.0 ], [ 590120.0, 5846960.0 ], [ 590120.0, 5846920.0 ], [ 590080.0, 5846920.0 ], [ 590080.0, 5846960.0 ] ], [ [ 590920.0, 5846960.0 ], [ 591000.0, 5846960.0 ], [ 591000.0, 5846880.0 ], [ 591040.0, 5846880.0 ], [ 591040.0, 5846760.0 ], [ 591080.0, 5846760.0 ], [ 591080.0, 5846680.0 ], [ 591040.0, 5846680.0 ], [ 591040.0, 5846600.0 ], [ 590920.0, 5846600.0 ], [ 590920.0, 5846560.0 ], [ 590840.0, 5846560.0 ], [ 590840.0, 5846600.0 ], [ 590760.0, 5846600.0 ], [ 590760.0, 5846760.0 ], [ 590720.0, 5846760.0 ], [ 590720.0, 5846800.0 ], [ 590760.0, 5846800.0 ], [ 590760.0, 5846840.0 ], [ 590800.0, 5846840.0 ], [ 590800.0, 5846920.0 ], [ 590920.0, 5846920.0 ], [ 590920.0, 5846960.0 ] ], [ [ 589520.0, 5846920.0 ], [ 589560.0, 5846920.0 ], [ 589560.0, 5846880.0 ], [ 589520.0, 5846880.0 ], [ 589520.0, 5846920.0 ] ], [ [ 590040.0, 5846880.0 ], [ 590080.0, 5846880.0 ], [ 590080.0, 5846840.0 ], [ 590040.0, 5846840.0 ], [ 590040.0, 5846880.0 ] ], [ [ 590720.0, 5846880.0 ], [ 590760.0, 5846880.0 ], [ 590760.0, 5846840.0 ], [ 590720.0, 5846840.0 ], [ 590720.0, 5846880.0 ] ], [ [ 590080.0, 5846840.0 ], [ 590120.0, 5846840.0 ], [ 590120.0, 5846800.0 ], [ 590080.0, 5846800.0 ], [ 590080.0, 5846840.0 ] ], [ [ 590160.0, 5846760.0 ], [ 590200.0, 5846760.0 ], [ 590200.0, 5846720.0 ], [ 590160.0, 5846720.0 ], [ 590160.0, 5846760.0 ] ], [ [ 590200.0, 5846720.0 ], [ 590240.0, 5846720.0 ], [ 590240.0, 5846680.0 ], [ 590200.0, 5846680.0 ], [ 590200.0, 5846720.0 ] ], [ [ 590160.0, 5846640.0 ], [ 590200.0, 5846640.0 ], [ 590200.0, 5846600.0 ], [ 590160.0, 5846600.0 ], [ 590160.0, 5846640.0 ] ], [ [ 590600.0, 5846640.0 ], [ 590640.0, 5846640.0 ], [ 590640.0, 5846600.0 ], [ 590600.0, 5846600.0 ], [ 590600.0, 5846640.0 ] ], [ [ 590640.0, 5846600.0 ], [ 590680.0, 5846600.0 ], [ 590680.0, 5846520.0 ], [ 590640.0, 5846520.0 ], [ 590640.0, 5846600.0 ] ], [ [ 591040.0, 5846520.0 ], [ 591080.0, 5846520.0 ], [ 591080.0, 5846440.0 ], [ 591040.0, 5846440.0 ], [ 591040.0, 5846520.0 ] ], [ [ 590200.0, 5846440.0 ], [ 590280.0, 5846440.0 ], [ 590280.0, 5846400.0 ], [ 590320.0, 5846400.0 ], [ 590320.0, 5846320.0 ], [ 590360.0, 5846320.0 ], [ 590360.0, 5846160.0 ], [ 590400.0, 5846160.0 ], [ 590400.0, 5846000.0 ], [ 590360.0, 5846000.0 ], [ 590360.0, 5845960.0 ], [ 590320.0, 5845960.0 ], [ 590320.0, 5846000.0 ], [ 590240.0, 5846000.0 ], [ 590240.0, 5846040.0 ], [ 590200.0, 5846040.0 ], [ 590200.0, 5846160.0 ], [ 590160.0, 5846160.0 ], [ 590160.0, 5846400.0 ], [ 590200.0, 5846400.0 ], [ 590200.0, 5846440.0 ] ], [ [ 590400.0, 5846440.0 ], [ 590520.0, 5846440.0 ], [ 590520.0, 5846400.0 ], [ 590600.0, 5846400.0 ], [ 590600.0, 5846360.0 ], [ 590640.0, 5846360.0 ], [ 590640.0, 5846280.0 ], [ 590600.0, 5846280.0 ], [ 590600.0, 5846200.0 ], [ 590520.0, 5846200.0 ], [ 590520.0, 5846160.0 ], [ 590480.0, 5846160.0 ], [ 590480.0, 5846200.0 ], [ 590440.0, 5846200.0 ], [ 590440.0, 5846280.0 ], [ 590400.0, 5846280.0 ], [ 590400.0, 5846320.0 ], [ 590360.0, 5846320.0 ], [ 590360.0, 5846400.0 ], [ 590400.0, 5846400.0 ], [ 590400.0, 5846440.0 ] ], [ [ 590680.0, 5846400.0 ], [ 590720.0, 5846400.0 ], [ 590720.0, 5846360.0 ], [ 590680.0, 5846360.0 ], [ 590680.0, 5846400.0 ] ], [ [ 590920.0, 5846400.0 ], [ 591000.0, 5846400.0 ], [ 591000.0, 5846320.0 ], [ 590920.0, 5846320.0 ], [ 590920.0, 5846400.0 ] ], [ [ 590720.0, 5846360.0 ], [ 590760.0, 5846360.0 ], [ 590760.0, 5846320.0 ], [ 590720.0, 5846320.0 ], [ 590720.0, 5846360.0 ] ], [ [ 590080.0, 5846320.0 ], [ 590120.0, 5846320.0 ], [ 590120.0, 5846280.0 ], [ 590080.0, 5846280.0 ], [ 590080.0, 5846320.0 ] ], [ [ 590840.0, 5846280.0 ], [ 590960.0, 5846280.0 ], [ 590960.0, 5846240.0 ], [ 591000.0, 5846240.0 ], [ 591000.0, 5846040.0 ], [ 590960.0, 5846040.0 ], [ 590960.0, 5845960.0 ], [ 590920.0, 5845960.0 ], [ 590920.0, 5846200.0 ], [ 590800.0, 5846200.0 ], [ 590800.0, 5846160.0 ], [ 590760.0, 5846160.0 ], [ 590760.0, 5846240.0 ], [ 590840.0, 5846240.0 ], [ 590840.0, 5846280.0 ] ], [ [ 591120.0, 5846200.0 ], [ 591160.0, 5846200.0 ], [ 591160.0, 5846160.0 ], [ 591120.0, 5846160.0 ], [ 591120.0, 5846200.0 ] ], [ [ 590800.0, 5846160.0 ], [ 590840.0, 5846160.0 ], [ 590840.0, 5846120.0 ], [ 590880.0, 5846120.0 ], [ 590880.0, 5845960.0 ], [ 590840.0, 5845960.0 ], [ 590840.0, 5846040.0 ], [ 590800.0, 5846040.0 ], [ 590800.0, 5846160.0 ] ], [ [ 591160.0, 5846160.0 ], [ 591200.0, 5846160.0 ], [ 591200.0, 5846120.0 ], [ 591160.0, 5846120.0 ], [ 591160.0, 5846160.0 ] ], [ [ 590120.0, 5846040.0 ], [ 590200.0, 5846040.0 ], [ 590200.0, 5846000.0 ], [ 590120.0, 5846000.0 ], [ 590120.0, 5846040.0 ] ], [ [ 590880.0, 5845760.0 ], [ 590960.0, 5845760.0 ], [ 590960.0, 5845720.0 ], [ 590880.0, 5845720.0 ], [ 590880.0, 5845760.0 ] ], [ [ 591040.0, 5845680.0 ], [ 591080.0, 5845680.0 ], [ 591080.0, 5845640.0 ], [ 591040.0, 5845640.0 ], [ 591040.0, 5845680.0 ] ], [ [ 590680.0, 5845320.0 ], [ 590720.0, 5845320.0 ], [ 590720.0, 5845280.0 ], [ 590680.0, 5845280.0 ], [ 590680.0, 5845320.0 ] ], [ [ 590960.0, 5844480.0 ], [ 591040.0, 5844480.0 ], [ 591040.0, 5844400.0 ], [ 591000.0, 5844400.0 ], [ 591000.0, 5844440.0 ], [ 590960.0, 5844440.0 ], [ 590960.0, 5844480.0 ] ], [ [ 591040.0, 5844400.0 ], [ 591080.0, 5844400.0 ], [ 591080.0, 5844360.0 ], [ 591120.0, 5844360.0 ], [ 591120.0, 5844320.0 ], [ 591160.0, 5844320.0 ], [ 591160.0, 5844240.0 ], [ 591120.0, 5844240.0 ], [ 591120.0, 5844280.0 ], [ 591080.0, 5844280.0 ], [ 591080.0, 5844320.0 ], [ 591040.0, 5844320.0 ], [ 591040.0, 5844400.0 ] ] ] } },
{ "type": "Feature", "properties": { "zone": "D", "name": "Zone D: Upland Baseline (10,750 px)", "code": 4, "n_pixels": 10750 }, "geometry": { "type": "Polygon", "coordinates": [ [ [ 586720.0, 5844240.0 ], [ 586720.0, 5844120.0 ], [ 586760.0, 5844120.0 ], [ 586760.0, 5844160.0 ], [ 586800.0, 5844160.0 ], [ 586800.0, 5844200.0 ], [ 586760.0, 5844200.0 ], [ 586760.0, 5844240.0 ], [ 586720.0, 5844240.0 ] ] ] } },
{ "type": "Feature", "properties": { "zone": "D", "name": "Zone D: Upland Baseline (10,750 px)", "code": 4, "n_pixels": 10750 }, "geometry": { "type": "Polygon", "coordinates": [ [ [ 585960.0, 5844200.0 ], [ 585960.0, 5844120.0 ], [ 586040.0, 5844120.0 ], [ 586040.0, 5844160.0 ], [ 586000.0, 5844160.0 ], [ 586000.0, 5844200.0 ], [ 585960.0, 5844200.0 ] ] ] } },
{ "type": "Feature", "properties": { "zone": "D", "name": "Zone D: Upland Baseline (10,750 px)", "code": 4, "n_pixels": 10750 }, "geometry": { "type": "Polygon", "coordinates": [ [ [ 586960.0, 5844320.0 ], [ 586960.0, 5844280.0 ], [ 586920.0, 5844280.0 ], [ 586920.0, 5844240.0 ], [ 586880.0, 5844240.0 ], [ 586880.0, 5844200.0 ], [ 586840.0, 5844200.0 ], [ 586840.0, 5844120.0 ], [ 587040.0, 5844120.0 ], [ 587040.0, 5844160.0 ], [ 587200.0, 5844160.0 ], [ 587200.0, 5844120.0 ], [ 587240.0, 5844120.0 ], [ 587240.0, 5844200.0 ], [ 587200.0, 5844200.0 ], [ 587200.0, 5844240.0 ], [ 587160.0, 5844240.0 ], [ 587160.0, 5844200.0 ], [ 587080.0, 5844200.0 ], [ 587080.0, 5844240.0 ], [ 587000.0, 5844240.0 ], [ 587000.0, 5844320.0 ], [ 586960.0, 5844320.0 ] ] ] } },
{ "type": "Feature", "properties": { "zone": "D", "name": "Zone D: Upland Baseline (10,750 px)", "code": 4, "n_pixels": 10750 }, "geometry": { "type": "Polygon", "coordinates": [ [ [ 586880.0, 5846400.0 ], [ 586880.0, 5846360.0 ], [ 586720.0, 5846360.0 ], [ 586720.0, 5846280.0 ], [ 586760.0, 5846280.0 ], [ 586760.0, 5846160.0 ], [ 586800.0, 5846160.0 ], [ 586800.0, 5846000.0 ], [ 586840.0, 5846000.0 ], [ 586840.0, 5845760.0 ], [ 586800.0, 5845760.0 ], [ 586800.0, 5845720.0 ], [ 586720.0, 5845720.0 ], [ 586720.0, 5845760.0 ], [ 586680.0, 5845760.0 ], [ 586680.0, 5845840.0 ], [ 586640.0, 5845840.0 ], [ 586640.0, 5846000.0 ], [ 586600.0, 5846000.0 ], [ 586600.0, 5846040.0 ], [ 586640.0, 5846040.0 ], [ 586640.0, 5846080.0 ], [ 586600.0, 5846080.0 ], [ 586600.0, 5846240.0 ], [ 586560.0, 5846240.0 ], [ 586560.0, 5846280.0 ], [ 586400.0, 5846280.0 ], [ 586400.0, 5846320.0 ], [ 586440.0, 5846320.0 ], [ 586440.0, 5846360.0 ], [ 586360.0, 5846360.0 ], [ 586360.0, 5846320.0 ], [ 586320.0, 5846320.0 ], [ 586320.0, 5846280.0 ], [ 586360.0, 5846280.0 ], [ 586360.0, 5846240.0 ], [ 586400.0, 5846240.0 ], [ 586400.0, 5846200.0 ], [ 586360.0, 5846200.0 ], [ 586360.0, 5846120.0 ], [ 586400.0, 5846120.0 ], [ 586400.0, 5846080.0 ], [ 586440.0, 5846080.0 ], [ 586440.0, 5845880.0 ], [ 586480.0, 5845880.0 ], [ 586480.0, 5845680.0 ], [ 586440.0, 5845680.0 ], [ 586440.0, 5845520.0 ], [ 586400.0, 5845520.0 ], [ 586400.0, 5845600.0 ], [ 586360.0, 5845600.0 ], [ 586360.0, 5845640.0 ], [ 586320.0, 5845640.0 ], [ 586320.0, 5845680.0 ], [ 586280.0, 5845680.0 ], [ 586280.0, 5845760.0 ], [ 586320.0, 5845760.0 ], [ 586320.0, 5845800.0 ], [ 586280.0, 5845800.0 ], [ 586280.0, 5846000.0 ], [ 586240.0, 5846000.0 ], [ 586240.0, 5846040.0 ], [ 586200.0, 5846040.0 ], [ 586200.0, 5846080.0 ], [ 586120.0, 5846080.0 ], [ 586120.0, 5846120.0 ], [ 586160.0, 5846120.0 ], [ 586160.0, 5846200.0 ], [ 585920.0, 5846200.0 ], [ 585920.0, 5846160.0 ], [ 585880.0, 5846160.0 ], [ 585880.0, 5846120.0 ], [ 585720.0, 5846120.0 ], [ 585720.0, 5845640.0 ], [ 585760.0, 5845640.0 ], [ 585760.0, 5845480.0 ], [ 585720.0, 5845480.0 ], [ 585720.0, 5845400.0 ], [ 585760.0, 5845400.0 ], [ 585760.0, 5845360.0 ], [ 585800.0, 5845360.0 ], [ 585800.0, 5845320.0 ], [ 585840.0, 5845320.0 ], [ 585840.0, 5845360.0 ], [ 585880.0, 5845360.0 ], [ 585880.0, 5845320.0 ], [ 585960.0, 5845320.0 ], [ 585960.0, 5845400.0 ], [ 586000.0, 5845400.0 ], [ 586000.0, 5845440.0 ], [ 585960.0, 5845440.0 ], [ 585960.0, 5845600.0 ], [ 586000.0, 5845600.0 ], [ 586000.0, 5845760.0 ], [ 586040.0, 5845760.0 ], [ 586040.0, 5845680.0 ], [ 586200.0, 5845680.0 ], [ 586200.0, 5845640.0 ], [ 586240.0, 5845640.0 ], [ 586240.0, 5845600.0 ], [ 586280.0, 5845600.0 ], [ 586280.0, 5845440.0 ], [ 586240.0, 5845440.0 ], [ 586240.0, 5845400.0 ], [ 586200.0, 5845400.0 ], [ 586200.0, 5845280.0 ], [ 586240.0, 5845280.0 ], [ 586240.0, 5845080.0 ], [ 586280.0, 5845080.0 ], [ 586280.0, 5845000.0 ], [ 586320.0, 5845000.0 ], [ 586320.0, 5844920.0 ], [ 586280.0, 5844920.0 ], [ 586280.0, 5844880.0 ], [ 586240.0, 5844880.0 ], [ 586240.0, 5844840.0 ], [ 586120.0, 5844840.0 ], [ 586120.0, 5844880.0 ], [ 586080.0, 5844880.0 ], [ 586080.0, 5845040.0 ], [ 586040.0, 5845040.0 ], [ 586040.0, 5845080.0 ], [ 586000.0, 5845080.0 ], [ 586000.0, 5845200.0 ], [ 585840.0, 5845200.0 ], [ 585840.0, 5845240.0 ], [ 585960.0, 5845240.0 ], [ 585960.0, 5845280.0 ], [ 585800.0, 5845280.0 ], [ 585800.0, 5845240.0 ], [ 585760.0, 5845240.0 ], [ 585760.0, 5845120.0 ], [ 585720.0, 5845120.0 ], [ 585720.0, 5844960.0 ], [ 585760.0, 5844960.0 ], [ 585760.0, 5844920.0 ], [ 585800.0, 5844920.0 ], [ 585800.0, 5844880.0 ], [ 585840.0, 5844880.0 ], [ 585840.0, 5844840.0 ], [ 585960.0, 5844840.0 ], [ 585960.0, 5844880.0 ], [ 586000.0, 5844880.0 ], [ 586000.0, 5844840.0 ], [ 586080.0, 5844840.0 ], [ 586080.0, 5844800.0 ], [ 585920.0, 5844800.0 ], [ 585920.0, 5844760.0 ], [ 585800.0, 5844760.0 ], [ 585800.0, 5844800.0 ], [ 585720.0, 5844800.0 ], [ 585720.0, 5844680.0 ], [ 585840.0, 5844680.0 ], [ 585840.0, 5844640.0 ], [ 585880.0, 5844640.0 ], [ 585880.0, 5844680.0 ], [ 585920.0, 5844680.0 ], [ 585920.0, 5844640.0 ], [ 585960.0, 5844640.0 ], [ 585960.0, 5844600.0 ], [ 586040.0, 5844600.0 ], [ 586040.0, 5844680.0 ], [ 586000.0, 5844680.0 ], [ 586000.0, 5844760.0 ], [ 586080.0, 5844760.0 ], [ 586080.0, 5844680.0 ], [ 586120.0, 5844680.0 ], [ 586120.0, 5844600.0 ], [ 586160.0, 5844600.0 ], [ 586160.0, 5844640.0 ], [ 586240.0, 5844640.0 ], [ 586240.0, 5844800.0 ], [ 586280.0, 5844800.0 ], [ 586280.0, 5844840.0 ], [ 586320.0, 5844840.0 ], [ 586320.0, 5844880.0 ], [ 586400.0, 5844880.0 ], [ 586400.0, 5844960.0 ], [ 586520.0, 5844960.0 ], [ 586520.0, 5845000.0 ], [ 586640.0, 5845000.0 ], [ 586640.0, 5844960.0 ], [ 586680.0, 5844960.0 ], [ 586680.0, 5844920.0 ], [ 586720.0, 5844920.0 ], [ 586720.0, 5844960.0 ], [ 586760.0, 5844960.0 ], [ 586760.0, 5845000.0 ], [ 586800.0, 5845000.0 ], [ 586800.0, 5845160.0 ], [ 586640.0, 5845160.0 ], [ 586640.0, 5845120.0 ], [ 586520.0, 5845120.0 ], [ 586520.0, 5845080.0 ], [ 586440.0, 5845080.0 ], [ 586440.0, 5845120.0 ], [ 586320.0, 5845120.0 ], [ 586320.0, 5845200.0 ], [ 586280.0, 5845200.0 ], [ 586280.0, 5845280.0 ], [ 586320.0, 5845280.0 ], [ 586320.0, 5845360.0 ], [ 586360.0, 5845360.0 ], [ 586360.0, 5845440.0 ], [ 586480.0, 5845440.0 ], [ 586480.0, 5845480.0 ], [ 586600.0, 5845480.0 ], [ 586600.0, 5845520.0 ], [ 586640.0, 5845520.0 ], [ 586640.0, 5845560.0 ], [ 586760.0, 5845560.0 ], [ 586760.0, 5845600.0 ], [ 586880.0, 5845600.0 ], [ 586880.0, 5845560.0 ], [ 586920.0, 5845560.0 ], [ 586920.0, 5845480.0 ], [ 586960.0, 5845480.0 ], [ 586960.0, 5845320.0 ], [ 587000.0, 5845320.0 ], [ 587000.0, 5845080.0 ], [ 586960.0, 5845080.0 ], [ 586960.0, 5845000.0 ], [ 587040.0, 5845000.0 ], [ 587040.0, 5844920.0 ], [ 587080.0, 5844920.0 ], [ 587080.0, 5844760.0 ], [ 587120.0, 5844760.0 ], [ 587120.0, 5844720.0 ], [ 587240.0, 5844720.0 ], [ 587240.0, 5844680.0 ], [ 587320.0, 5844680.0 ], [ 587320.0, 5844880.0 ], [ 587280.0, 5844880.0 ], [ 587280.0, 5845000.0 ], [ 587200.0, 5845000.0 ], [ 587200.0, 5845040.0 ], [ 587160.0, 5845040.0 ], [ 587160.0, 5845080.0 ], [ 587280.0, 5845080.0 ], [ 587280.0, 5845120.0 ], [ 587320.0, 5845120.0 ], [ 587320.0, 5845160.0 ], [ 587360.0, 5845160.0 ], [ 587360.0, 5845200.0 ], [ 587480.0, 5845200.0 ], [ 587480.0, 5845160.0 ], [ 587520.0, 5845160.0 ], [ 587520.0, 5845200.0 ], [ 587560.0, 5845200.0 ], [ 587560.0, 5845120.0 ], [ 587400.0, 5845120.0 ], [ 587400.0, 5845080.0 ], [ 587360.0, 5845080.0 ], [ 587360.0, 5845040.0 ], [ 587320.0, 5845040.0 ], [ 587320.0, 5844960.0 ], [ 587440.0, 5844960.0 ], [ 587440.0, 5845000.0 ], [ 587480.0, 5845000.0 ], [ 587480.0, 5844920.0 ], [ 587440.0, 5844920.0 ], [ 587440.0, 5844880.0 ], [ 587480.0, 5844880.0 ], [ 587480.0, 5844840.0 ], [ 587520.0, 5844840.0 ], [ 587520.0, 5844560.0 ], [ 587560.0, 5844560.0 ], [ 587560.0, 5844520.0 ], [ 587520.0, 5844520.0 ], [ 587520.0, 5844360.0 ], [ 587480.0, 5844360.0 ], [ 587480.0, 5844320.0 ], [ 587440.0, 5844320.0 ], [ 587440.0, 5844280.0 ], [ 587480.0, 5844280.0 ], [ 587480.0, 5844240.0 ], [ 587400.0, 5844240.0 ], [ 587400.0, 5844200.0 ], [ 587320.0, 5844200.0 ], [ 587320.0, 5844120.0 ], [ 587720.0, 5844120.0 ], [ 587720.0, 5844280.0 ], [ 587680.0, 5844280.0 ], [ 587680.0, 5844360.0 ], [ 587640.0, 5844360.0 ], [ 587640.0, 5844400.0 ], [ 587600.0, 5844400.0 ], [ 587600.0, 5844440.0 ], [ 587560.0, 5844440.0 ], [ 587560.0, 5844480.0 ], [ 587600.0, 5844480.0 ], [ 587600.0, 5844520.0 ], [ 587840.0, 5844520.0 ], [ 587840.0, 5844560.0 ], [ 587960.0, 5844560.0 ], [ 587960.0, 5844480.0 ], [ 588000.0, 5844480.0 ], [ 588000.0, 5844440.0 ], [ 587960.0, 5844440.0 ], [ 587960.0, 5844320.0 ], [ 588000.0, 5844320.0 ], [ 588000.0, 5844200.0 ], [ 588040.0, 5844200.0 ], [ 588040.0, 5844120.0 ], [ 588240.0, 5844120.0 ], [ 588240.0, 5844200.0 ], [ 588200.0, 5844200.0 ], [ 588200.0, 5844440.0 ], [ 588160.0, 5844440.0 ], [ 588160.0, 5844520.0 ], [ 588040.0, 5844520.0 ], [ 588040.0, 5844640.0 ], [ 588000.0, 5844640.0 ], [ 588000.0, 5844800.0 ], [ 587960.0, 5844800.0 ], [ 587960.0, 5844840.0 ], [ 588000.0, 5844840.0 ], [ 588000.0, 5844880.0 ], [ 587960.0, 5844880.0 ], [ 587960.0, 5844920.0 ], [ 587920.0, 5844920.0 ], [ 587920.0, 5845080.0 ], [ 587880.0, 5845080.0 ], [ 587880.0, 5845240.0 ], [ 587800.0, 5845240.0 ], [ 587800.0, 5845200.0 ], [ 587720.0, 5845200.0 ], [ 587720.0, 5845240.0 ], [ 587600.0, 5845240.0 ], [ 587600.0, 5845280.0 ], [ 587640.0, 5845280.0 ], [ 587640.0, 5845440.0 ], [ 587600.0, 5845440.0 ], [ 587600.0, 5845480.0 ], [ 587560.0, 5845480.0 ], [ 587560.0, 5845560.0 ], [ 587520.0, 5845560.0 ], [ 587520.0, 5845640.0 ], [ 587560.0, 5845640.0 ], [ 587560.0, 5845600.0 ], [ 587600.0, 5845600.0 ], [ 587600.0, 5845680.0 ], [ 587640.0, 5845680.0 ], [ 587640.0, 5845600.0 ], [ 587720.0, 5845600.0 ], [ 587720.0, 5845560.0 ], [ 587760.0, 5845560.0 ], [ 587760.0, 5845520.0 ], [ 587800.0, 5845520.0 ], [ 587800.0, 5845480.0 ], [ 587840.0, 5845480.0 ], [ 587840.0, 5845440.0 ], [ 587880.0, 5845440.0 ], [ 587880.0, 5845400.0 ], [ 587920.0, 5845400.0 ], [ 587920.0, 5845360.0 ], [ 587960.0, 5845360.0 ], [ 587960.0, 5845320.0 ], [ 588040.0, 5845320.0 ], [ 588040.0, 5845280.0 ], [ 588080.0, 5845280.0 ], [ 588080.0, 5845240.0 ], [ 588160.0, 5845240.0 ], [ 588160.0, 5845200.0 ], [ 588200.0, 5845200.0 ], [ 588200.0, 5845160.0 ], [ 588240.0, 5845160.0 ], [ 588240.0, 5845120.0 ], [ 588280.0, 5845120.0 ], [ 588280.0, 5845080.0 ], [ 588160.0, 5845080.0 ], [ 588160.0, 5845040.0 ], [ 588200.0, 5845040.0 ], [ 588200.0, 5844880.0 ], [ 588160.0, 5844880.0 ], [ 588160.0, 5844920.0 ], [ 588120.0, 5844920.0 ], [ 588120.0, 5845080.0 ], [ 588080.0, 5845080.0 ], [ 588080.0, 5845120.0 ], [ 588040.0, 5845120.0 ], [ 588040.0, 5845200.0 ], [ 587960.0, 5845200.0 ], [ 587960.0, 5845080.0 ], [ 588000.0, 5845080.0 ], [ 588000.0, 5844960.0 ], [ 588040.0, 5844960.0 ], [ 588040.0, 5844880.0 ], [ 588080.0, 5844880.0 ], [ 588080.0, 5844680.0 ], [ 588120.0, 5844680.0 ], [ 588120.0, 5844600.0 ], [ 588200.0, 5844600.0 ], [ 588200.0, 5844560.0 ], [ 588240.0, 5844560.0 ], [ 588240.0, 5844600.0 ], [ 588360.0, 5844600.0 ], [ 588360.0, 5844640.0 ], [ 588560.0, 5844640.0 ], [ 588560.0, 5844680.0 ], [ 588640.0, 5844680.0 ], [ 588640.0, 5844640.0 ], [ 588680.0, 5844640.0 ], [ 588680.0, 5844520.0 ], [ 588720.0, 5844520.0 ], [ 588720.0, 5844280.0 ], [ 588760.0, 5844280.0 ], [ 588760.0, 5844160.0 ], [ 588800.0, 5844160.0 ], [ 588800.0, 5844120.0 ], [ 589040.0, 5844120.0 ], [ 589040.0, 5844160.0 ], [ 589080.0, 5844160.0 ], [ 589080.0, 5844120.0 ], [ 589720.0, 5844120.0 ], [ 589720.0, 5844160.0 ], [ 589800.0, 5844160.0 ], [ 589800.0, 5844200.0 ], [ 589920.0, 5844200.0 ], [ 589920.0, 5844160.0 ], [ 589960.0, 5844160.0 ], [ 589960.0, 5844120.0 ], [ 590120.0, 5844120.0 ], [ 590120.0, 5844160.0 ], [ 590160.0, 5844160.0 ], [ 590160.0, 5844120.0 ], [ 590640.0, 5844120.0 ], [ 590640.0, 5844200.0 ], [ 590600.0, 5844200.0 ], [ 590600.0, 5844280.0 ], [ 590560.0, 5844280.0 ], [ 590560.0, 5844440.0 ], [ 590600.0, 5844440.0 ], [ 590600.0, 5844520.0 ], [ 590640.0, 5844520.0 ], [ 590640.0, 5844560.0 ], [ 590600.0, 5844560.0 ], [ 590600.0, 5844600.0 ], [ 590520.0, 5844600.0 ], [ 590520.0, 5844680.0 ], [ 590480.0, 5844680.0 ], [ 590480.0, 5844720.0 ], [ 590560.0, 5844720.0 ], [ 590560.0, 5844680.0 ], [ 590600.0, 5844680.0 ], [ 590600.0, 5844640.0 ], [ 590640.0, 5844640.0 ], [ 590640.0, 5844600.0 ], [ 590680.0, 5844600.0 ], [ 590680.0, 5844520.0 ], [ 590760.0, 5844520.0 ], [ 590760.0, 5844480.0 ], [ 590800.0, 5844480.0 ], [ 590800.0, 5844560.0 ], [ 590760.0, 5844560.0 ], [ 590760.0, 5844600.0 ], [ 590720.0, 5844600.0 ], [ 590720.0, 5844680.0 ], [ 590760.0, 5844680.0 ], [ 590760.0, 5844720.0 ], [ 590680.0, 5844720.0 ], [ 590680.0, 5844800.0 ], [ 590640.0, 5844800.0 ], [ 590640.0, 5844880.0 ], [ 590520.0, 5844880.0 ], [ 590520.0, 5844840.0 ], [ 590560.0, 5844840.0 ], [ 590560.0, 5844800.0 ], [ 590520.0, 5844800.0 ], [ 590520.0, 5844760.0 ], [ 590480.0, 5844760.0 ], [ 590480.0, 5844800.0 ], [ 590440.0, 5844800.0 ], [ 590440.0, 5844880.0 ], [ 590400.0, 5844880.0 ], [ 590400.0, 5845080.0 ], [ 590360.0, 5845080.0 ], [ 590360.0, 5845120.0 ], [ 590320.0, 5845120.0 ], [ 590320.0, 5845200.0 ], [ 590240.0, 5845200.0 ], [ 590240.0, 5845240.0 ], [ 590200.0, 5845240.0 ], [ 590200.0, 5845280.0 ], [ 590160.0, 5845280.0 ], [ 590160.0, 5845240.0 ], [ 590120.0, 5845240.0 ], [ 590120.0, 5845200.0 ], [ 590080.0, 5845200.0 ], [ 590080.0, 5845160.0 ], [ 589720.0, 5845160.0 ], [ 589720.0, 5845120.0 ], [ 589680.0, 5845120.0 ], [ 589680.0, 5845080.0 ], [ 589600.0, 5845080.0 ], [ 589600.0, 5845040.0 ], [ 589560.0, 5845040.0 ], [ 589560.0, 5845080.0 ], [ 589480.0, 5845080.0 ], [ 589480.0, 5845120.0 ], [ 589440.0, 5845120.0 ], [ 589440.0, 5845200.0 ], [ 589360.0, 5845200.0 ], [ 589360.0, 5845240.0 ], [ 589320.0, 5845240.0 ], [ 589320.0, 5845400.0 ], [ 589280.0, 5845400.0 ], [ 589280.0, 5845440.0 ], [ 589240.0, 5845440.0 ], [ 589240.0, 5845320.0 ], [ 589280.0, 5845320.0 ], [ 589280.0, 5845160.0 ], [ 589320.0, 5845160.0 ], [ 589320.0, 5845040.0 ], [ 589360.0, 5845040.0 ], [ 589360.0, 5845000.0 ], [ 589320.0, 5845000.0 ], [ 589320.0, 5844960.0 ], [ 589200.0, 5844960.0 ], [ 589200.0, 5845000.0 ], [ 589160.0, 5845000.0 ], [ 589160.0, 5845120.0 ], [ 589120.0, 5845120.0 ], [ 589120.0, 5845200.0 ], [ 589080.0, 5845200.0 ], [ 589080.0, 5845320.0 ], [ 589040.0, 5845320.0 ], [ 589040.0, 5845480.0 ], [ 589000.0, 5845480.0 ], [ 589000.0, 5845560.0 ], [ 588840.0, 5845560.0 ], [ 588840.0, 5845600.0 ], [ 588800.0, 5845600.0 ], [ 588800.0, 5845640.0 ], [ 588760.0, 5845640.0 ], [ 588760.0, 5845720.0 ], [ 588720.0, 5845720.0 ], [ 588720.0, 5845800.0 ], [ 588680.0, 5845800.0 ], [ 588680.0, 5845840.0 ], [ 588480.0, 5845840.0 ], [ 588480.0, 5845880.0 ], [ 588440.0, 5845880.0 ], [ 588440.0, 5846000.0 ], [ 588480.0, 5846000.0 ], [ 588480.0, 5845960.0 ], [ 588520.0, 5845960.0 ], [ 588520.0, 5846080.0 ], [ 588360.0, 5846080.0 ], [ 588360.0, 5845960.0 ], [ 588280.0, 5845960.0 ], [ 588280.0, 5845920.0 ], [ 588320.0, 5845920.0 ], [ 588320.0, 5845880.0 ], [ 588280.0, 5845880.0 ], [ 588280.0, 5845760.0 ], [ 588320.0, 5845760.0 ], [ 588320.0, 5845720.0 ], [ 588360.0, 5845720.0 ], [ 588360.0, 5845760.0 ], [ 588400.0, 5845760.0 ], [ 588400.0, 5845720.0 ], [ 588440.0, 5845720.0 ], [ 588440.0, 5845680.0 ], [ 588400.0, 5845680.0 ], [ 588400.0, 5845640.0 ], [ 588360.0, 5845640.0 ], [ 588360.0, 5845480.0 ], [ 588320.0, 5845480.0 ], [ 588320.0, 5845440.0 ], [ 588280.0, 5845440.0 ], [ 588280.0, 5845400.0 ], [ 588120.0, 5845400.0 ], [ 588120.0, 5845440.0 ], [ 588080.0, 5845440.0 ], [ 588080.0, 5845480.0 ], [ 588120.0, 5845480.0 ], [ 588120.0, 5845520.0 ], [ 588080.0, 5845520.0 ], [ 588080.0, 5845640.0 ], [ 588040.0, 5845640.0 ], [ 588040.0, 5845720.0 ], [ 588000.0, 5845720.0 ], [ 588000.0, 5845880.0 ], [ 587880.0, 5845880.0 ], [ 587880.0, 5845800.0 ], [ 587840.0, 5845800.0 ], [ 587840.0, 5845880.0 ], [ 587680.0, 5845880.0 ], [ 587680.0, 5845840.0 ], [ 587640.0, 5845840.0 ], [ 587640.0, 5845760.0 ], [ 587600.0, 5845760.0 ], [ 587600.0, 5845880.0 ], [ 587560.0, 5845880.0 ], [ 587560.0, 5845840.0 ], [ 587440.0, 5845840.0 ], [ 587440.0, 5845800.0 ], [ 587240.0, 5845800.0 ], [ 587240.0, 5845760.0 ], [ 587160.0, 5845760.0 ], [ 587160.0, 5845800.0 ], [ 587120.0, 5845800.0 ], [ 587120.0, 5845840.0 ], [ 587080.0, 5845840.0 ], [ 587080.0, 5846000.0 ], [ 587040.0, 5846000.0 ], [ 587040.0, 5846080.0 ], [ 587000.0, 5846080.0 ], [ 587000.0, 5846280.0 ], [ 586960.0, 5846280.0 ], [ 586960.0, 5846400.0 ], [ 586880.0, 5846400.0 ] ], [ [ 585920.0, 5846080.0 ], [ 585960.0, 5846080.0 ], [ 585960.0, 5845960.0 ], [ 586000.0, 5845960.0 ], [ 586000.0, 5845760.0 ], [ 585960.0, 5845760.0 ], [ 585960.0, 5845880.0 ], [ 585920.0, 5845880.0 ], [ 585920.0, 5846080.0 ] ], [ [ 588360.0, 5845880.0 ], [ 588400.0, 5845880.0 ], [ 588400.0, 5845840.0 ], [ 588360.0, 5845840.0 ], [ 588360.0, 5845880.0 ] ], [ [ 587880.0, 5845720.0 ], [ 587920.0, 5845720.0 ], [ 587920.0, 5845640.0 ], [ 587880.0, 5845640.0 ], [ 587880.0, 5845600.0 ], [ 587840.0, 5845600.0 ], [ 587840.0, 5845680.0 ], [ 587880.0, 5845680.0 ], [ 587880.0, 5845720.0 ] ], [ [ 588720.0, 5845640.0 ], [ 588760.0, 5845640.0 ], [ 588760.0, 5845600.0 ], [ 588720.0, 5845600.0 ], [ 588720.0, 5845640.0 ] ], [ [ 587880.0, 5845600.0 ], [ 587960.0, 5845600.0 ], [ 587960.0, 5845440.0 ], [ 587880.0, 5845440.0 ], [ 587880.0, 5845480.0 ], [ 587920.0, 5845480.0 ], [ 587920.0, 5845560.0 ], [ 587880.0, 5845560.0 ], [ 587880.0, 5845600.0 ] ], [ [ 587240.0, 5845560.0 ], [ 587400.0, 5845560.0 ], [ 587400.0, 5845520.0 ], [ 587440.0, 5845520.0 ], [ 587440.0, 5845400.0 ], [ 587400.0, 5845400.0 ], [ 587400.0, 5845360.0 ], [ 587240.0, 5845360.0 ], [ 587240.0, 5845400.0 ], [ 587200.0, 5845400.0 ], [ 587200.0, 5845520.0 ], [ 587240.0, 5845520.0 ], [ 587240.0, 5845560.0 ] ], [ [ 588560.0, 5845560.0 ], [ 588680.0, 5845560.0 ], [ 588680.0, 5845520.0 ], [ 588720.0, 5845520.0 ], [ 588720.0, 5845480.0 ], [ 588760.0, 5845480.0 ], [ 588760.0, 5845360.0 ], [ 588800.0, 5845360.0 ], [ 588800.0, 5845240.0 ], [ 588840.0, 5845240.0 ], [ 588840.0, 5845160.0 ], [ 588880.0, 5845160.0 ], [ 588880.0, 5845080.0 ], [ 588920.0, 5845080.0 ], [ 588920.0, 5844840.0 ], [ 588880.0, 5844840.0 ], [ 588880.0, 5844800.0 ], [ 588720.0, 5844800.0 ], [ 588720.0, 5844920.0 ], [ 588680.0, 5844920.0 ], [ 588680.0, 5845000.0 ], [ 588640.0, 5845000.0 ], [ 588640.0, 5845120.0 ], [ 588600.0, 5845120.0 ], [ 588600.0, 5845240.0 ], [ 588560.0, 5845240.0 ], [ 588560.0, 5845360.0 ], [ 588520.0, 5845360.0 ], [ 588520.0, 5845520.0 ], [ 588560.0, 5845520.0 ], [ 588560.0, 5845560.0 ] ], [ [ 587560.0, 5845440.0 ], [ 587600.0, 5845440.0 ], [ 587600.0, 5845400.0 ], [ 587560.0, 5845400.0 ], [ 587560.0, 5845440.0 ] ], [ [ 588320.0, 5845160.0 ], [ 588360.0, 5845160.0 ], [ 588360.0, 5845120.0 ], [ 588320.0, 5845120.0 ], [ 588320.0, 5845160.0 ] ], [ [ 585760.0, 5845120.0 ], [ 585800.0, 5845120.0 ], [ 585800.0, 5845080.0 ], [ 585760.0, 5845080.0 ], [ 585760.0, 5845120.0 ] ], [ [ 585840.0, 5845120.0 ], [ 585880.0, 5845120.0 ], [ 585880.0, 5845080.0 ], [ 585840.0, 5845080.0 ], [ 585840.0, 5845120.0 ] ], [ [ 589400.0, 5845120.0 ], [ 589440.0, 5845120.0 ], [ 589440.0, 5845080.0 ], [ 589400.0, 5845080.0 ], [ 589400.0, 5845120.0 ] ], [ [ 589760.0, 5845120.0 ], [ 589800.0, 5845120.0 ], [ 589800.0, 5845080.0 ], [ 589840.0, 5845080.0 ], [ 589840.0, 5844880.0 ], [ 589800.0, 5844880.0 ], [ 589800.0, 5844960.0 ], [ 589760.0, 5844960.0 ], [ 589760.0, 5845120.0 ] ], [ [ 589840.0, 5845120.0 ], [ 589880.0, 5845120.0 ], [ 589880.0, 5845080.0 ], [ 589840.0, 5845080.0 ], [ 589840.0, 5845120.0 ] ], [ [ 585880.0, 5845080.0 ], [ 585920.0, 5845080.0 ], [ 585920.0, 5845040.0 ], [ 585880.0, 5845040.0 ], [ 585880.0, 5845080.0 ] ], [ [ 588320.0, 5845080.0 ], [ 588400.0, 5845080.0 ], [ 588400.0, 5845040.0 ], [ 588320.0, 5845040.0 ], [ 588320.0, 5845080.0 ] ], [ [ 586720.0, 5845040.0 ], [ 586760.0, 5845040.0 ], [ 586760.0, 5845000.0 ], [ 586720.0, 5845000.0 ], [ 586720.0, 5845040.0 ] ], [ [ 587360.0, 5845040.0 ], [ 587400.0, 5845040.0 ], [ 587400.0, 5845000.0 ], [ 587360.0, 5845000.0 ], [ 587360.0, 5845040.0 ] ], [ [ 587640.0, 5845040.0 ], [ 587680.0, 5845040.0 ], [ 587680.0, 5844960.0 ], [ 587720.0, 5844960.0 ], [ 587720.0, 5844880.0 ], [ 587680.0, 5844880.0 ], [ 587680.0, 5844840.0 ], [ 587600.0, 5844840.0 ], [ 587600.0, 5844880.0 ], [ 587560.0, 5844880.0 ], [ 587560.0, 5844920.0 ], [ 587520.0, 5844920.0 ], [ 587520.0, 5844960.0 ], [ 587600.0, 5844960.0 ], [ 587600.0, 5844920.0 ], [ 587640.0, 5844920.0 ], [ 587640.0, 5845040.0 ] ], [ [ 588440.0, 5845040.0 ], [ 588520.0, 5845040.0 ], [ 588520.0, 5845000.0 ], [ 588560.0, 5845000.0 ], [ 588560.0, 5844960.0 ], [ 588480.0, 5844960.0 ], [ 588480.0, 5845000.0 ], [ 588440.0, 5845000.0 ], [ 588440.0, 5845040.0 ] ], [ [ 585840.0, 5845000.0 ], [ 585880.0, 5845000.0 ], [ 585880.0, 5844960.0 ], [ 585840.0, 5844960.0 ], [ 585840.0, 5845000.0 ] ], [ [ 589880.0, 5845000.0 ], [ 589920.0, 5845000.0 ], [ 589920.0, 5844880.0 ], [ 589960.0, 5844880.0 ], [ 589960.0, 5844840.0 ], [ 590000.0, 5844840.0 ], [ 590000.0, 5844720.0 ], [ 590040.0, 5844720.0 ], [ 590040.0, 5844560.0 ], [ 590080.0, 5844560.0 ], [ 590080.0, 5844520.0 ], [ 590120.0, 5844520.0 ], [ 590120.0, 5844400.0 ], [ 590160.0, 5844400.0 ], [ 590160.0, 5844280.0 ], [ 590120.0, 5844280.0 ], [ 590120.0, 5844240.0 ], [ 590000.0, 5844240.0 ], [ 590000.0, 5844200.0 ], [ 589920.0, 5844200.0 ], [ 589920.0, 5844240.0 ], [ 589840.0, 5844240.0 ], [ 589840.0, 5844400.0 ], [ 589800.0, 5844400.0 ], [ 589800.0, 5844560.0 ], [ 589760.0, 5844560.0 ], [ 589760.0, 5844680.0 ], [ 589800.0, 5844680.0 ], [ 589800.0, 5844720.0 ], [ 589840.0, 5844720.0 ], [ 589840.0, 5844880.0 ], [ 589880.0, 5844880.0 ], [ 589880.0, 5845000.0 ] ], [ [ 587160.0, 5844960.0 ], [ 587200.0, 5844960.0 ], [ 587200.0, 5844920.0 ], [ 587240.0, 5844920.0 ], [ 587240.0, 5844800.0 ], [ 587200.0, 5844800.0 ], [ 587200.0, 5844880.0 ], [ 587160.0, 5844880.0 ], [ 587160.0, 5844960.0 ] ], [ [ 588160.0, 5844840.0 ], [ 588240.0, 5844840.0 ], [ 588240.0, 5844800.0 ], [ 588160.0, 5844800.0 ], [ 588160.0, 5844840.0 ] ], [ [ 588560.0, 5844840.0 ], [ 588600.0, 5844840.0 ], [ 588600.0, 5844760.0 ], [ 588560.0, 5844760.0 ], [ 588560.0, 5844840.0 ] ], [ [ 587720.0, 5844720.0 ], [ 587760.0, 5844720.0 ], [ 587760.0, 5844680.0 ], [ 587800.0, 5844680.0 ], [ 587800.0, 5844600.0 ], [ 587760.0, 5844600.0 ], [ 587760.0, 5844560.0 ], [ 587720.0, 5844560.0 ], [ 587720.0, 5844600.0 ], [ 587680.0, 5844600.0 ], [ 587680.0, 5844640.0 ], [ 587640.0, 5844640.0 ], [ 587640.0, 5844680.0 ], [ 587720.0, 5844680.0 ], [ 587720.0, 5844720.0 ] ], [ [ 588920.0, 5844640.0 ], [ 588960.0, 5844640.0 ], [ 588960.0, 5844600.0 ], [ 588920.0, 5844600.0 ], [ 588920.0, 5844640.0 ] ], [ [ 589360.0, 5844560.0 ], [ 589400.0, 5844560.0 ], [ 589400.0, 5844520.0 ], [ 589360.0, 5844520.0 ], [ 589360.0, 5844560.0 ] ], [ [ 589520.0, 5844560.0 ], [ 589560.0, 5844560.0 ], [ 589560.0, 5844520.0 ], [ 589520.0, 5844520.0 ], [ 589520.0, 5844560.0 ] ], [ [ 589440.0, 5844400.0 ], [ 589480.0, 5844400.0 ], [ 589480.0, 5844360.0 ], [ 589440.0, 5844360.0 ], [ 589440.0, 5844400.0 ] ], [ [ 589480.0, 5844360.0 ], [ 589520.0, 5844360.0 ], [ 589520.0, 5844320.0 ], [ 589480.0, 5844320.0 ], [ 589480.0, 5844360.0 ] ], [ [ 589000.0, 5844320.0 ], [ 589040.0, 5844320.0 ], [ 589040.0, 5844280.0 ], [ 589000.0, 5844280.0 ], [ 589000.0, 5844320.0 ] ], [ [ 589280.0, 5844320.0 ], [ 589360.0, 5844320.0 ], [ 589360.0, 5844280.0 ], [ 589280.0, 5844280.0 ], [ 589280.0, 5844320.0 ] ], [ [ 587640.0, 5844280.0 ], [ 587680.0, 5844280.0 ], [ 587680.0, 5844240.0 ], [ 587640.0, 5844240.0 ], [ 587640.0, 5844280.0 ] ], [ [ 588160.0, 5844200.0 ], [ 588200.0, 5844200.0 ], [ 588200.0, 5844160.0 ], [ 588160.0, 5844160.0 ], [ 588160.0, 5844200.0 ] ], [ [ 590040.0, 5844200.0 ], [ 590080.0, 5844200.0 ], [ 590080.0, 5844160.0 ], [ 590040.0, 5844160.0 ], [ 590040.0, 5844200.0 ] ] ] } },
{ "type": "Feature", "properties": { "zone": "D", "name": "Zone D: Upland Baseline (10,750 px)", "code": 4, "n_pixels": 10750 }, "geometry": { "type": "Polygon", "coordinates": [ [ [ 590800.0, 5844160.0 ], [ 590800.0, 5844120.0 ], [ 590840.0, 5844120.0 ], [ 590840.0, 5844160.0 ], [ 590800.0, 5844160.0 ] ] ] } }
]
}
